3800
3800
3800
3800
3800
3800
3800
3800
3800
3800
3800
3800
3800
3800
3800
3800
3800
3800
3800
3800
3800
3800
3800
3800
3800
3800
3800
3800
3800
3800
3800
3800
3800
3800
3800
3800
3800
3800
3800
3800
3800
3800
3800
3800
3800
3800
3800
3800
3800
3800
3800
3800
3800
3800
3800
3800
3800
3800
3800
3800
3800
3800
3800
3800
3800
3800
3800
3800
3800
3800
3800
3800
3800
3800
3800
3800
3800
3800
3800
3800
3800
3800
3800
3800
3800
3800
3800
3800
3800
3800
3800
3800
3800
3800
3800
3800
3800
3800
3800
3800
3800
3800
3800
3800
3800
3800
3800
3800
3800
3800
3800
3800
3800
3800
3800
3800
3800
3800
3800
3800
3800
3800
3800
3800
3800
3800
3800
3800
3800
3800
3800
3800
3800
3800
3800
3800
3800
3800
3800
3800
3800
3800
3800
3800
3800
3800
3800
3800
3800
3800
3800
3800
3800
3800
3800
3800
3800
3800
3800
3800
3800
3800
3800
3800
3800
3800
3800
3800
3800
3800
3800
3800
3800
3800
3800
3800
3800
3800
3800
3800
3800
3800
3800
3800
3800
3800
3800
3800
3800
3800
3800
3800
3800
3800
3800
3800
3800
3800
3800
3800
3800
3800
3800
3800
3800
3800
3800
3800
3800
3800
3800
3800
3800
3800
3800
3800
3800
3800
3800
3800
3800
3800
3800
3800
3800
3800
3800
3800
3800
3800
3800
3800
3800
3800
3800
3800
3800
3800
3800
3800
3800
3800
3800
3800
3800
3800
3800
3800
3800
3800
3800
3800
3800
3800
3800
3800
3800
3800
3800
3800
3800
3800
3800
3800
3800
3800
3800
3800
3800
3800
3800
3800
3800
3800
3800
3800
3800
3800
3800
3800
3800
3800
3800
3800
3800
3800
3800
3800
3800
3800
3800
3800
3800
3800
3800
3800
3800
3800
3800
3800
3800
3800
3800
3800
3800
3800
3800
3800
3800
3800
3800
3800
3800
3800
3800
3800
3800
3800
3800
3800
3800
3800
3800
3800
3800
3800
3800
3800
3800
3800
3800
3800
3800
3800
3800
3800
3800
3800
3800
3800
3800
3800
3800
3800
3800
3800
3800
3800
3800
3800
3800
3800
3800
3800
3800
3800
3800
3800
3800
3800
3800
3800
3800
3800
3800
3800
3800
3800
3800
3800
3800
3800
3800
3800
3800
3800
3800
3800
3800
3800
3800
3800
3800
3800
3800
3800
3800
3800
3800
3800
3800
3800
3800
3800
3800
3800
3800
3800
3800
3800
3800
3800
3800
3800
3800
3800
3800
3800
3800
3800
3800
3800
3800
3800
3800
3800
3800
3800
3800
3800
3800
3800
3800
3800
3800
3800
3800
3800
3800
3800
3800
3800
3800
3800
3800
3800
3800
3800
3800
3800
3800
3800
3800
3800
3800
3800
3800
3800
3800
3800
3800
3800
3800
3800
3800
3800
3800
3800
3800
3800
3800
3800
3800
3800
3800
3800
3800
3800
3800
3800
3800
3800
3800
3800
3800
3800
3800
3800
3800
3800
3800
3800
3800
3800
3800
3800
3800
3800
3800
3800
3800
3800
3800
3800
3800
3800
3800
3800
3800
3800
3800
3800
3800
3800
3800
3800
3800
3800
3800
3800
3800
3800
3800
3800
3800
3800
3800
3800
3800
3800
3800
3800
3800
3800
3800
3800
3800
3800
3800
3800
3800
3800
3800
3800
3800
3800
3800
3800
3800
3800
3800
3800
3800
3800
3800
3800
3800
3800
3800
3800
3800
3800
3800
3800
3800
3800
3800
3800
3800
3800
3800
3800
3800
3800
3800
3800
3800
3800
3800
3800
3800
3800
3800
3800
3800
3800
3800
3800
3800
3800
3800
3800
3800
3800
3800
3800
3800
3800
3800
3800
3800
3800
3800
3800
3800
3800
3800
3800
3800
3800
3800
3800
3800
3800
3800
3800
3800
3800
3800
3800
3800
3800
3800
3800
3800
3800
3800
3800
3800
3800
3800
3800
3800
3800
3800
3800
3800
3800
3800
3800
3800
3800
3800
3800
3800
3800
3800
3800
3800
3800
3800
3800
3800
3800
3800
3800
3800
3800
3800
3800
3800
3800
3800
3800
3800
3800
3800
3800
3800
3800
3800
3800
3800
3800
3800
3800
3800
3800
3800
3800
3800
3800
3800
3800
3800
3800
3800
3800
3800
3800
3800
3800
3800
3800
3800
3800
3800
3800
3800
3800
3800
3800
3800
3800
3800
3800
3800
3800
3800
3800
3800
3800
3800
3800
3800
3800
3800
3800
3800
3800
3800
3800
3800
3800
3800
3800
3800
3800
3800
3800
3800
3800
3800
3800
3800
3800
3800
3800
3800
3800
3800
3800
3800
3800
3800
3800
3800
3800
3800
3800
3800
3800
3800
3800
3800
3800
3800
3800
3800
3800
3800
3800
3800
3800
3800
3800
3800
3800
3800
3800
3800
3800
3800
3800
3800
3800
3800
3800
3800
3800
3800
3800
3800
3800
3800
3800
3800
3800
3800
3800
3800
3800
3800
3800
3800
3800
3800
3800
3800
3800
3800
3800
3800
3800
3800
3800
3800
3800
3800
3800
3800
3800
3800
3800
3800
3800
3800
3800
3800
3800
3800
3800
3800
3800
3800
3800
3800
3800
3800
3800
3800
3800
3800
3800
3800
3800
3800
3800
3800
3800
3800
3800
3800
3800
3800
3800
3800
3800
3800
3800
3800
3800
3800
3800
3800
3800
3800
3800
3800
3800
3800
3800
3800
3800
3800
3800
3800
3800
3800
3800
3800
3800
3800
3800
3800
3800
3800
3800
3800
3800
3800
3800
3800
3800
3800
3800
3800
3800
3800
3800
3800
3800
3800
3800
3800
3800
3800
3800
3800
3800
3800
3800
3800
3800
3800
3800
3800
3800
3800
3800
3800
3800
3800
3800
3800
3800
3800
3800
3800
3800
3800
3800
3800
3800
3800
3800
3800
3800
3800
3800
3800
3800
3800
3800
3800
3800
3800
3800
3800
3800
3800
3800
3800
3800
3800
3800
3800
3800
3800
3800
3800
3800
3800
3800
3800
3800
3800
3800
3800
3800
3800
3800
3800
3800
3800
3800
3800
3800
3800
3800
3800
3800
3800
3800
3800
3800
3800
3800
3800
3800
3800
3800
3800
3800
3800
3800
3800
3800
3800
3800
3800
3800
3800
3800
3800
3800
3800
3800
3800
3800
3800
3800
3800
3800
3800
3800
3800
3800
3800
3800
3800
3800
3800
3800
3800
3800
3800
3800
3800
3800
3800
3800
3800
3800
3800
3800
3800
3800
3800
3800
3800
3800
3800
3800
3800
3800
3800
3800
3800
3800
3800
3800
3800
3800
3800
3800
3800
3800
3800
3800
3800
3800
3800
3800
3800
3800
3800
3800
3800
3800
3800
3800
3800
3800
3800
3800
3800
3800
3800
3800
3800
3800
3800
3800
3800
3800
3800
3800
3800
3800
3800
3800
3800
3800
3800
3800
3800
3800
3800
3800
3800
3800
3800
3800
3800
3800
3800
3800
3800
3800
3800
3800
3800
3800
3800
3800
3800
3800
3800
3800
3800
3800
3800
3800
3800
3800
3800
3800
3800
3800
3800
3800
3800
3800
3800
3800
3800
3800
3800
3800
3800
3800
3800
3800
3800
3800
3800
3800
3800
3800
3800
3800
3800
3800
3800
3800
3800
3800
3800
3800
3800
3800
3800
3800
3800
3800
3800
3800
3800
3800
3800
3800
3800
3800
3800
3800
3800
3800
3800
3800
3800
3800
3800
3800
3800
3800
3800
3800
3800
3800
3800
3800
3800
3800
3800
3800
3800
3800
3800
3800
3800
3800
3800
3800
3800
3800
3800
3800
3800
3800
3800
3800
3800
3800
3800
3800
3800
3800
3800
3800
3800
3800
3800
3800
3800
3800
3800
3800
3800
3800
3800
3800
3800
3800
3800
3800
3800
3800
3800
3800
3800
3800
3800
3800
3800
3800
3800
3800
3800
3800
3800
3800
3800
3800
3800
3800
3800
3800
3800
3800
3800
3800
3800
3800
3800
3800
3800
3800
3800
3800
3800
3800
3800
3800
3800
3800
3800
3800
3800
3800
3800
3800
3800
3800
3800
3800
3800
3800
3800
3800
3800
3800
3800
3800
3800
3800
3800
3800
3800
3800
3800
3800
3800
3800
3800
3800
3800
3800
3800
3800
3800
3800
3800
3800
3800
3800
3800
3800
3800
3800
3800
3800
3800
3800
3800
3800
3800
3800
3800
3800
3800
3800
3800
3800
3800
3800
3800
3800
3800
3800
3800
3800
3800
3800
3800
3800
3800
3800
3800
3800
3800
3800
3800
3800
3800
3800
3800
3800
3800
3800
3800
3800
3800
3800
3800
3800
3800
3800
3800
3800
3800
3800
3800
3800
3800
3800
3800
3800
3800
3800
3800
3800
3800
3800
3800
3800
3800
3800
3800
3800
3800
3800
3800
3800
3800
3800
3800
3800
3800
3800
3800
3800
3800
3800
3800
3800
3800
3800
3800
3800
3800
3800
3800
3800
3800
3800
3800
3800
3800
3800
3800
3800
3800
3800
3800
3800
3800
3800
3800
3800
3800
3800
3800
3800
3800
3800
3800
3800
3800
3800
3800
3800
3800
3800
3800
3800
3800
3800
3800
3800
3800
3800
3800
3800
3800
3800
3800
3800
3800
3800
3800
3800
3800
3800
3800
3800
3800
3800
3800
3800
3800
3800
3800
3800
3800
3800
3800
3800
3800
3800
3800
3800
3800
3800
3800
3800
3800
3800
3800
3800
3800
3800
3800
3800
3800
3800
3800
3800
3800
3800
3800
3800
3800
3800
3800
3800
3800
3800
3800
3800
3800
3800
3800
3800
3800
3800
3800
3800
3800
3800
3800
3800
3800
3800
3800
3800
3800
3800
3800
3800
3800
3800
3800
3800
3800
3800
3800
3800
3800
3800
3800
3800
3800
3800
3800
3800
3800
3800
3800
3800
3800
3800
3800
3800
3800
3800
3800
3800
3800
3800
3800
3800
3800
3800
3800
3800
3800
3800
3800
3800
3800
3800
3800
3800
3800
3800
3800
3800
3800
3800
3800
3800
3800
3800
3800
3800
3800
3800
3800
3800
3800
3800
3800
3800
3800
3800
3800
3800
3800
3800
3800
3800
3800
3800
3800
3800
3800
3800
3800
3800
3800
3800
3800
3800
3800
3800
3800
3800
3800
3800
3800
3800
3800
3800
3800
3800
3800
3800
3800
3800
3800
3800
3800
3800
3800
3800
3800
3800
3800
3800
3800
3800
3800
3800
3800
3800
3800
3800
3800
3800
3800
3800
3800
3800
3800
3800
3800
3800
3800
3800
3800
3800
3800
3800
3800
3800
3800
3800
3800
3800
3800
3800
3800
3800
3800
3800
3800
3800
3800
3800
3800
3800
3800
3800
3800
3800
3800
3800
3800
3800
3800
3800
3800
3800
3800
3800
3800
3800
3800
3800
3800
3800
3800
3800
3800
3800
3800
3800
3800
3800
3800
3800
3800
3800
3800
3800
3800
3800
3800
3800
3800
3800
3800
3800
3800
3800
3800
3800
3800
3800
3800
3800
3800
3800
3800
3800
3800
3800
3800
3800
3800
3800
3800
3800
3800
3800
3800
3800
3800
3800
3800
3800
3800
3800
3800
3800
3800
3800
3800
3800
3800
3800
3800
3800
3800
3800
3800
3800
3800
3800
3800
3800
3800
3800
3800
3800
3800
3800
3800
3800
3800
3800
3800
3800
3800
3800
3800
3800
3800
3800
3800
3800
3800
3800
3800
3800
3800
3800
3800
3800
3800
3800
3800
3800
3800
3800
3800
3800
3800
3800
3800
3800
3800
3800
3800
3800
3800
3800
3800
3800
3800
3800
3800
3800
3800
3800
3800
3800
3800
3800
3800
3800
3800
3800
3800
3800
3800
3800
3800
3800
3800
3800
3800
3800
3800
3800
3800
3800
3800
3800
3800
3800
3800
3800
3800
3800
3800
3800
3800
3800
3800
3800
3800
3800
3800
3800
3800
3800
3800
3800
3800
3800
3800
3800
3800
3800
3800
3800
3800
3800
3800
3800
3800
3800
3800
3800
3800
3800
3800
3800
3800
3800
3800
3800
3800
3800
3800
3800
3800
3800
3800
3800
3800
3800
3800
3800
3800
3800
3800
3800
3800
3800
3800
3800
3800
3800
3800
3800
3800
3800
3800
3800
3800
3800
3800
3800
3800
3800
3800
3800
3800
3800
3800
3800
3800
3800
3800
3800
3800
3800
3800
3800
3800
3800
3800
3800
3800
3800
3800
3800
3800
3800
3800
3800
3800
3800
3800
3800
3800
3800
3800
3800
3800
3800
3800
3800
3800
3800
3800
3800
3800
3800
3800
3800
3800
3800
3800
3800
3800
3800
3800
3800
3800
3800
3800
3800
3800
3800
3800
3800
3800
3800
3800
3800
3800
3800
3800
3800
3800
3800
3800
3800
3800
3800
3800
3800
3800
3800
3800
3800
3800
3800
3800
3800
3800
3800
3800
3800
3800
3800
3800
3800
3800
3800
3800
3800
3800
3800
3800
3800
3800
3800
3800
3800
3800
3800
3800
3800
3800
3800
3800
3800
3800
3800
3800
3800
3800
3800
3800
3800
3800
3800
3800
3800
3800
3800
3800
3800
3800
3800
3800
3800
3800
3800
3800
3800
3800
3800
3800
3800
3800
3800
3800
3800
3800
3800
3800
3800
3800
3800
3800
3800
3800
3800
3800
3800
3800
3800
3800
3800
3800
3800
3800
3800
3800
3800
3800
3800
3800
3800
3800
3800
3800
3800
3800
3800
3800
3800
3800
3800
3800
3800
3800
3800
3800
3800
3800
3800
3800
3800
3800
3800
3800
3800
3800
3800
3800
3800
3800
3800
3800
3800
3800
3800
3800
3800
3800
3800
3800
3800
3800
3800
3800
3800
3800
3800
3800
3800
3800
3800
3800
3800
3800
3800
3800
3800
3800
3800
3800
3800
3800
3800
3800
3800
3800
3800
3800
3800
3800
3800
3800
3800
3800
3800
3800
3800
3800
3800
3800
3800
3800
3800
3800
3800
3800
3800
3800
3800
3800
3800
3800
3800
3800
3800
3800
3800
3800
3800
3800
3800
3800
3800
3800
3800
3800
3800
3800
3800
3800
3800
3800
3800
3800
3800
3800
3800
3800
3800
3800
3800
3800
3800
3800
3800
3800
3800
3800
3800
3800
3800
3800
3800
3800
3800
3800
3800
3800
3800
3800
3800
3800
3800
3800
3800
3800
3800
3800
3800
3800
3800
3800
3800
3800
3800
3800
3800
3800
3800
3800
3800
3800
3800
3800
3800
3800
3800
3800
3800
3800
3800
3800
3800
3800
3800
3800
3800
3800
3800
3800
3800
3800
3800
3800
3800
3800
3800
3800
3800
3800
3800
3800
3800
3800
3800
3800
3800
3800
3800
3800
3800
3800
3800
3800
3800
3800
3800
3800
3800
3800
3800
3800
3800
3800
3800
3800
3800
3800
3800
3800
3800
3800
3800
3800
3800
3800
3800
3800
3800
3800
3800
3800
3800
3800
3800
3800
3800
3800
3800
3800
3800
3800
3800
3800
3800
3800
3800
3800
3800
3800
3800
3800
3800
3800
3800
3800
3800
3800
3800
3800
3800
3800
3800
3800
3800
3800
3800
3800
3800
3800
3800
3800
3800
3800
3800
3800
3800
3800
3800
3800
3800
3800
3800
3800
3800
3800
3800
3800
3800
3800
3800
3800
3800
3800
3800
3800
3800
3800
3800
3800
3800
3800
3800
3800
3800
3800
3800
3800
3800
3800
3800
3800
3800
3800
3800
3800
3800
3800
3800
3800
3800
3800
3800
3800
3800
3800
3800
3800
3800
3800
3800
3800
3800
3800
3800
3800
3800
3800
3800
3800
3800
3800
3800
3800
3800
3800
3800
3800
3800
3800
3800
3800
3800
3800
3800
3800
3800
3800
3800
3800
3800
3800
3800
3800
3800
3800
3800
3800
3800
3800
3800
3800
3800
3800
3800
3800
3800
3800
3800
3800
3800
3800
3800
3800
3800
3800
3800
3800
3800
3800
3800
3800
3800
3800
3800
3800
3800
3800
3800
3800
3800
3800
3800
3800
3800
3800
3800
3800
3800
3800
3800
3800
3800
3800
3800
3800
3800
3800
3800
3800
3800
3800
3800
3800
3800
3800
3800
3800
3800
3800
3800
3800
3800
3800
3800
3800
3800
3800
3800
3800
3800
3800
3800
3800
3800
3800
3800
3800
3800
3800
3800
3800
3800
3800
3800
3800
3800
3800
3800
3800
3800
3800
3800
3800
3800
3800
3800
3800
3800
3800
3800
3800
3800
3800
3800
3800
3800
3800
3800
3800
3800
3800
3800
3800
3800
3800
3800
3800
3800
3800
3800
3800
3800
3800
3800
3800
3800
3800
3800
3800
3800
3800
3800
3800
3800
3800
3800
3800
3800
3800
3800
3800
3800
3800
3800
3800
3800
3800
3800
3800
3800
3800
3800
3800
3800
3800
3800
3800
3800
3800
3800
3800
3800
3800
3800
3800
3800
3800
3800
3800
3800
3800
3800
3800
3800
3800
3800
3800
3800
3800
3800
3800
3800
3800
3800
3800
3800
3800
3800
3800
3800
3800
3800
3800
3800
3800
3800
3800
3800
3800
3800
3800
3800
3800
3800
3800
3800
3800
3800
3800
3800
3800
3800
3800
3800
3800
3800
3800
3800
3800
3800
3800
3800
3800
3800
3800
3800
3800
3800
3800
3800
3800
3800
3800
3800
3800
3800
3800
3800
3800
3800
3800
3800
3800
3800
3800
3800
3800
3800
3800
3800
3800
3800
3800
3800
3800
3800
3800
3800
3800
3800
3800
3800
3800
3800
3800
3800
3800
3800
3800
3800
3800
3800
3800
3800
3800
3800
3800
3800
3800
3800
3800
3800
3800
3800
3800
3800
3800
3800
3800
3800
3800
3800
3800
3800
3800
3800
3800
3800
3800
3800
3800
3800
3800
3800
3800
3800
3800
3800
3800
3800
3800
3800
3800
3800
3800
3800
3800
3800
3800
3800
3800
3800
3800
3800
3800
3800
3800
3800
3800
3800
3800
3800
3800
3800
3800
3800
3800
3800
3800
3800
3800
3800
3800
3800
3800
3800
3800
3800
3800
3800
3800
3800
3800
3800
3800
3800
3800
3800
3800
3800
3800
3800
3800
3800
3800
3800
3800
3800
3800
3800
3800
3800
3800
3800
3800
3800
3800
3800
3800
3800
3800
3800
3800
3800
3800
3800
3800
3800
3800
3800
3800
3800
3800
3800
3800
3800
3800
3800
3800
3800
3800
3800
3800
3800
3800
3800
3800
3800
3800
3800
3800
3800
3800
3800
3800
3800
3800
3800
3800
3800
3800
3800
3800
3800
3800
3800
3800
3800
3800
3800
3800
3800
3800
3800
3800
3800
3800
3800
3800
3800
3800
3800
3800
3800
3800
3800
3800
3800
3800
3800
3800
3800
3800
3800
3800
3800
3800
3800
3800
3800
3800
3800
3800
3800
3800
3800
3800
3800
3800
3800
3800
3800
3800
3800
3800
3800
3800
3800
3800
3800
3800
3800
3800
3800
3800
3800
3800
3800
3800
3800
3800
3800
3800
3800
3800
3800
3800
3800
3800
3800
3800
3800
3800
3800
3800
3800
3800
3800
3800
3800
3800
3800
3800
3800
3800
3800
3800
3800
3800
3800
3800
3800
3800
3800
3800
3800
3800
3800
3800
3800
3800
3800
3800
3800
3800
3800
3800
3800
3800
3800
3800
3800
3800
3800
3800
3800
3800
3800
3800
3800
3800
3800
3800
3800
3800
3800
3800
3800
3800
3800
3800
3800
3800
3800
3800
3800
3800
3800
3800
3800
3800
3800
3800
3800
3800
3800
3800
3800
3800
3800
3800
3800
3800
3800
3800
3800
3800
3800
3800
3800
3800
3800
3800
3800
3800
3800
3800
3800
3800
3800
3800
3800
3800
3800
3800
3800
3800
3800
3800
3800
3800
3800
3800
3800
3800
3800
3800
3800
3800
3800
3800
3800
3800
3800
3800
3800
3800
3800
3800
3800
3800
3800
3800
3800
3800
3800
3800
3800
3800
3800
3800
3800
3800
3800
3800
3800
3800
3800
3800
3800
3800
3800
3800
3800
3800
3800
3800
3800
3800
3800
3800
3800
3800
3800
3800
3800
3800
3800
3800
3800
3800
3800
3800
3800
3800
3800
3800
3800
3800
3800
3800
3800
3800
3800
3800
3800
3800
3800
3800
3800
3800
3800
3800
3800
3800
3800
3800
3800
3800
3800
3800
3800
3800
3800
3800
3800
3800
3800
3800
3800
3800
3800
3800
3800
3800
3800
3800
3800
3800
3800
3800
3800
3800
3800
3800
3800
3800
3800
3800
3800
3800
3800
3800
3800
3800
3800
3800
3800
3800
3800
3800
3800
3800
3800
3800
3800
3800
3800
3800
3800
3800
3800
3800
3800
3800
3800
3800
3800
3800
3800
3800
3800
3800
3800
3800
3800
3800
3800
3800
3800
3800
3800
3800
3800
3800
3800
3800
3800
3800
3800
3800
3800
3800
3800
3800
3800
3800
3800
3800
3800
3800
3800
3800
3800
3800
3800
3800
3800
3800
3800
3800
3800
3800
3800
3800
3800
3800
3800
3800
3800
3800
3800
3800
3800
3800
3800
3800
3800
3800
3800
3800
3800
3800
3800
3800
3800
3800
3800
3800
3800
3800
3800
3800
3800
3800
3800
3800
3800
3800
3800
3800
3800
3800
3800
3800
3800
3800
3800
3800
3800
3800
3800
3800
3800
3800
3800
3800
3800
3800
3800
3800
3800
3800
3800
3800
3800
3800
3800
3800
3800
3800
3800
3800
3800
3800
3800
3800
3800
3800
3800
3800
3800
3800
3800
3800
3800
3800
3800
3800
3800
3800
3800
3800
3800
3800
3800
3800
3800
3800
3800
3800
3800
3800
3800
3800
3800
3800
3800
3800
3800
3800
3800
3800
3800
3800
3800
3800
3800
3800
3800
3800
3800
3800
3800
3800
3800
3800
3800
3800
3800
3800
3800
3800
3800
3800
3800
3800
3800
3800
3800
3800
3800
3800
3800
3800
3800
3800
3800
3800
3800
3800
3800
3800
3800
3800
3800
3800
3800
3800
3800
3800
3800
3800
3800
3800
3800
3800
3800
3800
3800
3800
3800
3800
3800
3800
3800
3800
3800
3800
3800
3800
3800
3800
3800
3800
3800
3800
3800
3800
3800
3800
3800
3800
3800
3800
3800
3800
3800
3800
3800
3800
3800
3800
3800
3800
3800
3800
3800
3800
3800
3800
3800
3800
3800
3800
3800
3800
3800
3800
3800
3800
3800
3800
3800
3800
3800
3800
3800
3800
3800
3800
3800
3800
3800
3800
3800
3800
3800
3800
3800
3800
3800
3800
3800
3800
3800
3800
3800
3800
3800
3800
3800
3800
3800
3800
3800
3800
3800
3800
3800
3800
3800
3800
3800
3800
3800
3800
3800
3800
3800
3800
3800
3800
3800
3800
3800
3800
3800
3800
3800
3800
3800
3800
3800
3800
3800
3800
3800
3800
3800
3800
3800
3800
3800
3800
3800
3800
3800
3800
3800
3800
3800
3800
3800
3800
3800
3800
3800
3800
3800
3800
3800
3800
3800
3800
3800
3800
3800
3800
3800
3800
3800
3800
3800
3800
3800
3800
3800
3800
3800
3800
3800
3800
3800
3800
3800
3800
3800
3800
3800
3800
3800
3800
3800
3800
3800
3800
3800
3800
3800
3800
3800
3800
3800
3800
3800
3800
3800
3800
3800
3800
3800
3800
3800
3800
3800
3800
3800
3800
3800
3800
3800
3800
3800
3800
3800
3800
3800
3800
3800
3800
3800
3800
3800
3800
3800
3800
3800
3800
3800
3800
3800
3800
3800
3800
3800
3800
3800
3800
3800
3800
3800
3800
3800
3800
3800
3800
3800
3800
3800
3800
3800
3800
3800
3800
3800
3800
3800
3800
3800
3800
3800
3800
3800
3800
3800
3800
3800
3800
3800
3800
3800
3800
3800
3800
3800
3800
3800
3800
3800
3800
3800
3800
3800
3800
3800
3800
3800
3800
3800
3800
3800
3800
3800
3800
3800
3800
3800
3800
3800
3800
3800
3800
3800
3800
3800
3800
3800
3800
3800
3800
3800
3800
3800
3800
3800
3800
3800
3800
3800
3800
3800
3800
3800
3800
3800
3800
3800
3800
3800
3800
3800
3800
3800
3800
3800
3800
3800
3800
3800
3800
3800
3800
3800
3800
3800
3800
3800
3800
3800
3800
3800
3800
3800
3800
3800
3800
3800
3800
3800
3800
3800
3800
3800
3800
3800
3800
3800
3800
3800
3800
3800
3800
3800
3800
3800
3800
3800
3800
3800
3800
3800
3800
3800
3800
3800
3800
3800
3800
3800
3800
3800
3800
3800
3800
3800
3800
3800
3800
3800
3800
3800
3800
3800
3800
3800
3800
3800
3800
3800
3800
3800
3800
3800
3800
3800
3800
3800
3800
3800
3800
3800
3800
3800
3800
3800
3800
3800
3800
3800
3800
3800
3800
3800
3800
3800
3800
3800
3800
3800
3800
3800
3800
3800
3800
3800
3800
3800
3800
3800
3800
3800
3800
3800
3800
3800
3800
3800
3800
3800
3800
3800
3800
3800
3800
3800
3800
3800
3800
3800
3800
3800
3800
3800
3800
3800
3800
3800
3800
3800
3800
3800
3800
3800
3800
3800
3800
3800
3800
3800
3800
3800
3800
3800
3800
3800
3800
3800
3800
3800
3800
3800
3800
3800
3800
3800
3800
3800
3800
3800
3800
3800
3800
3800
3800
3800
3800
3800
3800
3800
3800
3800
3800
3800
3800
3800
3800
3800
3800
3800
3800
3800
3800
3800
3800
3800
3800
3800
3800
3800
3800
3800
3800
3800
3800
3800
3800
3800
3800
3800
3800
3800
3800
3800
3800
3800
3800
3800
3800
3800
3800
3800
3800
3800
3800
3800
3800
3800
3800
3800
3800
3800
3800
3800
3800
3800
3800
3800
3800
3800
3800
3800
3800
3800
3800
3800
3800
3800
3800
3800
3800
3800
3800
3800
3800
3800
3800
3800
3800
3800
3800
3800
3800
3800
3800
3800
3800
3800
3800
3800
3800
3800
3800
3800
3800
3800
3800
3800
3800
3800
3800
3800
3800
3800
3800
3800
3800
3800
3800
3800
3800
3800
3800
3800
3800
3800
3800
3800
3800
3800
3800
3800
3800
3800
3800
3800
3800
3800
3800
3800
3800
3800
3800
3800
3800
3800
3800
3800
3800
3800
3800
3800
3800
3800
3800
3800
3800
3800
3800
3800
3800
3800
3800
3800
3800
3800
3800
3800
3800
3800
3800
3800
3800
3800
3800
3800
3800
3800
3800
3800
3800
3800
3800
3800
3800
3800
3800
3800
3800
3800
3800
3800
3800
3800
3800
3800
3800
3800
3800
3800
3800
3800
3800
3800
3800
3800
3800
3800
3800
3800
3800
3800
3800
3800
3800
3800
3800
3800
3800
3800
3800
3800
3800
3800
3800
3800
3800
3800
3800
3800
3800
3800
3800
3800
3800
3800
3800
3800
3800
3800
3800
3800
3800
3800
3800
3800
3800
3800
3800
3800
3800
3800
3800
3800
3800
3800
3800
3800
3800
3800
3800
3800
3800
3800
3800
3800
3800
3800
3800
3800
3800
3800
3800
3800
3800
3800
3800
3800
3800
3800
3800
3800
3800
3800
3800
3800
3800
3800
3800
3800
3800
3800
3800
3800
3800
3800
3800
3800
3800
3800
3800
3800
3800
3800
3800
3800
3800
3800
3800
3800
3800
3800
3800
3800
3800
3800
3800
3800
3800
3800
3800
3800
3800
3800
3800
3800
3800
3800
3800
3800
3800
3800
3800
3800
3800
3800
3800
3800
3800
3800
3800
3800
3800
3800
3800
3800
3800
3800
3800
3800
3800
3800
3800
3800
3800
3800
3800
3800
3800
3800
3800
3800
3800
3800
3800
3800
3800
3800
3800
3800
3800
3800
3800
3800
3800
3800
3800
3800
3800
3800
3800
3800
3800
3800
3800
3800
3800
3800
3800
3800
3800
3800
3800
3800
3800
3800
3800
3800
3800
3800
3800
3800
3800
3800
3800
3800
3800
3800
3800
3800
3800
3800
3800
3800
3800
3800
3800
3800
3800
3800
3800
3800
3800
3800
3800
3800
3800
3800
3800
3800
3800
3800
3800
3800
3800
3800
3800
3800
3800
3800
3800
3800
3800
3800
3800
3800
3800
3800
3800
3800
3800
3800
3800
3800
3800
3800
3800
3800
3800
3800
3800
3800
3800
3800
3800
3800
3800
3800
3800
3800
3800
3800
3800
3800
3800
3800
3800
3800
3800
3800
3800
3800
3800
3800
3800
3800
3800
3800
3800
3800
3800
3800
3800
3800
3800
3800
3800
3800
3800
3800
3800
3800
3800
3800
3800
3800
3800
3800
3800
3800
3800
3800
3800
3800
3800
3800
3800
3800
3800
3800
3800
3800
3800
3800
3800
3800
3800
3800
3800
3800
3800
3800
3800
3800
3800
3800
3800
3800
3800
3800
3800
3800
3800
3800
3800
3800
3800
3800
3800
3800
3800
3800
3800
3800
3800
3800
3800
3800
3800
3800
3800
3800
3800
3800
3800
3800
3800
3800
3800
3800
3800
3800
3800
3800
3800
3800
3800
3800
3800
3800
3800
3800
3800
3800
3800
3800
3800
3800
3800
3800
3800
3800
3800
3800
3800
3800
3800
3800
3800
3800
3800
3800
3800
3800
3800
3800
3800
3800
3800
3800
3800
3800
3800
3800
3800
3800
3800
3800
3800
3800
3800
3800
3800
3800
3800
3800
3800
3800
3800
3800
3800
3800
3800
3800
3800
3800
3800
3800
3800
3800
3800
3800
3800
3800
3800
3800
3800
3800
3800
3800
3800
3800
3800
3800
3800
3800
3800
3800
3800
3800
3800
3800
3800
3800
3800
3800
3800
3800
3800
3800
3800
3800
3800
3800
3800
3800
3800
3800
3800
3800
3800
3800
3800
3800
3800
3800
3800
3800
3800
3800
3800
3800
3800
3800
3800
3800
3800
3800
3800
3800
3800
3800
3800
3800
3800
3800
3800
3800
3800
3800
3800
3800
3800
3800
3800
3800
3800
3800
3800
3800
3800
3800
3800
3800
3800
3800
3800
3800
3800
3800
3800
3800
3800
3800
3800
3800
3800
3800
3800
3800
3800
3800
3800
3800
3800
3800
3800
3800
3800
3800
3800
3800
3800
3800
3800
3800
3800
3800
3800
3800
3800
3800
3800
3800
3800
3800
3800
3800
3800
3800
3800
3800
3800
3800
3800
3800
3800
3800
3800
3800
3800
3800
3800
3800
3800
3800
3800
3800
3800
3800
3800
3800
3800
3800
3800
3800
3800
3800
3800
3800
3800
3800
3800
3800
3800
3800
3800
3800
3800
3800
3800
3800
3800
3800
3800
3800
3800
3800
3800
3800
3800
3800
3800
3800
3800
3800
3800
3800
3800
3800
3800
3800
3800
3800
3800
3800
3800
3800
3800
3800
3800
3800
3800
3800
3800
3800
3800
3800
3800
3800
3800
3800
3800
3800
3800
3800
3800
3800
3800
3800
3800
3800
3800
3800
3800
3800
3800
3800
3800
3800
3800
3800
3800
3800
3800
3800
3800
3800
3800
3800
3800
3800
3800
3800
3800
3800
3800
3800
3800
3800
3800
3800
3800
3800
3800
3800
3800
3800
3800
3800
3800
3800
3800
3800
3800
3800
3800
3800
3800
3800
3800
3800
3800
3800
3800
3800
3800
3800
3800
3800
3800
3800
3800
3800
3800
3800
3800
3800
3800
3800
3800
3800
3800
3800
3800
3800
3800
3800
3800
3800
3800
3800
3800
3800
3800
3800
3800
3800
3800
3800
3800
3800
3800
3800
3800
3800
3800
3800
3800
3800
3800
3800
3800
3800
3800
3800
3800
3800
3800
3800
3800
3800
3800
3800
3800
3800
3800
3800
3800
3800
3800
3800
3800
3800
3800
3800
3800
3800
3800
3800
3800
3800
3800
3800
3800
3800
3800
3800
3800
3800
3800
3800
3800
3800
3800
3800
3800
3800
3800
3800
3800
3800
3800
3800
3800
3800
3800
3800
3800
3800
3800
3800
3800
3800
3800
3800
3800
3800
3800
3800
3800
3800
3800
3800
3800
3800
3800
3800
3800
3800
3800
3800
3800
3800
3800
3800
3800
3800
3800
3800
3800
3800
3800
3800
3800
3800
3800
3800
3800
3800
3800
3800
3800
3800
3800
3800
3800
3800
3800
3800
3800
3800
3800
3800
3800
3800
3800
3800
3800
3800
3800
3800
3800
3800
3800
3800
3800
3800
3800
3800
3800
3800
3800
3800
3800
3800
3800
3800
3800
3800
3800
3800
3800
3800
3800
3800
3800
3800
3800
3800
3800
3800
3800
3800
3800
3800
3800
3800
3800
3800
3800
3800
3800
3800
3800
3800
3800
3800
3800
3800
3800
3800
3800
3800
3800
3800
3800
3800
3800
3800
3800
3800
3800
3800
3800
3800
3800
3800
3800
3800
3800
3800
3800
3800
3800
3800
3800
3800
3800
3800
3800
3800
3800
3800
3800
3800
3800
3800
3800
3800
3800
3800
3800
3800
3800
3800
3800
3800
3800
3800
3800
3800
3800
3800
3800
3800
3800
3800
3800
3800
3800
3800
3800
3800
3800
3800
3800
3800
3800
3800
3800
3801
3801
3801
3801
3801
3801
3801
3801
3801
3801
3801
3801
3801
3801
3801
3801
3801
3801
3801
3801
3801
3801
3801
3801
3801
3801
3801
3801
3801
3801
3801
3801
3801
3801
3801
3801
3801
3801
3801
3801
3801
3801
3801
3801
3801
3801
3801
3801
3801
3801
3801
3801
3801
3801
3801
3801
3801
3801
3801
3801
3801
3801
3801
3801
3801
3801
3801
3801
3801
3801
3801
3801
3801
3801
3801
3801
3801
3801
3801
3801
3801
3801
3801
3801
3801
3801
3801
3801
3801
3801
3801
3801
3801
3801
3801
3801
3801
3801
3801
3801
3801
3801
3801
3801
3801
3801
3801
3801
3801
3801
3801
3801
3801
3801
3801
3801
3801
3801
3801
3801
3801
3801
3801
3801
3801
3801
3801
3801
3801
3801
3801
3801
3801
3801
3801
3801
3801
3801
3801
3801
3801
3801
3801
3801
3801
3801
3801
3801
3801
3801
3801
3801
3801
3801
3801
3801
3801
3801
3801
3801
3801
3801
3801
3801
3801
3801
3801
3801
3801
3801
3801
3801
3801
3801
3801
3801
3801
3801
3801
3801
3801
3801
3801
3801
3801
3801
3801
3801
3801
3801
3801
3801
3801
3801
3801
3801
3801
3801
3801
3801
3801
3801
3801
3801
3801
3801
3801
3801
3801
3801
3801
3801
3801
3801
3801
3801
3801
3801
3801
3801
3801
3801
3801
3801
3801
3801
3801
3801
3801
3801
3801
3801
3801
3801
3801
3801
3801
3801
3801
3801
3801
3801
3801
3801
3801
3801
3801
3801
3801
3801
3801
3801
3801
3801
3801
3801
3801
3801
3801
3801
3801
3801
3801
3801
3801
3801
3801
3801
3801
3801
3801
3801
3801
3801
3801
3801
3801
3801
3801
3801
3801
3801
3801
3801
3801
3801
3801
3801
3801
3801
3801
3801
3801
3801
3801
3801
3801
3801
3801
3801
3801
3801
3801
3801
3801
3801
3801
3801
3801
3801
3801
3801
3801
3801
3801
3801
3801
3801
3801
3801
3801
3801
3801
3801
3801
3801
3801
3801
3801
3801
3801
3801
3801
3801
3801
3801
3801
3801
3801
3801
3801
3801
3801
3801
3801
3801
3801
3801
3801
3801
3801
3801
3801
3801
3801
3801
3801
3801
3801
3801
3801
3801
3801
3801
3801
3801
3801
3801
3801
3801
3801
3801
3801
3801
3801
3801
3801
3801
3801
3801
3801
3801
3801
3801
3801
3801
3801
3801
3801
3801
3801
3801
3801
3801
3801
3801
3801
3801
3801
3801
3801
3801
3801
3801
3801
3801
3801
3801
3801
3801
3801
3801
3801
3801
3801
3801
3801
3801
3801
3801
3801
3801
3801
3801
3801
3801
3801
3801
3801
3801
3801
3801
3801
3801
3801
3801
3801
3801
3801
3801
3801
3801
3801
3801
3801
3801
3801
3801
3801
3801
3801
3801
3801
3801
3801
3801
3801
3801
3801
3801
3801
3801
3801
3801
3801
3801
3801
3801
3801
3801
3801
3801
3801
3801
3801
3801
3801
3801
3801
3801
3801
3801
3801
3801
3801
3801
3801
3801
3801
3801
3801
3801
3801
3801
3801
3801
3801
3801
3801
3801
3801
3801
3801
3801
3801
3801
3801
3801
3801
3801
3801
3801
3801
3801
3801
3801
3801
3801
3801
3801
3801
3801
3801
3801
3801
3801
3801
3801
3801
3801
3801
3801
3801
3801
3801
3801
3801
3801
3801
3801
3801
3801
3801
3801
3801
3801
3801
3801
3801
3801
3801
3801
3801
3801
3801
3801
3801
3801
3801
3801
3801
3801
3801
3801
3801
3801
3801
3801
3801
3801
3801
3801
3801
3801
3801
3801
3801
3801
3801
3801
3801
3801
3801
3801
3801
3801
3801
3801
3801
3801
3801
3801
3801
3801
3801
3801
3801
3801
3801
3801
3801
3801
3801
3801
3801
3801
3801
3801
3801
3801
3801
3801
3801
3801
3801
3801
3801
3801
3801
3801
3801
3801
3801
3801
3801
3801
3801
3801
3801
3801
3801
3801
3801
3801
3801
3801
3801
3801
3801
3801
3801
3801
3801
3801
3801
3801
3801
3801
3801
3801
3801
3801
3801
3801
3801
3801
3801
3801
3801
3801
3801
3801
3801
3801
3801
3801
3801
3801
3801
3801
3801
3801
3801
3801
3801
3801
3801
3801
3801
3801
3801
3801
3801
3801
3801
3801
3801
3801
3801
3801
3801
3801
3801
3801
3801
3801
3801
3801
3801
3801
3801
3801
3801
3801
3801
3801
3801
3801
3801
3801
3801
3801
3801
3801
3801
3801
3801
3801
3801
3801
3801
3801
3801
3801
3801
3801
3801
3801
3801
3801
3801
3801
3801
3801
3801
3801
3801
3801
3801
3801
3801
3801
3801
3801
3801
3801
3801
3801
3801
3801
3801
3801
3801
3801
3801
3801
3801
3801
3801
3801
3801
3801
3801
3801
3801
3801
3801
3801
3801
3801
3801
3801
3801
3801
3801
3801
3801
3801
3801
3801
3801
3801
3801
3801
3801
3801
3801
3801
3801
3801
3801
3801
3801
3801
3801
3801
3801
3801
3801
3801
3801
3801
3801
3801
3801
3801
3801
3801
3801
3801
3801
3801
3801
3801
3801
3801
3801
3801
3801
3801
3801
3801
3801
3801
3801
3801
3801
3801
3801
3801
3801
3801
3801
3801
3801
3801
3801
3801
3801
3801
3801
3801
3801
3801
3801
3801
3801
3801
3801
3801
3801
3801
3801
3801
3801
3801
3801
3801
3801
3801
3801
3801
3801
3801
3801
3801
3801
3801
3801
3801
3801
3801
3801
3801
3801
3801
3801
3801
3801
3801
3801
3801
3801
3801
3801
3801
3801
3801
3801
3801
3801
3801
3801
3801
3801
3801
3801
3801
3801
3801
3801
3801
3801
3801
3801
3801
3801
3801
3801
3801
3801
3801
3801
3801
3801
3801
3801
3801
3801
3801
3801
3801
3801
3801
3801
3801
3801
3801
3801
3801
3801
3801
3801
3801
3801
3801
3801
3801
3801
3801
3801
3801
3801
3801
3801
3801
3801
3801
3801
3801
3801
3801
3801
3801
3801
3801
3801
3801
3801
3801
3801
3801
3801
3801
3801
3801
3801
3801
3801
3801
3801
3801
3801
3801
3801
3801
3801
3801
3801
3801
3801
3801
3801
3801
3801
3801
3801
3801
3801
3801
3801
3801
3801
3801
3801
3801
3801
3801
3801
3801
3801
3801
3801
3801
3801
3801
3801
3801
3801
3801
3801
3801
3801
3801
3801
3801
3801
3801
3801
3801
3801
3801
3801
3801
3801
3801
3801
3801
3801
3801
3801
3801
3801
3801
3801
3801
3801
3801
3801
3801
3801
3801
3801
3801
3801
3801
3801
3801
3801
3801
3801
3801
3801
3801
3801
3801
3801
3801
3801
3801
3801
3801
3801
3801
3801
3801
3801
3801
3801
3801
3801
3801
3801
3801
3801
3801
3801
3801
3801
3801
3801
3801
3801
3801
3801
3801
3801
3801
3801
3801
3801
3801
3801
3801
3801
3801
3801
3801
3801
3801
3801
3801
3801
3801
3801
3801
3801
3801
3801
3801
3801
3801
3801
3801
3801
3801
3801
3801
3801
3801
3801
3801
3801
3801
3801
3801
3801
3801
3801
3801
3801
3801
3801
3801
3801
3801
3801
3801
3801
3801
3801
3801
3801
3801
3801
3801
3801
3801
3801
3801
3801
3801
3801
3801
3801
3801
3801
3801
3801
3801
3801
3801
3801
3801
3801
3801
3801
3801
3801
3801
3801
3801
3801
3801
3801
3801
3801
3801
3801
3801
3801
3801
3801
3801
3801
3801
3801
3801
3801
3801
3801
3801
3801
3801
3801
3801
3801
3801
3801
3801
3801
3801
3801
3801
3801
3801
3801
3801
3801
3801
3801
3801
3801
3801
3801
3801
3801
3801
3801
3801
3801
3801
3801
3801
3801
3801
3801
3801
3801
3801
3801
3801
3801
3801
3801
3801
3801
3801
3801
3801
3801
3801
3801
3801
3801
3801
3801
3801
3801
3801
3801
3801
3801
3801
3801
3801
3801
3801
3801
3801
3801
3801
3801
3801
3801
3801
3801
3801
3801
3801
3801
3801
3801
3801
3801
3801
3801
3801
3801
3801
3801
3801
3801
3801
3801
3801
3801
3801
3801
3801
3801
3801
3801
3801
3801
3801
3801
3801
3801
3801
3801
3801
3801
3801
3801
3801
3801
3801
3801
3801
3801
3801
3801
3801
3801
3801
3801
3801
3801
3801
3801
3801
3801
3801
3801
3801
3801
3801
3801
3801
3801
3801
3801
3801
3801
3801
3801
3801
3801
3801
3801
3801
3801
3801
3801
3801
3801
3801
3801
3801
3801
3801
3801
3801
3801
3801
3801
3801
3801
3801
3801
3801
3801
3801
3801
3801
3801
3801
3801
3801
3801
3801
3801
3801
3801
3801
3801
3801
3801
3801
3801
3801
3801
3801
3801
3801
3801
3801
3801
3801
3801
3801
3801
3801
3801
3801
3801
3801
3801
3801
3801
3801
3801
3801
3801
3801
3801
3801
3801
3801
3801
3801
3801
3801
3801
3801
3801
3801
3801
3801
3801
3801
3801
3801
3801
3801
3801
3801
3801
3801
3801
3801
3801
3801
3801
3801
3801
3801
3801
3801
3801
3801
3801
3801
3801
3801
3801
3801
3801
3801
3801
3801
3801
3801
3801
3801
3801
3801
3801
3801
3801
3801
3801
3801
3801
3801
3801
3801
3801
3801
3801
3801
3801
3801
3801
3801
3801
3801
3801
3801
3801
3801
3801
3801
3801
3801
3801
3801
3801
3801
3801
3801
3801
3801
3801
3801
3801
3801
3801
3801
3801
3801
3801
3801
3801
3801
3801
3801
3801
3801
3801
3801
3801
3801
3801
3801
3801
3801
3801
3801
3801
3801
3801
3801
3801
3801
3801
3801
3801
3801
3801
3801
3801
3801
3801
3801
3802
3802
3802
3802
3802
3802
3802
3802
3802
3802
3802
3802
3802
3802
3802
3802
3802
3802
3802
3802
3802
3802
3802
3802
3802
3802
3802
3802
3802
3802
3802
3802
3802
3802
3802
3802
3802
3802
3802
3802
3802
3802
3802
3802
3802
3802
3802
3802
3802
3802
3802
3802
3802
3802
3802
3802
3802
3802
3802
3802
3802
3802
3802
3802
3802
3802
3802
3802
3802
3802
3802
3802
3802
3802
3802
3802
3802
3802
3802
3802
3802
3802
3802
3802
3802
3802
3802
3802
3802
3802
3802
3802
3802
3802
3802
3802
3802
3802
3802
3802
3802
3802
3802
3802
3802
3802
3802
3802
3802
3802
3802
3802
3802
3802
3802
3802
3802
3802
3802
3802
3802
3802
3802
3802
3802
3802
3802
3802
3802
3802
3802
3802
3802
3802
3802
3802
3802
3802
3802
3802
3802
3802
3802
3802
3802
3802
3802
3802
3802
3802
3802
3802
3802
3802
3802
3802
3802
3802
3802
3802
3802
3802
3802
3802
3802
3802
3802
3802
3802
3802
3802
3802
3802
3802
3802
3802
3802
3802
3802
3802
3802
3802
3802
3802
3802
3802
3802
3802
3802
3802
3802
3802
3802
3802
3802
3802
3802
3802
3802
3802
3802
3802
3802
3802
3802
3802
3802
3802
3802
3802
3802
3802
3802
3802
3802
3802
3802
3802
3802
3802
3802
3802
3802
3802
3802
3802
3802
3802
3802
3802
3802
3802
3802
3802
3802
3802
3802
3802
3802
3802
3802
3802
3802
3802
3802
3802
3802
3802
3802
3802
3802
3802
3802
3802
3802
3802
3802
3802
3802
3802
3802
3802
3802
3802
3802
3802
3802
3802
3802
3802
3802
3802
3802
3802
3802
3802
3802
3802
3802
3802
3802
3802
3802
3802
3802
3802
3802
3802
3802
3802
3802
3802
3802
3802
3802
3802
3802
3802
3802
3802
3802
3802
3802
3802
3802
3802
3802
3802
3802
3802
3802
3802
3802
3802
3802
3802
3802
3802
3802
3802
3802
3802
3802
3802
3802
3802
3802
3802
3802
3802
3802
3802
3802
3802
3802
3802
3802
3802
3802
3802
3802
3802
3802
3802
3802
3802
3802
3802
3802
3802
3802
3802
3802
3802
3802
3802
3802
3802
3802
3802
3802
3802
3802
3802
3802
3802
3802
3802
3802
3802
3802
3802
3802
3802
3802
3802
3802
3802
3802
3802
3802
3802
3802
3802
3802
3802
3802
3802
3802
3802
3802
3802
3802
3802
3802
3802
3802
3802
3802
3802
3802
3802
3802
3802
3802
3802
3802
3802
3802
3802
3802
3802
3802
3802
3802
3802
3802
3802
3802
3802
3802
3802
3802
3802
3802
3802
3802
3802
3802
3802
3802
3802
3802
3802
3802
3802
3802
3802
3802
3802
3802
3802
3802
3802
3802
3802
3802
3802
3802
3802
3802
3802
3802
3802
3802
3802
3802
3802
3802
3802
3802
3802
3802
3802
3802
3802
3802
3802
3802
3802
3802
3802
3802
3802
3802
3802
3802
3802
3802
3802
3802
3802
3802
3802
3802
3802
3802
3802
3802
3802
3802
3802
3802
3802
3802
3802
3802
3802
3802
3802
3802
3802
3802
3802
3802
3802
3802
3802
3802
3802
3802
3802
3802
3802
3802
3802
3802
3802
3802
3802
3802
3802
3802
3802
3802
3802
3802
3802
3802
3802
3802
3802
3802
3802
3802
3802
3802
3802
3802
3802
3802
3802
3802
3802
3802
3802
3802
3802
3802
3802
3802
3802
3802
3802
3802
3802
3802
3802
3802
3802
3802
3802
3802
3802
3802
3802
3802
3802
3802
3802
3802
3802
3802
3802
3802
3802
3802
3802
3802
3802
3802
3802
3802
3802
3802
3802
3802
3802
3802
3802
3802
3802
3802
3802
3802
3802
3802
3802
3802
3802
3802
3802
3802
3802
3802
3802
3802
3802
3802
3802
3802
3802
3802
3802
3802
3802
3802
3802
3802
3802
3802
3802
3802
3802
3802
3802
3802
3802
3802
3802
3802
3802
3802
3802
3802
3802
3802
3802
3802
3802
3802
3802
3802
3802
3802
3802
3802
3802
3802
3802
3802
3802
3802
3802
3802
3802
3802
3802
3802
3802
3802
3802
3802
3802
3802
3802
3802
3802
3802
3802
3802
3802
3802
3802
3802
3802
3802
3802
3802
3802
3802
3802
3802
3802
3802
3802
3802
3802
3802
3802
3802
3802
3802
3802
3802
3802
3802
3802
3802
3802
3802
3802
3802
3802
3802
3802
3802
3802
3802
3802
3802
3802
3802
3802
3802
3802
3802
3802
3802
3802
3802
3802
3802
3802
3802
3802
3802
3802
3802
3802
3802
3802
3802
3802
3802
3802
3802
3802
3802
3802
3802
3802
3802
3802
3802
3802
3802
3802
3802
3802
3802
3802
3802
3802
3802
3802
3802
3802
3802
3802
3802
3802
3802
3802
3802
3802
3802
3802
3803
3803
3803
3803
3803
3803
3803
3803
3803
3803
3803
3803
3803
3803
3803
3803
3803
3803
3803
3803
3803
3803
3803
3803
3803
3803
3803
3803
3803
3803
3803
3803
3803
3803
3803
3803
3803
3803
3803
3803
3803
3803
3803
3803
3803
3803
3803
3803
3803
3803
3803
3803
3803
3803
3803
3803
3803
3803
3803
3803
3803
3803
3803
3803
3803
3803
3803
3803
3803
3803
3803
3803
3803
3803
3803
3803
3803
3803
3803
3803
3803
3803
3803
3803
3803
3803
3803
3803
3803
3803
3803
3803
3803
3803
3803
3803
3803
3803
3803
3803
3803
3803
3803
3803
3803
3803
3803
3803
3803
3803
3803
3803
3803
3803
3803
3803
3803
3803
3803
3803
3803
3803
3803
3803
3803
3803
3803
3803
3803
3803
3803
3803
3803
3803
3803
3803
3803
3803
3803
3803
3803
3803
3803
3803
3803
3803
3803
3803
3803
3803
3803
3803
3803
3803
3803
3803
3803
3803
3803
3803
3803
3803
3803
3803
3803
3803
3803
3803
3803
3803
3803
3803
3803
3803
3803
3803
3803
3803
3803
3803
3803
3803
3803
3803
3803
3803
3803
3803
3803
3803
3803
3803
3803
3803
3803
3803
3803
3803
3803
3803
3803
3803
3803
3803
3803
3803
3803
3803
3803
3803
3803
3803
3803
3803
3803
3803
3803
3803
3803
3803
3803
3803
3803
3803
3803
3803
3803
3803
3803
3803
3803
3803
3803
3803
3803
3803
3803
3803
3803
3803
3803
3803
3803
3803
3803
3803
3803
3803
3803
3803
3803
3803
3803
3803
3803
3803
3803
3803
3803
3803
3803
3803
3803
3803
3803
3803
3803
3803
3803
3803
3803
3803
3803
3803
3803
3803
3803
3803
3803
3803
3803
3803
3803
3803
3803
3803
3803
3803
3803
3803
3803
3803
3803
3803
3803
3803
3803
3803
3803
3803
3803
3803
3803
3803
3803
3803
3803
3803
3803
3803
3803
3803
3803
3803
3803
3803
3803
3803
3803
3803
3803
3803
3803
3803
3803
3803
3803
3803
3803
3803
3803
3803
3803
3803
3803
3803
3803
3803
3803
3803
3803
3803
3803
3803
3803
3803
3803
3803
3803
3803
3803
3803
3803
3803
3803
3803
3803
3803
3803
3803
3803
3803
3803
3803
3803
3803
3803
3803
3803
3803
3803
3803
3803
3803
3803
3803
3803
3803
3803
3803
3803
3803
3803
3803
3803
3803
3803
3803
3803
3803
3803
3803
3803
3803
3803
3803
3803
3803
3803
3803
3803
3803
3803
3803
3803
3803
3803
3803
3803
3803
3803
3803
3803
3803
3803
3803
3803
3803
3803
3803
3803
3803
3803
3803
3803
3803
3803
3803
3803
3803
3803
3803
3803
3803
3803
3803
3803
3803
3803
3803
3803
3803
3803
3803
3803
3803
3803
3803
3803
3803
3803
3803
3803
3803
3803
3803
3803
3803
3803
3803
3803
3803
3803
3803
3803
3803
3803
3803
3803
3803
3803
3803
3803
3803
3803
3803
3803
3803
3803
3803
3803
3803
3803
3803
3803
3803
3803
3803
3803
3803
3803
3803
3803
3803
3803
3803
3803
3803
3803
3803
3803
3803
3803
3803
3803
3803
3803
3803
3803
3803
3803
3803
3804
3804
3804
3804
3804
3804
3804
3804
3804
3804
3804
3804
3804
3804
3804
3804
3804
3804
3804
3804
3804
3804
3804
3804
3804
3804
3804
3804
3804
3804
3804
3804
3804
3804
3804
3804
3804
3804
3804
3804
3804
3804
3804
3804
3804
3804
3804
3804
3804
3804
3804
3804
3804
3804
3804
3804
3804
3804
3804
3804
3804
3804
3804
3804
3804
3804
3804
3804
3804
3804
3804
3804
3804
3804
3804
3804
3804
3804
3804
3804
3804
3804
3804
3804
3804
3804
3804
3804
3804
3804
3804
3804
3804
3804
3804
3804
3804
3804
3804
3804
3804
3804
3804
3804
3804
3804
3804
3804
3804
3804
3804
3804
3804
3804
3804
3804
3804
3804
3804
3804
3804
3804
3804
3804
3804
3804
3804
3804
3804
3804
3804
3804
3804
3804
3804
3804
3804
3804
3804
3804
3804
3804
3804
3804
3804
3804
3804
3804
3804
3804
3804
3804
3804
3804
3804
3804
3804
3804
3804
3804
3804
3804
3804
3804
3804
3804
3804
3804
3804
3804
3804
3804
3804
3804
3804
3804
3804
3804
3804
3804
3804
3804
3804
3804
3804
3804
3804
3804
3804
3804
3804
3804
3804
3804
3804
3804
3804
3804
3804
3804
3804
3804
3804
3804
3804
3804
3804
3804
3804
3804
3804
3804
3804
3804
3804
3804
3804
3804
3804
3804
3804
3804
3804
3804
3804
3804
3804
3804
3804
3804
3804
3804
3804
3804
3804
3804
3804
3804
3804
3804
3804
3804
3804
3804
3804
3804
3804
3804
3804
3804
3804
3804
3804
3804
3804
3804
3804
3804
3804
3804
3804
3804
3804
3804
3804
3804
3804
3804
3804
3804
3804
3804
3804
3804
3804
3804
3804
3804
3804
3804
3804
3804
3804
3804
3804
3804
3804
3804
3804
3804
3804
3804
3804
3804
3804
3804
3804
3804
3804
3804
3804
3804
3804
3804
3804
3804
3804
3804
3804
3804
3804
3804
3804
3804
3804
3804
3804
3804
3804
3804
3804
3804
3804
3804
3804
3804
3804
3804
3804
3804
3804
3804
3804
3804
3804
3804
3804
3804
3804
3804
3804
3804
3804
3804
3804
3804
3804
3804
3804
3804
3804
3804
3804
3804
3804
3804
3804
3804
3804
3804
3804
3804
3804
3804
3804
3804
3804
3804
3804
3804
3804
3804
3804
3804
3804
3804
3804
3804
3804
3804
3804
3804
3804
3804
3805
3805
3805
3805
3805
3805
3805
3805
3805
3805
3805
3805
3805
3805
3805
3805
3805
3805
3805
3805
3805
3805
3805
3805
3805
3805
3805
3805
3805
3805
3805
3805
3805
3805
3805
3805
3805
3805
3805
3805
3805
3805
3805
3805
3805
3805
3805
3805
3805
3805
3805
3805
3805
3805
3805
3805
3805
3805
3805
3805
3805
3805
3805
3805
3805
3805
3805
3805
3805
3805
3805
3805
3805
3805
3805
3805
3805
3805
3805
3805
3805
3805
3805
3805
3805
3805
3805
3805
3805
3805
3805
3805
3805
3805
3805
3805
3805
3805
3805
3805
3805
3805
3805
3805
3805
3805
3805
3805
3805
3805
3805
3805
3805
3805
3805
3805
3805
3805
3805
3805
3805
3805
3805
3805
3805
3805
3805
3805
3805
3805
3805
3805
3805
3805
3805
3805
3805
3805
3805
3805
3805
3805
3805
3805
3805
3805
3805
3805
3805
3805
3805
3805
3805
3805
3805
3805
3805
3805
3805
3805
3805
3805
3805
3805
3805
3805
3805
3805
3805
3805
3805
3805
3805
3805
3805
3805
3805
3805
3805
3805
3805
3805
3805
3805
3805
3805
3805
3805
3805
3805
3805
3805
3805
3805
3805
3805
3805
3805
3805
3805
3805
3805
3805
3805
3805
3805
3805
3805
3805
3805
3805
3805
3805
3805
3805
3805
3805
3805
3805
3805
3805
3805
3805
3805
3805
3805
3805
3805
3805
3805
3805
3805
3805
3805
3805
3805
3805
3805
3805
3805
3805
3805
3805
3805
3805
3805
3805
3805
3805
3805
3805
3805
3805
3805
3805
3805
3806
3806
3806
3806
3806
3806
3806
3806
3806
3806
3806
3806
3806
3806
3806
3806
3806
3806
3806
3806
3806
3806
3806
3806
3806
3806
3806
3806
3806
3806
3806
3806
3806
3806
3806
3806
3806
3806
3806
3806
3806
3806
3806
3806
3806
3806
3806
3806
3806
3806
3806
3806
3806
3806
3806
3806
3806
3806
3806
3806
3806
3806
3806
3806
3806
3806
3806
3806
3806
3806
3806
3806
3806
3806
3806
3806
3806
3806
3806
3806
3806
3806
3806
3806
3806
3806
3806
3806
3806
3806
3806
3806
3806
3806
3806
3806
3806
3806
3806
3806
3806
3806
3806
3806
3806
3806
3806
3806
3806
3806
3806
3806
3806
3806
3806
3806
3806
3806
3806
3806
3806
3806
3806
3806
3806
3806
3806
3806
3806
3806
3806
3806
3806
3806
3806
3806
3806
3806
3806
3806
3806
3806
3806
3806
3806
3806
3806
3806
3806
3806
3806
3806
3806
3806
3806
3806
3806
3806
3806
3806
3806
3806
3806
3806
3806
3806
3806
3806
3806
3806
3806
3806
3806
3806
3806
3806
3806
3806
3806
3806
3806
3806
3806
3806
3806
3806
3806
3806
3806
3806
3806
3806
3806
3806
3806
3806
3806
3806
3806
3806
3806
3806
3806
3806
3806
3806
3806
3806
3806
3806
3806
3806
3806
3806
3806
3806
3806
3806
3806
3806
3806
3806
3806
3806
3806
3806
3806
3806
3806
3806
3806
3806
3806
3806
3806
3806
3806
3806
3806
3806
3806
3806
3806
3806
3806
3806
3806
3806
3806
3806
3806
3806
3806
3806
3806
3806
3807
3807
3807
3807
3807
3807
3807
3807
3807
3807
3807
3807
3807
3807
3807
3807
3807
3807
3807
3807
3807
3807
3807
3807
3807
3807
3807
3807
3807
3807
3807
3807
3807
3807
3807
3807
3807
3807
3807
3807
3807
3807
3807
3807
3807
3807
3807
3807
3807
3807
3807
3807
3807
3807
3807
3807
3807
3807
3807
3807
3807
3807
3807
3807
3807
3807
3807
3807
3807
3807
3807
3807
3807
3807
3807
3807
3807
3807
3807
3807
3807
3807
3807
3807
3807
3807
3807
3807
3807
3807
3807
3807
3807
3807
3807
3807
3807
3807
3807
3807
3807
3807
3807
3807
3807
3807
3807
3807
3807
3807
3807
3807
3807
3807
3807
3807
3807
3807
3807
3807
3807
3807
3807
3807
3807
3807
3807
3807
3807
3807
3807
3807
3807
3807
3807
3807
3807
3807
3807
3807
3807
3807
3807
3807
3807
3807
3807
3807
3807
3807
3807
3807
3807
3807
3807
3807
3807
3807
3807
3807
3807
3807
3807
3807
3807
3807
3807
3807
3807
3807
3807
3807
3807
3807
3807
3807
3807
3807
3807
3807
3807
3807
3807
3807
3807
3807
3807
3807
3807
3807
3807
3807
3807
3807
3807
3807
3807
3807
3807
3807
3807
3807
3807
3807
3807
3807
3807
3807
3807
3807
3807
3807
3807
3807
3807
3807
3807
3807
3807
3807
3807
3807
3807
3807
3807
3807
3807
3807
3807
3807
3807
3807
3807
3807
3807
3807
3807
3807
3807
3807
3807
3807
3807
3807
3807
3807
3807
3807
3807
3807
3807
3807
3807
3807
3807
3807
3808
3808
3808
3808
3808
3808
3808
3808
3808
3808
3808
3808
3808
3808
3808
3808
3808
3808
3808
3808
3808
3808
3808
3808
3808
3808
3808
3808
3808
3808
3808
3808
3808
3808
3808
3808
3808
3808
3808
3808
3808
3808
3808
3808
3808
3808
3808
3808
3808
3808
3808
3808
3808
3808
3808
3808
3808
3808
3808
3808
3808
3808
3808
3808
3808
3808
3808
3808
3808
3808
3808
3808
3808
3808
3808
3808
3808
3808
3808
3808
3808
3808
3808
3808
3808
3808
3808
3808
3808
3808
3808
3808
3808
3808
3808
3808
3808
3808
3808
3808
3808
3808
3808
3808
3808
3808
3808
3808
3808
3808
3808
3808
3808
3808
3808
3808
3808
3808
3808
3808
3808
3808
3808
3808
3808
3808
3808
3808
3808
3808
3808
3808
3808
3808
3808
3808
3808
3808
3808
3808
3808
3808
3808
3808
3808
3808
3808
3808
3808
3808
3808
3808
3808
3808
3808
3808
3808
3808
3808
3808
3808
3808
3808
3808
3808
3808
3808
3808
3808
3808
3808
3808
3808
3808
3808
3808
3808
3808
3808
3808
3808
3808
3808
3808
3808
3808
3808
3808
3808
3808
3808
3808
3809
3809
3809
3809
3809
3809
3809
3809
3809
3809
3809
3809
3809
3809
3809
3809
3809
3809
3809
3809
3809
3809
3809
3809
3809
3809
3809
3809
3809
3809
3809
3809
3809
3809
3809
3809
3809
3809
3809
3809
3809
3809
3809
3809
3809
3809
3809
3809
3809
3809
3809
3809
3809
3809
3809
3809
3809
3809
3809
3809
3809
3809
3809
3809
3809
3809
3809
3809
3809
3809
3809
3809
3809
3809
3809
3809
3809
3809
3809
3809
3809
3809
3809
3809
3809
3809
3809
3809
3809
3809
3809
3809
3809
3809
3809
3809
3809
3809
3809
3809
3809
3809
3809
3809
3809
3809
3809
3809
3809
3809
3809
3809
3809
3809
3809
3809
3809
3809
3809
3809
3809
3809
3809
3809
3809
3809
3809
3809
380A
380A
380A
380A
380A
380A
380A
380A
380A
380A
380A
380A
380A
380A
380A
380A
380A
380A
380A
380A
380A
380A
380A
380A
380A
380A
380A
380A
380A
380A
380A
380A
380A
380A
380A
380A
380A
380A
380A
380A
380A
380A
380A
380A
380A
380A
380A
380A
380A
380A
380A
380A
380A
380A
380A
380A
380A
380A
380A
380A
380A
380A
380A
380A
380A
380A
380A
380A
380A
380A
380A
380A
380A
380A
380A
380A
380A
380A
380A
380A
380A
380A
380A
380A
380A
380A
380A
380A
380A
380A
380A
380A
380A
380A
380A
380A
380A
380A
380A
380A
380A
380A
380A
380A
380A
380A
380A
380A
380A
380A
380A
380A
380A
380A
380A
380A
380A
380A
380A
380A
380A
380A
380A
380A
380A
380A
380A
380A
380B
380B
380B
380B
380B
380B
380B
380B
380B
380B
380B
380B
380B
380B
380B
380B
380B
380B
380B
380B
380B
380B
380B
380B
380B
380B
380B
380B
380B
380B
380B
380B
380B
380B
380B
380B
380B
380B
380B
380B
380B
380B
380B
380B
380B
380B
380B
380B
380B
380B
380B
380B
380B
380B
380B
380B
380B
380B
380B
380B
380B
380B
380B
380B
380B
380B
380B
380B
380B
380B
380B
380B
380B
380B
380B
380B
380B
380B
380B
380B
380B
380B
380B
380B
380B
380B
380B
380B
380B
380B
380B
380B
380B
380B
380B
380B
380B
380B
380B
380B
380B
380B
380B
380B
380B
380B
380B
380B
380B
380B
380B
380B
380B
380B
380B
380B
380B
380B
380B
380B
380B
380B
380B
380B
380B
380B
380B
380B
380C
380C
380C
380C
380C
380C
380C
380C
380C
380C
380C
380C
380C
380C
380C
380C
380C
380C
380C
380C
380C
380C
380C
380C
380C
380C
380C
380C
380C
380C
380C
380C
380C
380C
380C
380C
380C
380C
380C
380C
380C
380C
380C
380C
380C
380C
380C
380C
380C
380C
380C
380C
380C
380C
380C
380C
380C
380C
380C
380C
380C
380C
380C
380C
380C
380C
380C
380C
380C
380C
380C
380C
380C
380C
380C
380C
380C
380C
380C
380C
380C
380C
380C
380C
380C
380C
380C
380C
380C
380C
380C
380C
380C
380C
380C
380C
380C
380C
380C
380C
380C
380C
380C
380C
380C
380C
380C
380C
380C
380C
380C
380C
380C
380C
380C
380C
380C
380C
380C
380C
380C
380C
380C
380C
380C
380C
380C
380C
380D
380D
380D
380D
380D
380D
380D
380D
380D
380D
380D
380D
380D
380D
380D
380D
380D
380D
380D
380D
380D
380D
380D
380D
380D
380D
380D
380D
380D
380D
380D
380D
380D
380D
380D
380D
380D
380D
380D
380D
380D
380D
380D
380D
380D
380D
380D
380D
380D
380D
380D
380D
380D
380D
380D
380D
380D
380D
380D
380D
380D
380D
380D
380D
380D
380D
380D
380D
380D
380D
380D
380D
380D
380D
380D
380D
380D
380D
380D
380D
380D
380D
380D
380D
380D
380D
380D
380D
380D
380D
380D
380D
380D
380D
380D
380D
380D
380D
380D
380D
380D
380D
380D
380D
380D
380D
380D
380D
380D
380D
380D
380D
380D
380D
380D
380D
380D
380D
380D
380D
380D
380D
380D
380D
380D
380D
380D
380D
380E
380E
380E
380E
380E
380E
380E
380E
380E
380E
380E
380E
380E
380E
380E
380E
380E
380E
380E
380E
380E
380E
380E
380E
380E
380E
380E
380E
380E
380E
380E
380E
380E
380E
380E
380E
380E
380E
380E
380E
380E
380E
380E
380E
380E
380E
380E
380E
380E
380E
380E
380E
380E
380E
380E
380E
380E
380E
380E
380E
380E
380E
380E
380E
380E
380E
380E
380E
380E
380E
380E
380E
380E
380E
380E
380E
380E
380E
380E
380E
380E
380E
380E
380E
380E
380E
380E
380E
380E
380E
380E
380E
380E
380E
380E
380E
380E
380E
380E
380E
380E
380E
380E
380E
380E
380E
380E
380E
380E
380E
380E
380E
380E
380E
380E
380E
380E
380E
380E
380E
380E
380E
380E
380E
380E
380E
380E
380E
380F
380F
380F
380F
380F
380F
380F
380F
380F
380F
380F
380F
380F
380F
380F
380F
380F
380F
380F
380F
380F
380F
380F
380F
380F
380F
380F
380F
380F
380F
380F
380F
380F
380F
380F
380F
380F
380F
380F
380F
380F
380F
380F
380F
380F
380F
380F
380F
380F
380F
380F
380F
380F
380F
380F
380F
380F
380F
380F
380F
380F
380F
380F
380F
380F
380F
380F
380F
380F
380F
380F
380F
380F
380F
380F
380F
380F
380F
380F
380F
380F
380F
380F
380F
380F
380F
380F
380F
380F
380F
380F
380F
380F
380F
380F
380F
380F
380F
380F
380F
380F
380F
380F
380F
380F
380F
380F
380F
380F
380F
380F
380F
380F
380F
380F
380F
380F
380F
380F
380F
380F
380F
380F
380F
380F
380F
380F
380F
3810
3810
3810
3810
3810
3810
3810
3810
3810
3810
3810
3810
3810
3810
3810
3810
3810
3810
3810
3810
3810
3810
3810
3810
3810
3810
3810
3810
3810
3810
3810
3810
3810
3810
3810
3810
3810
3810
3810
3810
3810
3810
3810
3810
3810
3810
3810
3810
3810
3810
3810
3810
3810
3810
3810
3810
3810
3810
3810
3810
3810
3810
3810
3810
3810
3810
3810
3810
3810
3810
3810
3810
3810
3810
3810
3810
3810
3810
3810
3810
3810
3810
3810
3810
3810
3810
3810
3810
3810
3810
3810
3810
3810
3810
3810
3810
3811
3811
3811
3811
3811
3811
3811
3811
3811
3811
3811
3811
3811
3811
3811
3811
3811
3811
3811
3811
3811
3811
3811
3811
3811
3811
3811
3811
3811
3811
3811
3811
3811
3811
3811
3811
3811
3811
3811
3811
3811
3811
3811
3811
3811
3811
3811
3811
3811
3811
3811
3811
3811
3811
3811
3811
3811
3811
3811
3811
3811
3811
3811
3811
3812
3812
3812
3812
3812
3812
3812
3812
3812
3812
3812
3812
3812
3812
3812
3812
3812
3812
3812
3812
3812
3812
3812
3812
3812
3812
3812
3812
3812
3812
3812
3812
3812
3812
3812
3812
3812
3812
3812
3812
3812
3812
3812
3812
3812
3812
3812
3812
3812
3812
3812
3812
3812
3812
3812
3812
3812
3812
3812
3812
3812
3812
3812
3812
3813
3813
3813
3813
3813
3813
3813
3813
3813
3813
3813
3813
3813
3813
3813
3813
3813
3813
3813
3813
3813
3813
3813
3813
3813
3813
3813
3813
3813
3813
3813
3813
3813
3813
3813
3813
3813
3813
3813
3813
3813
3813
3813
3813
3813
3813
3813
3813
3813
3813
3813
3813
3813
3813
3813
3813
3813
3813
3813
3813
3813
3813
3813
3813
3814
3814
3814
3814
3814
3814
3814
3814
3814
3814
3814
3814
3814
3814
3814
3814
3814
3814
3814
3814
3814
3814
3814
3814
3814
3814
3814
3814
3814
3814
3814
3814
3814
3814
3814
3814
3814
3814
3814
3814
3814
3814
3814
3814
3814
3814
3814
3814
3814
3814
3814
3814
3814
3814
3814
3814
3814
3814
3814
3814
3814
3814
3814
3814
3815
3815
3815
3815
3815
3815
3815
3815
3815
3815
3815
3815
3815
3815
3815
3815
3815
3815
3815
3815
3815
3815
3815
3815
3815
3815
3815
3815
3815
3815
3815
3815
3815
3815
3815
3815
3815
3815
3815
3815
3815
3815
3815
3815
3815
3815
3815
3815
3815
3815
3815
3815
3815
3815
3815
3815
3815
3815
3815
3815
3815
3815
3815
3815
3816
3816
3816
3816
3816
3816
3816
3816
3816
3816
3816
3816
3816
3816
3816
3816
3816
3816
3816
3816
3816
3816
3816
3816
3816
3816
3816
3816
3816
3816
3816
3816
3816
3816
3816
3816
3816
3816
3816
3816
3816
3816
3816
3816
3816
3816
3816
3816
3816
3816
3816
3816
3816
3816
3816
3816
3816
3816
3816
3816
3816
3816
3816
3816
3817
3817
3817
3817
3817
3817
3817
3817
3817
3817
3817
3817
3817
3817
3817
3817
3817
3817
3817
3817
3817
3817
3817
3817
3817
3817
3817
3817
3817
3817
3817
3817
3817
3817
3817
3817
3817
3817
3817
3817
3817
3817
3817
3817
3817
3817
3817
3817
3817
3817
3817
3817
3817
3817
3817
3817
3817
3817
3817
3817
3817
3817
3817
3817
3818
3818
3818
3818
3818
3818
3818
3818
3818
3818
3818
3818
3818
3818
3818
3818
3818
3818
3818
3818
3818
3818
3818
3818
3818
3818
3818
3818
3818
3818
3818
3818
3818
3818
3818
3818
3818
3818
3818
3818
3818
3818
3818
3818
3818
3818
3818
3818
3818
3818
3818
3818
3818
3818
3818
3818
3818
3818
3818
3818
3818
3818
3818
3818
3819
3819
3819
3819
3819
3819
3819
3819
3819
3819
3819
3819
3819
3819
3819
3819
3819
3819
3819
3819
3819
3819
3819
3819
3819
3819
3819
3819
3819
3819
3819
3819
3819
3819
3819
3819
3819
3819
3819
3819
3819
3819
3819
3819
3819
3819
3819
3819
3819
3819
3819
3819
3819
3819
3819
3819
3819
3819
3819
3819
3819
3819
3819
3819
381A
381A
381A
381A
381A
381A
381A
381A
381A
381A
381A
381A
381A
381A
381A
381A
381A
381A
381A
381A
381A
381A
381A
381A
381A
381A
381A
381A
381A
381A
381A
381A
381A
381A
381A
381A
381A
381A
381A
381A
381A
381A
381A
381A
381A
381A
381A
381A
381A
381A
381A
381A
381A
381A
381A
381A
381A
381A
381A
381A
381A
381A
381A
381A
381B
381B
381B
381B
381B
381B
381B
381B
381B
381B
381B
381B
381B
381B
381B
381B
381B
381B
381B
381B
381B
381B
381B
381B
381B
381B
381B
381B
381B
381B
381B
381B
381B
381B
381B
381B
381B
381B
381B
381B
381B
381B
381B
381B
381B
381B
381B
381B
381B
381B
381B
381B
381B
381B
381B
381B
381B
381B
381B
381B
381B
381B
381B
381B
381C
381C
381C
381C
381C
381C
381C
381C
381C
381C
381C
381C
381C
381C
381C
381C
381C
381C
381C
381C
381C
381C
381C
381C
381C
381C
381C
381C
381C
381C
381C
381C
381C
381C
381C
381C
381C
381C
381C
381C
381C
381C
381C
381C
381C
381C
381C
381C
381C
381C
381C
381C
381C
381C
381C
381C
381C
381C
381C
381C
381C
381C
381C
381C
381D
381D
381D
381D
381D
381D
381D
381D
381D
381D
381D
381D
381D
381D
381D
381D
381D
381D
381D
381D
381D
381D
381D
381D
381D
381D
381D
381D
381D
381D
381D
381D
381D
381D
381D
381D
381D
381D
381D
381D
381D
381D
381D
381D
381D
381D
381D
381D
381D
381D
381D
381D
381D
381D
381D
381D
381D
381D
381D
381D
381D
381D
381D
381D
381E
381E
381E
381E
381E
381E
381E
381E
381E
381E
381E
381E
381E
381E
381E
381E
381E
381E
381E
381E
381E
381E
381E
381E
381E
381E
381E
381E
381E
381E
381E
381E
381E
381E
381E
381E
381E
381E
381E
381E
381E
381E
381E
381E
381E
381E
381E
381E
381E
381E
381E
381E
381E
381E
381E
381E
381E
381E
381E
381E
381E
381E
381E
381E
381F
381F
381F
381F
381F
381F
381F
381F
381F
381F
381F
381F
381F
381F
381F
381F
381F
381F
381F
381F
381F
381F
381F
381F
381F
381F
381F
381F
381F
381F
381F
381F
381F
381F
381F
381F
381F
381F
381F
381F
381F
381F
381F
381F
381F
381F
381F
381F
381F
381F
381F
381F
381F
381F
381F
381F
381F
381F
381F
381F
381F
381F
381F
381F
3820
3820
3820
3820
3820
3820
3820
3820
3820
3820
3820
3820
3820
3820
3820
3820
3820
3820
3820
3820
3820
3820
3820
3820
3820
3820
3820
3820
3820
3820
3820
3820
3820
3820
3820
3820
3820
3820
3820
3820
3820
3820
3820
3820
3820
3820
3820
3820
3821
3821
3821
3821
3821
3821
3821
3821
3821
3821
3821
3821
3821
3821
3821
3821
3821
3821
3821
3821
3821
3821
3821
3821
3821
3821
3821
3821
3821
3821
3821
3821
3822
3822
3822
3822
3822
3822
3822
3822
3822
3822
3822
3822
3822
3822
3822
3822
3822
3822
3822
3822
3822
3822
3822
3822
3822
3822
3822
3822
3822
3822
3822
3822
3823
3823
3823
3823
3823
3823
3823
3823
3823
3823
3823
3823
3823
3823
3823
3823
3823
3823
3823
3823
3823
3823
3823
3823
3823
3823
3823
3823
3823
3823
3823
3823
3824
3824
3824
3824
3824
3824
3824
3824
3824
3824
3824
3824
3824
3824
3824
3824
3824
3824
3824
3824
3824
3824
3824
3824
3824
3824
3824
3824
3824
3824
3824
3824
3825
3825
3825
3825
3825
3825
3825
3825
3825
3825
3825
3825
3825
3825
3825
3825
3825
3825
3825
3825
3825
3825
3825
3825
3825
3825
3825
3825
3825
3825
3825
3825
3826
3826
3826
3826
3826
3826
3826
3826
3826
3826
3826
3826
3826
3826
3826
3826
3826
3826
3826
3826
3826
3826
3826
3826
3826
3826
3826
3826
3826
3826
3826
3826
3827
3827
3827
3827
3827
3827
3827
3827
3827
3827
3827
3827
3827
3827
3827
3827
3827
3827
3827
3827
3827
3827
3827
3827
3827
3827
3827
3827
3827
3827
3827
3827
3828
3828
3828
3828
3828
3828
3828
3828
3828
3828
3828
3828
3828
3828
3828
3828
3828
3828
3828
3828
3828
3828
3828
3828
3828
3828
3828
3828
3828
3828
3828
3828
3829
3829
3829
3829
3829
3829
3829
3829
3829
3829
3829
3829
3829
3829
3829
3829
3829
3829
3829
3829
3829
3829
3829
3829
3829
3829
3829
3829
3829
3829
3829
3829
382A
382A
382A
382A
382A
382A
382A
382A
382A
382A
382A
382A
382A
382A
382A
382A
382A
382A
382A
382A
382A
382A
382A
382A
382A
382A
382A
382A
382A
382A
382A
382A
382B
382B
382B
382B
382B
382B
382B
382B
382B
382B
382B
382B
382B
382B
382B
382B
382B
382B
382B
382B
382B
382B
382B
382B
382B
382B
382B
382B
382B
382B
382B
382B
382C
382C
382C
382C
382C
382C
382C
382C
382C
382C
382C
382C
382C
382C
382C
382C
382C
382C
382C
382C
382C
382C
382C
382C
382C
382C
382C
382C
382C
382C
382C
382C
382D
382D
382D
382D
382D
382D
382D
382D
382D
382D
382D
382D
382D
382D
382D
382D
382D
382D
382D
382D
382D
382D
382D
382D
382D
382D
382D
382D
382D
382D
382D
382D
382E
382E
382E
382E
382E
382E
382E
382E
382E
382E
382E
382E
382E
382E
382E
382E
382E
382E
382E
382E
382E
382E
382E
382E
382E
382E
382E
382E
382E
382E
382E
382E
382E
382F
382F
382F
382F
382F
382F
382F
382F
382F
382F
382F
382F
382F
382F
382F
382F
382F
382F
382F
382F
382F
382F
382F
382F
382F
382F
382F
382F
382F
382F
382F
382F
3830
3830
3830
3830
3830
3830
3830
3830
3830
3830
3830
3830
3830
3830
3830
3830
3830
3830
3830
3830
3830
3830
3830
3830
3830
3830
3830
3830
3830
3830
3830
3830
3831
3831
3831
3831
3831
3831
3831
3831
3831
3831
3831
3831
3831
3831
3831
3831
3831
3831
3831
3831
3831
3831
3831
3831
3831
3831
3831
3831
3831
3831
3831
3831
3832
3832
3832
3832
3832
3832
3832
3832
3832
3832
3832
3832
3832
3832
3832
3832
3832
3832
3832
3832
3832
3832
3832
3832
3832
3832
3832
3832
3832
3832
3832
3832
3833
3833
3833
3833
3833
3833
3833
3833
3833
3833
3833
3833
3833
3833
3833
3833
3833
3833
3833
3833
3833
3833
3833
3833
3833
3833
3833
3833
3833
3833
3833
3833
3834
3834
3834
3834
3834
3834
3834
3834
3834
3834
3834
3834
3834
3834
3834
3834
3834
3834
3834
3834
3834
3834
3834
3834
3834
3834
3834
3834
3834
3834
3834
3834
3835
3835
3835
3835
3835
3835
3835
3835
3835
3835
3835
3835
3835
3835
3835
3835
3835
3835
3835
3835
3835
3835
3835
3835
3835
3835
3835
3835
3835
3835
3835
3835
3836
3836
3836
3836
3836
3836
3836
3836
3836
3836
3836
3836
3836
3836
3836
3836
3836
3836
3836
3836
3836
3836
3836
3836
3836
3836
3836
3836
3836
3836
3836
3836
3837
3837
3837
3837
3837
3837
3837
3837
3837
3837
3837
3837
3837
3837
3837
3837
3837
3837
3837
3837
3837
3837
3837
3837
3837
3837
3837
3837
3837
3837
3837
3837
3838
3838
3838
3838
3838
3838
3838
3838
3838
3838
3838
3838
3838
3838
3838
3838
3838
3838
3838
3838
3838
3838
3838
3838
3838
3838
3838
3838
3838
3838
3838
3838
3839
3839
3839
3839
3839
3839
3839
3839
3839
3839
3839
3839
3839
3839
3839
3839
3839
3839
3839
3839
3839
3839
3839
3839
3839
3839
3839
3839
3839
3839
3839
3839
383A
383A
383A
383A
383A
383A
383A
383A
383A
383A
383A
383A
383A
383A
383A
383A
383A
383A
383A
383A
383A
383A
383A
383A
383A
383A
383A
383A
383A
383A
383A
383A
383A
383B
383B
383B
383B
383B
383B
383B
383B
383B
383B
383B
383B
383B
383B
383B
383B
383B
383B
383B
383B
383B
383B
383B
383B
383B
383B
383B
383B
383B
383B
383B
383B
383C
383C
383C
383C
383C
383C
383C
383C
383C
383C
383C
383C
383C
383C
383C
383C
383C
383C
383C
383C
383C
383C
383C
383C
383C
383C
383C
383C
383C
383C
383C
383C
383D
383D
383D
383D
383D
383D
383D
383D
383D
383D
383D
383D
383D
383D
383D
383D
383D
383D
383D
383D
383D
383D
383D
383D
383D
383D
383D
383D
383D
383D
383D
383D
383E
383E
383E
383E
383E
383E
383E
383E
383E
383E
383E
383E
383E
383E
383E
383E
383E
383E
383E
383E
383E
383E
383E
383E
383E
383E
383E
383E
383E
383E
383E
383E
383F
383F
383F
383F
383F
383F
383F
383F
383F
383F
383F
383F
383F
383F
383F
383F
383F
383F
383F
383F
383F
383F
383F
383F
383F
383F
383F
383F
383F
383F
383F
383F
3840
3840
3840
3840
3840
3840
3840
3840
3840
3840
3840
3840
3840
3840
3840
3840
3840
3840
3840
3840
3840
3840
3840
3841
3841
3841
3841
3841
3841
3841
3841
3841
3841
3841
3841
3841
3841
3841
3841
3842
3842
3842
3842
3842
3842
3842
3842
3842
3842
3842
3842
3842
3842
3842
3842
3843
3843
3843
3843
3843
3843
3843
3843
3843
3843
3843
3843
3843
3843
3843
3843
3844
3844
3844
3844
3844
3844
3844
3844
3844
3844
3844
3844
3844
3844
3844
3844
3845
3845
3845
3845
3845
3845
3845
3845
3845
3845
3845
3845
3845
3845
3845
3845
3846
3846
3846
3846
3846
3846
3846
3846
3846
3846
3846
3846
3846
3846
3846
3846
3847
3847
3847
3847
3847
3847
3847
3847
3847
3847
3847
3847
3847
3847
3847
3847
3848
3848
3848
3848
3848
3848
3848
3848
3848
3848
3848
3848
3848
3848
3848
3848
3849
3849
3849
3849
3849
3849
3849
3849
3849
3849
3849
3849
3849
3849
3849
3849
3849
384A
384A
384A
384A
384A
384A
384A
384A
384A
384A
384A
384A
384A
384A
384A
384A
384B
384B
384B
384B
384B
384B
384B
384B
384B
384B
384B
384B
384B
384B
384B
384B
384C
384C
384C
384C
384C
384C
384C
384C
384C
384C
384C
384C
384C
384C
384C
384C
384D
384D
384D
384D
384D
384D
384D
384D
384D
384D
384D
384D
384D
384D
384D
384D
384E
384E
384E
384E
384E
384E
384E
384E
384E
384E
384E
384E
384E
384E
384E
384E
384F
384F
384F
384F
384F
384F
384F
384F
384F
384F
384F
384F
384F
384F
384F
384F
3850
3850
3850
3850
3850
3850
3850
3850
3850
3850
3850
3850
3850
3850
3850
3850
3851
3851
3851
3851
3851
3851
3851
3851
3851
3851
3851
3851
3851
3851
3851
3851
3852
3852
3852
3852
3852
3852
3852
3852
3852
3852
3852
3852
3852
3852
3852
3852
3853
3853
3853
3853
3853
3853
3853
3853
3853
3853
3853
3853
3853
3853
3853
3853
3854
3854
3854
3854
3854
3854
3854
3854
3854
3854
3854
3854
3854
3854
3854
3854
3854
3855
3855
3855
3855
3855
3855
3855
3855
3855
3855
3855
3855
3855
3855
3855
3855
3856
3856
3856
3856
3856
3856
3856
3856
3856
3856
3856
3856
3856
3856
3856
3856
3857
3857
3857
3857
3857
3857
3857
3857
3857
3857
3857
3857
3857
3857
3857
3857
3858
3858
3858
3858
3858
3858
3858
3858
3858
3858
3858
3858
3858
3858
3858
3858
3859
3859
3859
3859
3859
3859
3859
3859
3859
3859
3859
3859
3859
3859
3859
3859
385A
385A
385A
385A
385A
385A
385A
385A
385A
385A
385A
385A
385A
385A
385A
385A
385B
385B
385B
385B
385B
385B
385B
385B
385B
385B
385B
385B
385B
385B
385B
385B
385C
385C
385C
385C
385C
385C
385C
385C
385C
385C
385C
385C
385C
385C
385C
385C
385C
385D
385D
385D
385D
385D
385D
385D
385D
385D
385D
385D
385D
385D
385D
385D
385D
385E
385E
385E
385E
385E
385E
385E
385E
385E
385E
385E
385E
385E
385E
385E
385E
385F
385F
385F
385F
385F
385F
385F
385F
385F
385F
385F
385F
385F
385F
385F
385F
3860
3860
3860
3860
3860
3860
3860
3860
3860
3860
3860
3860
3860
3860
3860
3860
3861
3861
3861
3861
3861
3861
3861
3861
3861
3861
3861
3861
3861
3861
3861
3861
3862
3862
3862
3862
3862
3862
3862
3862
3862
3862
3862
3862
3862
3862
3862
3862
3863
3863
3863
3863
3863
3863
3863
3863
3863
3863
3863
3863
3863
3863
3863
3863
3863
3864
3864
3864
3864
3864
3864
3864
3864
3864
3864
3864
3864
3864
3864
3864
3864
3865
3865
3865
3865
3865
3865
3865
3865
3865
3865
3865
3865
3865
3865
3865
3865
3866
3866
3866
3866
3866
3866
3866
3866
3866
3866
3866
3866
3866
3866
3866
3866
3867
3867
3867
3867
3867
3867
3867
3867
3867
3867
3867
3867
3867
3867
3867
3867
3868
3868
3868
3868
3868
3868
3868
3868
3868
3868
3868
3868
3868
3868
3868
3868
3869
3869
3869
3869
3869
3869
3869
3869
3869
3869
3869
3869
3869
3869
3869
3869
3869
386A
386A
386A
386A
386A
386A
386A
386A
386A
386A
386A
386A
386A
386A
386A
386A
386B
386B
386B
386B
386B
386B
386B
386B
386B
386B
386B
386B
386B
386B
386B
386B
386C
386C
386C
386C
386C
386C
386C
386C
386C
386C
386C
386C
386C
386C
386C
386C
386D
386D
386D
386D
386D
386D
386D
386D
386D
386D
386D
386D
386D
386D
386D
386D
386E
386E
386E
386E
386E
386E
386E
386E
386E
386E
386E
386E
386E
386E
386E
386E
386F
386F
386F
386F
386F
386F
386F
386F
386F
386F
386F
386F
386F
386F
386F
386F
386F
3870
3870
3870
3870
3870
3870
3870
3870
3870
3870
3870
3870
3870
3870
3870
3870
3871
3871
3871
3871
3871
3871
3871
3871
3871
3871
3871
3871
3871
3871
3871
3871
3872
3872
3872
3872
3872
3872
3872
3872
3872
3872
3872
3872
3872
3872
3872
3872
3873
3873
3873
3873
3873
3873
3873
3873
3873
3873
3873
3873
3873
3873
3873
3873
3874
3874
3874
3874
3874
3874
3874
3874
3874
3874
3874
3874
3874
3874
3874
3874
3874
3875
3875
3875
3875
3875
3875
3875
3875
3875
3875
3875
3875
3875
3875
3875
3875
3876
3876
3876
3876
3876
3876
3876
3876
3876
3876
3876
3876
3876
3876
3876
3876
3877
3877
3877
3877
3877
3877
3877
3877
3877
3877
3877
3877
3877
3877
3877
3877
3878
3878
3878
3878
3878
3878
3878
3878
3878
3878
3878
3878
3878
3878
3878
3878
3879
3879
3879
3879
3879
3879
3879
3879
3879
3879
3879
3879
3879
3879
3879
3879
3879
387A
387A
387A
387A
387A
387A
387A
387A
387A
387A
387A
387A
387A
387A
387A
387A
387B
387B
387B
387B
387B
387B
387B
387B
387B
387B
387B
387B
387B
387B
387B
387B
387C
387C
387C
387C
387C
387C
387C
387C
387C
387C
387C
387C
387C
387C
387C
387C
387D
387D
387D
387D
387D
387D
387D
387D
387D
387D
387D
387D
387D
387D
387D
387D
387D
387E
387E
387E
387E
387E
387E
387E
387E
387E
387E
387E
387E
387E
387E
387E
387E
387F
387F
387F
387F
387F
387F
387F
387F
387F
387F
387F
387F
387F
387F
387F
3880
3880
3880
3880
3880
3880
3880
3880
3881
3881
3881
3881
3881
3881
3881
3881
3882
3882
3882
3882
3882
3882
3882
3882
3883
3883
3883
3883
3883
3883
3883
3883
3884
3884
3884
3884
3884
3884
3884
3884
3885
3885
3885
3885
3885
3885
3885
3885
3885
3886
3886
3886
3886
3886
3886
3886
3886
3887
3887
3887
3887
3887
3887
3887
3887
3888
3888
3888
3888
3888
3888
3888
3888
3889
3889
3889
3889
3889
3889
3889
3889
388A
388A
388A
388A
388A
388A
388A
388A
388B
388B
388B
388B
388B
388B
388B
388B
388C
388C
388C
388C
388C
388C
388C
388C
388C
388D
388D
388D
388D
388D
388D
388D
388D
388E
388E
388E
388E
388E
388E
388E
388E
388F
388F
388F
388F
388F
388F
388F
388F
3890
3890
3890
3890
3890
3890
3890
3890
3891
3891
3891
3891
3891
3891
3891
3891
3892
3892
3892
3892
3892
3892
3892
3892
3892
3893
3893
3893
3893
3893
3893
3893
3893
3894
3894
3894
3894
3894
3894
3894
3894
3895
3895
3895
3895
3895
3895
3895
3895
3896
3896
3896
3896
3896
3896
3896
3896
3897
3897
3897
3897
3897
3897
3897
3897
3898
3898
3898
3898
3898
3898
3898
3898
3898
3899
3899
3899
3899
3899
3899
3899
3899
389A
389A
389A
389A
389A
389A
389A
389A
389B
389B
389B
389B
389B
389B
389B
389B
389C
389C
389C
389C
389C
389C
389C
389C
389D
389D
389D
389D
389D
389D
389D
389D
389D
389E
389E
389E
389E
389E
389E
389E
389E
389F
389F
389F
389F
389F
389F
389F
389F
38A0
38A0
38A0
38A0
38A0
38A0
38A0
38A0
38A1
38A1
38A1
38A1
38A1
38A1
38A1
38A1
38A2
38A2
38A2
38A2
38A2
38A2
38A2
38A2
38A2
38A3
38A3
38A3
38A3
38A3
38A3
38A3
38A3
38A4
38A4
38A4
38A4
38A4
38A4
38A4
38A4
38A5
38A5
38A5
38A5
38A5
38A5
38A5
38A5
38A6
38A6
38A6
38A6
38A6
38A6
38A6
38A6
38A7
38A7
38A7
38A7
38A7
38A7
38A7
38A7
38A7
38A8
38A8
38A8
38A8
38A8
38A8
38A8
38A8
38A9
38A9
38A9
38A9
38A9
38A9
38A9
38A9
38AA
38AA
38AA
38AA
38AA
38AA
38AA
38AA
38AB
38AB
38AB
38AB
38AB
38AB
38AB
38AB
38AB
38AC
38AC
38AC
38AC
38AC
38AC
38AC
38AC
38AD
38AD
38AD
38AD
38AD
38AD
38AD
38AD
38AE
38AE
38AE
38AE
38AE
38AE
38AE
38AE
38AF
38AF
38AF
38AF
38AF
38AF
38AF
38AF
38B0
38B0
38B0
38B0
38B0
38B0
38B0
38B0
38B0
38B1
38B1
38B1
38B1
38B1
38B1
38B1
38B1
38B2
38B2
38B2
38B2
38B2
38B2
38B2
38B2
38B3
38B3
38B3
38B3
38B3
38B3
38B3
38B3
38B4
38B4
38B4
38B4
38B4
38B4
38B4
38B4
38B4
38B5
38B5
38B5
38B5
38B5
38B5
38B5
38B5
38B6
38B6
38B6
38B6
38B6
38B6
38B6
38B6
38B7
38B7
38B7
38B7
38B7
38B7
38B7
38B7
38B7
38B8
38B8
38B8
38B8
38B8
38B8
38B8
38B8
38B9
38B9
38B9
38B9
38B9
38B9
38B9
38B9
38BA
38BA
38BA
38BA
38BA
38BA
38BA
38BA
38BB
38BB
38BB
38BB
38BB
38BB
38BB
38BB
38BB
38BC
38BC
38BC
38BC
38BC
38BC
38BC
38BC
38BD
38BD
38BD
38BD
38BD
38BD
38BD
38BD
38BE
38BE
38BE
38BE
38BE
38BE
38BE
38BE
38BF
38BF
38BF
38BF
38BF
38BF
38BF
38BF
38BF
38C0
38C0
38C0
38C0
38C0
38C0
38C0
38C0
38C1
38C1
38C1
38C1
38C1
38C1
38C1
38C1
38C2
38C2
38C2
38C2
38C2
38C2
38C2
38C2
38C2
38C3
38C3
38C3
38C3
38C3
38C3
38C3
38C3
38C4
38C4
38C4
38C4
38C4
38C4
38C4
38C4
38C5
38C5
38C5
38C5
38C5
38C5
38C5
38C5
38C5
38C6
38C6
38C6
38C6
38C6
38C6
38C6
38C6
38C7
38C7
38C7
38C7
38C7
38C7
38C7
38C7
38C8
38C8
38C8
38C8
38C8
38C8
38C8
38C8
38C9
38C9
38C9
38C9
38C9
38C9
38C9
38C9
38C9
38CA
38CA
38CA
38CA
38CA
38CA
38CA
38CA
38CB
38CB
38CB
38CB
38CB
38CB
38CB
38CB
38CC
38CC
38CC
38CC
38CC
38CC
38CC
38CC
38CC
38CD
38CD
38CD
38CD
38CD
38CD
38CD
38CD
38CE
38CE
38CE
38CE
38CE
38CE
38CE
38CE
38CF
38CF
38CF
38CF
38CF
38CF
38CF
38CF
38CF
38D0
38D0
38D0
38D0
38D0
38D0
38D0
38D0
38D1
38D1
38D1
38D1
38D1
38D1
38D1
38D1
38D2
38D2
38D2
38D2
38D2
38D2
38D2
38D2
38D2
38D3
38D3
38D3
38D3
38D3
38D3
38D3
38D3
38D4
38D4
38D4
38D4
38D4
38D4
38D4
38D4
38D4
38D5
38D5
38D5
38D5
38D5
38D5
38D5
38D5
38D6
38D6
38D6
38D6
38D6
38D6
38D6
38D6
38D7
38D7
38D7
38D7
38D7
38D7
38D7
38D7
38D7
38D8
38D8
38D8
38D8
38D8
38D8
38D8
38D8
38D9
38D9
38D9
38D9
38D9
38D9
38D9
38D9
38DA
38DA
38DA
38DA
38DA
38DA
38DA
38DA
38DA
38DB
38DB
38DB
38DB
38DB
38DB
38DB
38DB
38DC
38DC
38DC
38DC
38DC
38DC
38DC
38DC
38DC
38DD
38DD
38DD
38DD
38DD
38DD
38DD
38DD
38DE
38DE
38DE
38DE
38DE
38DE
38DE
38DE
38DF
38DF
38DF
38DF
38DF
38DF
38DF
38DF
38DF
38E0
38E0
38E0
38E0
38E0
38E0
38E0
38E0
38E1
38E1
38E1
38E1
38E1
38E1
38E1
38E1
38E1
38E2
38E2
38E2
38E2
38E2
38E2
38E2
38E2
38E3
38E3
38E3
38E3
38E3
38E3
38E3
38E3
38E4
38E4
38E4
38E4
38E4
38E4
38E4
38E4
38E4
38E5
38E5
38E5
38E5
38E5
38E5
38E5
38E5
38E6
38E6
38E6
38E6
38E6
38E6
38E6
38E6
38E6
38E7
38E7
38E7
38E7
38E7
38E7
38E7
38E7
38E8
38E8
38E8
38E8
38E8
38E8
38E8
38E8
38E9
38E9
38E9
38E9
38E9
38E9
38E9
38E9
38E9
38EA
38EA
38EA
38EA
38EA
38EA
38EA
38EA
38EB
38EB
38EB
38EB
38EB
38EB
38EB
38EB
38EB
38EC
38EC
38EC
38EC
38EC
38EC
38EC
38EC
38ED
38ED
38ED
38ED
38ED
38ED
38ED
38ED
38ED
38EE
38EE
38EE
38EE
38EE
38EE
38EE
38EE
38EF
38EF
38EF
38EF
38EF
38EF
38EF
38EF
38EF
38F0
38F0
38F0
38F0
38F0
38F0
38F0
38F0
38F1
38F1
38F1
38F1
38F1
38F1
38F1
38F1
38F1
38F2
38F2
38F2
38F2
38F2
38F2
38F2
38F2
38F3
38F3
38F3
38F3
38F3
38F3
38F3
38F3
38F3
38F4
38F4
38F4
38F4
38F4
38F4
38F4
38F4
38F5
38F5
38F5
38F5
38F5
38F5
38F5
38F5
38F6
38F6
38F6
38F6
38F6
38F6
38F6
38F6
38F6
38F7
38F7
38F7
38F7
38F7
38F7
38F7
38F7
38F8
38F8
38F8
38F8
38F8
38F8
38F8
38F8
38F8
38F9
38F9
38F9
38F9
38F9
38F9
38F9
38F9
38FA
38FA
38FA
38FA
38FA
38FA
38FA
38FA
38FA
38FB
38FB
38FB
38FB
38FB
38FC
38FC
38FC
38FC
38FC
38FD
38FD
38FD
38FD
38FE
38FE
38FE
38FE
38FF
38FF
38FF
38FF
38FF
3900
3900
3900
3900
3901
3901
3901
3901
3902
3902
3902
3902
3903
3903
3903
3903
3903
3904
3904
3904
3904
3905
3905
3905
3905
3906
3906
3906
3906
3907
3907
3907
3907
3907
3908
3908
3908
3908
3909
3909
3909
3909
390A
390A
390A
390A
390A
390B
390B
390B
390B
390C
390C
390C
390C
390D
390D
390D
390D
390E
390E
390E
390E
390E
390F
390F
390F
390F
3910
3910
3910
3910
3911
3911
3911
3911
3911
3912
3912
3912
3912
3913
3913
3913
3913
3914
3914
3914
3914
3914
3915
3915
3915
3915
3916
3916
3916
3916
3917
3917
3917
3917
3917
3918
3918
3918
3918
3919
3919
3919
3919
391A
391A
391A
391A
391A
391B
391B
391B
391B
391C
391C
391C
391C
391D
391D
391D
391D
391D
391E
391E
391E
391E
391F
391F
391F
391F
3920
3920
3920
3920
3920
3921
3921
3921
3921
3922
3922
3922
3922
3923
3923
3923
3923
3923
3924
3924
3924
3924
3925
3925
3925
3925
3926
3926
3926
3926
3926
3927
3927
3927
3927
3928
3928
3928
3928
3929
3929
3929
3929
3929
392A
392A
392A
392A
392B
392B
392B
392B
392B
392C
392C
392C
392C
392D
392D
392D
392D
392E
392E
392E
392E
392E
392F
392F
392F
392F
3930
3930
3930
3930
3931
3931
3931
3931
3931
3932
3932
3932
3932
3933
3933
3933
3933
3933
3934
3934
3934
3934
3935
3935
3935
3935
3936
3936
3936
3936
3936
3937
3937
3937
3937
3938
3938
3938
3938
3938
3939
3939
3939
3939
393A
393A
393A
393A
393B
393B
393B
393B
393B
393C
393C
393C
393C
393D
393D
393D
393D
393D
393E
393E
393E
393E
393F
393F
393F
393F
393F
3940
3940
3940
3940
3941
3941
3941
3941
3942
3942
3942
3942
3942
3943
3943
3943
3943
3944
3944
3944
3944
3944
3945
3945
3945
3945
3946
3946
3946
3946
3946
3947
3947
3947
3947
3948
3948
3948
3948
3948
3949
3949
3949
3949
394A
394A
394A
394A
394A
394B
394B
394B
394B
394C
394C
394C
394C
394D
394D
394D
394D
394D
394E
394E
394E
394E
394F
394F
394F
394F
394F
3950
3950
3950
3950
3951
3951
3951
3951
3951
3952
3952
3952
3952
3953
3953
3953
3953
3953
3954
3954
3954
3954
3955
3955
3955
3955
3955
3956
3956
3956
3956
3957
3957
3957
3957
3957
3958
3958
3958
3958
3959
3959
3959
3959
3959
395A
395A
395A
395A
395B
395B
395B
395B
395B
395C
395C
395C
395C
395D
395D
395D
395D
395D
395E
395E
395E
395E
395F
395F
395F
395F
395F
3960
3960
3960
3960
3960
3961
3961
3961
3961
3962
3962
3962
3962
3962
3963
3963
3963
3963
3964
3964
3964
3964
3964
3965
3965
3965
3965
3966
3966
3966
3966
3966
3967
3967
3967
3967
3968
3968
3968
3968
3968
3969
3969
3969
3969
3969
396A
396A
396A
396A
396B
396B
396B
396B
396B
396C
396C
396C
396C
396D
396D
396D
396D
396D
396E
396E
396E
396E
396F
396F
396F
396F
396F
3970
3970
3970
3970
3970
3971
3971
3971
3971
3972
3972
3972
3972
3972
3973
3973
3973
3973
3974
3974
3974
3974
3974
3975
3975
3975
3975
3975
3976
3976
3976
3976
3977
3977
3977
3977
3977
3978
3978
3978
3978
3979
3979
3979
3979
3979
397A
397A
397A
397A
397A
397B
397B
397B
397B
397C
397C
397C
397C
397C
397D
397D
397D
397D
397D
397E
397E
397E
397E
397F
397F
397F
397F
397F
3980
3980
3980
3980
3980
3981
3981
3981
3981
3982
3982
3982
3982
3982
3983
3983
3983
3983
3983
3984
3984
3984
3984
3985
3985
3985
3985
3985
3986
3986
3986
3986
3986
3987
3987
3987
3987
3988
3988
3988
3988
3988
3989
3989
3989
3989
3989
398A
398A
398A
398A
398B
398B
398B
398B
398B
398C
398C
398C
398C
398C
398D
398D
398D
398D
398E
398E
398E
398E
398E
398F
398F
398F
398F
398F
3990
3990
3990
3990
3990
3991
3991
3991
3991
3992
3992
3992
3992
3992
3993
3993
3993
3993
3993
3994
3994
3994
3994
3994
3995
3995
3995
3995
3996
3996
3996
3996
3996
3997
3997
3997
3997
3997
3998
3998
3998
3998
3998
3999
3999
3999
3999
399A
399A
399A
399A
399A
399B
399B
399B
399B
399B
399C
399C
399C
399C
399C
399D
399D
399D
399D
399E
399E
399E
399E
399E
399F
399F
399F
399F
399F
39A0
39A0
39A0
39A0
39A0
39A1
39A1
39A1
39A1
39A1
39A2
39A2
39A2
39A2
39A3
39A3
39A3
39A3
39A3
39A4
39A4
39A4
39A4
39A4
39A5
39A5
39A5
39A5
39A5
39A6
39A6
39A6
39A6
39A6
39A7
39A7
39A7
39A7
39A8
39A8
39A8
39A8
39A8
39A9
39A9
39A9
39A9
39A9
39AA
39AA
39AA
39AA
39AA
39AB
39AB
39AB
39AB
39AB
39AC
39AC
39AC
39AC
39AC
39AD
39AD
39AD
39AD
39AE
39AE
39AE
39AE
39AE
39AF
39AF
39AF
39AF
39AF
39B0
39B0
39B0
39B0
39B0
39B1
39B1
39B1
39B1
39B1
39B2
39B2
39B2
39B2
39B2
39B3
39B3
39B3
39B3
39B3
39B4
39B4
39B4
39B4
39B4
39B5
39B5
39B5
39B5
39B6
39B6
39B6
39B6
39B6
39B7
39B7
39B7
39B7
39B7
39B8
39B8
39B8
39B8
39B8
39B9
39B9
39B9
39B9
39B9
39BA
39BA
39BA
39BA
39BA
39BB
39BB
39BB
39BB
39BB
39BC
39BC
39BC
39BC
39BC
39BD
39BD
39BD
39BD
39BD
39BE
39BE
39BE
39BE
39BE
39BF
39BF
39BF
39BF
39BF
39C0
39C0
39C0
39C0
39C0
39C1
39C1
39C1
39C1
39C1
39C2
39C2
39C2
39C2
39C3
39C3
39C3
39C3
39C3
39C4
39C4
39C4
39C4
39C4
39C5
39C5
39C5
39C5
39C5
39C6
39C6
39C6
39C6
39C6
39C7
39C7
39C7
39C7
39C7
39C8
39C8
39C8
39C8
39C8
39C9
39C9
39C9
39C9
39C9
39CA
39CA
39CA
39CA
39CA
39CB
39CB
39CB
39CB
39CB
39CC
39CC
39CC
39CC
39CC
39CD
39CD
39CD
39CD
39CD
39CE
39CE
39CE
39CE
39CE
39CF
39CF
39CF
39CF
39CF
39D0
39D0
39D0
39D0
39D0
39D1
39D1
39D1
39D1
39D1
39D2
39D2
39D2
39D2
39D2
39D2
39D3
39D3
39D3
39D3
39D3
39D4
39D4
39D4
39D4
39D4
39D5
39D5
39D5
39D5
39D5
39D6
39D6
39D6
39D6
39D6
39D7
39D7
39D7
39D7
39D7
39D8
39D8
39D8
39D8
39D8
39D9
39D9
39D9
39D9
39DA
39DA
39DA
39DB
39DB
39DC
39DC
39DC
39DD
39DD
39DE
39DE
39DE
39DF
39DF
39DF
39E0
39E0
39E1
39E1
39E1
39E2
39E2
39E3
39E3
39E3
39E4
39E4
39E5
39E5
39E5
39E6
39E6
39E6
39E7
39E7
39E8
39E8
39E8
39E9
39E9
39EA
39EA
39EA
39EB
39EB
39EB
39EC
39EC
39ED
39ED
39ED
39EE
39EE
39EF
39EF
39EF
39F0
39F0
39F0
39F1
39F1
39F2
39F2
39F2
39F3
39F3
39F4
39F4
39F4
39F5
39F5
39F5
39F6
39F6
39F7
39F7
39F7
39F8
39F8
39F8
39F9
39F9
39FA
39FA
39FA
39FB
39FB
39FB
39FC
39FC
39FD
39FD
39FD
39FE
39FE
39FF
39FF
39FF
3A00
3A00
3A00
3A01
3A01
3A02
3A02
3A02
3A03
3A03
3A03
3A04
3A04
3A04
3A05
3A05
3A06
3A06
3A06
3A07
3A07
3A07
3A08
3A08
3A09
3A09
3A09
3A0A
3A0A
3A0A
3A0B
3A0B
3A0C
3A0C
3A0C
3A0D
3A0D
3A0D
3A0E
3A0E
3A0E
3A0F
3A0F
3A10
3A10
3A10
3A11
3A11
3A11
3A12
3A12
3A13
3A13
3A13
3A14
3A14
3A14
3A15
3A15
3A15
3A16
3A16
3A17
3A17
3A17
3A18
3A18
3A18
3A19
3A19
3A19
3A1A
3A1A
3A1B
3A1B
3A1B
3A1C
3A1C
3A1C
3A1D
3A1D
3A1D
3A1E
3A1E
3A1E
3A1F
3A1F
3A20
3A20
3A20
3A21
3A21
3A21
3A22
3A22
3A22
3A23
3A23
3A24
3A24
3A24
3A25
3A25
3A25
3A26
3A26
3A26
3A27
3A27
3A27
3A28
3A28
3A28
3A29
3A29
3A2A
3A2A
3A2A
3A2B
3A2B
3A2B
3A2C
3A2C
3A2C
3A2D
3A2D
3A2D
3A2E
3A2E
3A2E
3A2F
3A2F
3A30
3A30
3A30
3A31
3A31
3A31
3A32
3A32
3A32
3A33
3A33
3A33
3A34
3A34
3A34
3A35
3A35
3A35
3A36
3A36
3A37
3A37
3A37
3A38
3A38
3A38
3A39
3A39
3A39
3A3A
3A3A
3A3A
3A3B
3A3B
3A3B
3A3C
3A3C
3A3C
3A3D
3A3D
3A3D
3A3E
3A3E
3A3E
3A3F
3A3F
3A3F
3A40
3A40
3A41
3A41
3A41
3A42
3A42
3A42
3A43
3A43
3A43
3A44
3A44
3A44
3A45
3A45
3A45
3A46
3A46
3A46
3A47
3A47
3A47
3A48
3A48
3A48
3A49
3A49
3A49
3A4A
3A4A
3A4A
3A4B
3A4B
3A4B
3A4C
3A4C
3A4C
3A4D
3A4D
3A4D
3A4E
3A4E
3A4E
3A4F
3A4F
3A4F
3A50
3A50
3A50
3A51
3A51
3A51
3A52
3A52
3A52
3A53
3A53
3A53
3A54
3A54
3A54
3A55
3A55
3A55
3A56
3A56
3A56
3A57
3A57
3A57
3A58
3A58
3A58
3A59
3A59
3A59
3A5A
3A5A
3A5A
3A5B
3A5B
3A5B
3A5C
3A5C
3A5C
3A5D
3A5D
3A5D
3A5E
3A5E
3A5E
3A5E
3A5F
3A5F
3A5F
3A60
3A60
3A60
3A61
3A61
3A61
3A62
3A62
3A62
3A63
3A63
3A63
3A64
3A64
3A64
3A65
3A65
3A65
3A66
3A66
3A66
3A67
3A67
3A67
3A67
3A68
3A68
3A68
3A69
3A69
3A69
3A6A
3A6A
3A6A
3A6B
3A6B
3A6B
3A6C
3A6C
3A6C
3A6D
3A6D
3A6D
3A6E
3A6E
3A6E
3A6E
3A6F
3A6F
3A6F
3A70
3A70
3A70
3A71
3A71
3A71
3A72
3A72
3A72
3A73
3A73
3A73
3A73
3A74
3A74
3A74
3A75
3A75
3A75
3A76
3A76
3A76
3A77
3A77
3A77
3A78
3A78
3A78
3A78
3A79
3A79
3A79
3A7A
3A7A
3A7A
3A7B
3A7B
3A7B
3A7C
3A7C
3A7C
3A7C
3A7D
3A7D
3A7D
3A7E
3A7E
3A7E
3A7F
3A7F
3A7F
3A80
3A80
3A80
3A80
3A81
3A81
3A81
3A82
3A82
3A82
3A83
3A83
3A83
3A83
3A84
3A84
3A84
3A85
3A85
3A85
3A86
3A86
3A86
3A86
3A87
3A87
3A87
3A88
3A88
3A88
3A89
3A89
3A89
3A89
3A8A
3A8A
3A8A
3A8B
3A8B
3A8B
3A8C
3A8C
3A8C
3A8C
3A8D
3A8D
3A8D
3A8E
3A8E
3A8E
3A8F
3A8F
3A8F
3A8F
3A90
3A90
3A90
3A91
3A91
3A91
3A91
3A92
3A92
3A92
3A93
3A93
3A93
3A94
3A94
3A94
3A94
3A95
3A95
3A95
3A96
3A96
3A96
3A96
3A97
3A97
3A97
3A98
3A98
3A98
3A98
3A99
3A99
3A99
3A9A
3A9A
3A9A
3A9B
3A9B
3A9B
3A9B
3A9C
3A9C
3A9C
3A9D
3A9D
3A9D
3A9D
3A9E
3A9E
3A9E
3A9F
3A9F
3A9F
3A9F
3AA0
3AA0
3AA0
3AA1
3AA1
3AA1
3AA1
3AA2
3AA2
3AA2
3AA3
3AA3
3AA3
3AA3
3AA4
3AA4
3AA4
3AA4
3AA5
3AA5
3AA5
3AA6
3AA6
3AA6
3AA6
3AA7
3AA7
3AA7
3AA8
3AA8
3AA8
3AA8
3AA9
3AA9
3AA9
3AAA
3AAA
3AAA
3AAA
3AAB
3AAB
3AAB
3AAB
3AAC
3AAC
3AAC
3AAD
3AAD
3AAD
3AAD
3AAE
3AAE
3AAE
3AAF
3AAF
3AAF
3AAF
3AB0
3AB0
3AB0
3AB0
3AB1
3AB1
3AB1
3AB2
3AB2
3AB2
3AB2
3AB3
3AB3
3AB3
3AB3
3AB4
3AB4
3AB4
3AB5
3AB5
3AB5
3AB5
3AB6
3AB6
3AB6
3AB6
3AB7
3AB7
3AB7
3AB8
3AB8
3AB8
3AB8
3AB9
3AB9
3AB9
3AB9
3ABA
3ABA
3ABA
3ABA
3ABB
3ABB
3ABB
3ABC
3ABC
3ABC
3ABC
3ABD
3ABD
3ABD
3ABD
3ABE
3ABE
3ABE
3ABE
3ABF
3ABF
3ABF
3AC0
3AC0
3AC0
3AC0
3AC1
3AC1
3AC1
3AC1
3AC2
3AC2
3AC2
3AC2
3AC3
3AC3
3AC3
3AC3
3AC4
3AC4
3AC4
3AC4
3AC5
3AC5
3AC5
3AC6
3AC6
3AC6
3AC6
3AC7
3AC7
3AC7
3AC7
3AC8
3AC8
3AC8
3AC8
3AC9
3AC9
3AC9
3AC9
3ACA
3ACA
3ACA
3ACA
3ACB
3ACB
3ACB
3ACB
3ACC
3ACC
3ACC
3ACC
3ACD
3ACD
3ACD
3ACE
3ACE
3ACE
3ACE
3ACF
3ACF
3ACF
3ACF
3AD0
3AD0
3AD0
3AD0
3AD1
3AD1
3AD1
3AD1
3AD2
3AD2
3AD2
3AD2
3AD3
3AD3
3AD3
3AD3
3AD4
3AD4
3AD4
3AD4
3AD5
3AD5
3AD5
3AD5
3AD6
3AD6
3AD6
3AD6
3AD7
3AD7
3AD7
3AD7
3AD8
3AD8
3AD8
3AD8
3AD9
3AD9
3AD9
3AD9
3ADA
3ADA
3ADA
3ADA
3ADB
3ADB
3ADB
3ADB
3ADB
3ADC
3ADC
3ADC
3ADC
3ADD
3ADD
3ADD
3ADD
3ADE
3ADE
3ADE
3ADE
3ADF
3ADF
3ADF
3ADF
3AE0
3AE0
3AE0
3AE0
3AE1
3AE1
3AE1
3AE1
3AE2
3AE2
3AE2
3AE2
3AE3
3AE3
3AE3
3AE3
3AE3
3AE4
3AE4
3AE4
3AE4
3AE5
3AE5
3AE5
3AE5
3AE6
3AE6
3AE6
3AE6
3AE7
3AE7
3AE7
3AE7
3AE8
3AE8
3AE8
3AE8
3AE8
3AE9
3AE9
3AE9
3AE9
3AEA
3AEA
3AEA
3AEA
3AEB
3AEB
3AEB
3AEB
3AEC
3AEC
3AEC
3AEC
3AEC
3AED
3AED
3AED
3AED
3AEE
3AEE
3AEE
3AEE
3AEF
3AEF
3AEF
3AEF
3AEF
3AF0
3AF0
3AF0
3AF0
3AF1
3AF1
3AF1
3AF1
3AF2
3AF2
3AF2
3AF2
3AF2
3AF3
3AF3
3AF3
3AF3
3AF4
3AF4
3AF4
3AF4
3AF4
3AF5
3AF5
3AF5
3AF5
3AF6
3AF6
3AF6
3AF6
3AF7
3AF7
3AF7
3AF7
3AF7
3AF8
3AF8
3AF8
3AF8
3AF9
3AF9
3AF9
3AF9
3AF9
3AFA
3AFA
3AFA
3AFA
3AFB
3AFB
3AFB
3AFB
3AFB
3AFC
3AFC
3AFC
3AFC
3AFD
3AFD
3AFD
3AFD
3AFD
3AFE
3AFE
3AFE
3AFE
3AFF
3AFF
3AFF
3AFF
3AFF
3B00
3B00
3B00
3B00
3B01
3B01
3B01
3B01
3B01
3B02
3B02
3B02
3B02
3B02
3B03
3B03
3B03
3B03
3B04
3B04
3B04
3B04
3B04
3B05
3B05
3B05
3B05
3B06
3B06
3B06
3B06
3B06
3B07
3B07
3B07
3B07
3B07
3B08
3B08
3B08
3B08
3B08
3B09
3B09
3B09
3B09
3B0A
3B0A
3B0A
3B0A
3B0A
3B0B
3B0B
3B0B
3B0B
3B0B
3B0C
3B0C
3B0C
3B0D
3B0D
3B0E
3B0E
3B0E
3B0F
3B0F
3B10
3B10
3B10
3B11
3B11
3B12
3B12
3B13
3B13
3B13
3B14
3B14
3B15
3B15
3B15
3B16
3B16
3B17
3B17
3B17
3B18
3B18
3B19
3B19
3B19
3B1A
3B1A
3B1B
3B1B
3B1B
3B1C
3B1C
3B1D
3B1D
3B1D
3B1E
3B1E
3B1F
3B1F
3B1F
3B20
3B20
3B20
3B21
3B21
3B22
3B22
3B22
3B23
3B23
3B24
3B24
3B24
3B25
3B25
3B25
3B26
3B26
3B27
3B27
3B27
3B28
3B28
3B29
3B29
3B29
3B2A
3B2A
3B2A
3B2B
3B2B
3B2C
3B2C
3B2C
3B2D
3B2D
3B2D
3B2E
3B2E
3B2E
3B2F
3B2F
3B30
3B30
3B30
3B31
3B31
3B31
3B32
3B32
3B32
3B33
3B33
3B34
3B34
3B34
3B35
3B35
3B35
3B36
3B36
3B36
3B37
3B37
3B37
3B38
3B38
3B39
3B39
3B39
3B3A
3B3A
3B3A
3B3B
3B3B
3B3B
3B3C
3B3C
3B3C
3B3D
3B3D
3B3D
3B3E
3B3E
3B3E
3B3F
3B3F
3B3F
3B40
3B40
3B40
3B41
3B41
3B42
3B42
3B42
3B43
3B43
3B43
3B44
3B44
3B44
3B45
3B45
3B45
3B46
3B46
3B46
3B47
3B47
3B47
3B47
3B48
3B48
3B48
3B49
3B49
3B49
3B4A
3B4A
3B4A
3B4B
3B4B
3B4B
3B4C
3B4C
3B4C
3B4D
3B4D
3B4D
3B4E
3B4E
3B4E
3B4F
3B4F
3B4F
3B50
3B50
3B50
3B50
3B51
3B51
3B51
3B52
3B52
3B52
3B53
3B53
3B53
3B54
3B54
3B54
3B54
3B55
3B55
3B55
3B56
3B56
3B56
3B57
3B57
3B57
3B58
3B58
3B58
3B58
3B59
3B59
3B59
3B5A
3B5A
3B5A
3B5B
3B5B
3B5B
3B5B
3B5C
3B5C
3B5C
3B5D
3B5D
3B5D
3B5D
3B5E
3B5E
3B5E
3B5F
3B5F
3B5F
3B60
3B60
3B60
3B60
3B61
3B61
3B61
3B62
3B62
3B62
3B62
3B63
3B63
3B63
3B64
3B64
3B64
3B64
3B65
3B65
3B65
3B65
3B66
3B66
3B66
3B67
3B67
3B67
3B67
3B68
3B68
3B68
3B69
3B69
3B69
3B69
3B6A
3B6A
3B6A
3B6A
3B6B
3B6B
3B6B
3B6C
3B6C
3B6C
3B6C
3B6D
3B6D
3B6D
3B6D
3B6E
3B6E
3B6E
3B6E
3B6F
3B6F
3B6F
3B6F
3B70
3B70
3B70
3B71
3B71
3B71
3B71
3B72
3B72
3B72
3B72
3B73
3B73
3B73
3B73
3B74
3B74
3B74
3B74
3B75
3B75
3B75
3B75
3B76
3B76
3B76
3B76
3B77
3B77
3B77
3B77
3B78
3B78
3B78
3B78
3B79
3B79
3B79
3B79
3B7A
3B7A
3B7A
3B7A
3B7B
3B7B
3B7B
3B7B
3B7C
3B7C
3B7C
3B7C
3B7D
3B7D
3B7D
3B7D
3B7E
3B7E
3B7E
3B7E
3B7E
3B7F
3B7F
3B7F
3B7F
3B80
3B80
3B80
3B80
3B81
3B81
3B81
3B81
3B82
3B82
3B82
3B82
3B82
3B83
3B83
3B83
3B83
3B84
3B84
3B84
3B84
3B84
3B85
3B85
3B85
3B85
3B86
3B86
3B86
3B86
3B87
3B87
3B87
3B87
3B87
3B88
3B88
3B88
3B88
3B89
3B89
3B89
3B89
3B89
3B8A
3B8A
3B8A
3B8A
3B8A
3B8B
3B8B
3B8B
3B8B
3B8C
3B8C
3B8C
3B8C
3B8C
3B8D
3B8D
3B8D
3B8D
3B8D
3B8E
3B8E
3B8E
3B8E
3B8F
3B8F
3B8F
3B8F
3B8F
3B90
3B90
3B90
3B90
3B90
3B91
3B91
3B91
3B91
3B91
3B92
3B92
3B92
3B92
3B92
3B93
3B93
3B93
3B93
3B93
3B94
3B94
3B94
3B94
3B94
3B95
3B95
3B95
3B95
3B95
3B96
3B96
3B96
3B96
3B96
3B97
3B97
3B97
3B97
3B97
3B98
3B98
3B98
3B98
3B98
3B99
3B99
3B99
3B99
3B99
3B99
3B9A
3B9A
3B9A
3B9A
3B9A
3B9B
3B9B
3B9B
3B9B
3B9B
3B9C
3B9C
3B9C
3B9C
3B9C
3B9C
3B9D
3B9D
3B9D
3B9D
3B9D
3B9E
3B9E
3B9E
3B9E
3B9E
3B9F
3B9F
3B9F
3B9F
3B9F
3B9F
3BA0
3BA0
3BA0
3BA0
3BA0
3BA0
3BA1
3BA1
3BA1
3BA1
3BA1
3BA2
3BA2
3BA2
3BA2
3BA2
3BA2
3BA3
3BA3
3BA3
3BA3
3BA3
3BA3
3BA4
3BA4
3BA4
3BA4
3BA4
3BA4
3BA5
3BA5
3BA5
3BA5
3BA5
3BA6
3BA6
3BA6
3BA6
3BA6
3BA6
3BA7
3BA7
3BA7
3BA7
3BA7
3BA7
3BA8
3BA8
3BA8
3BA8
3BA8
3BA8
3BA9
3BA9
3BA9
3BA9
3BA9
3BA9
3BA9
3BAA
3BAA
3BAA
3BAA
3BAA
3BAA
3BAB
3BAB
3BAB
3BAB
3BAB
3BAB
3BAC
3BAC
3BAC
3BAC
3BAC
3BAC
3BAD
3BAD
3BAD
3BAD
3BAD
3BAD
3BAD
3BAE
3BAE
3BAE
3BAE
3BAE
3BAE
3BAF
3BAF
3BAF
3BAF
3BAF
3BAF
3BAF
3BB0
3BB0
3BB0
3BB0
3BB0
3BB0
3BB0
3BB1
3BB1
3BB1
3BB1
3BB1
3BB1
3BB2
3BB2
3BB2
3BB2
3BB2
3BB2
3BB2
3BB3
3BB3
3BB3
3BB3
3BB3
3BB3
3BB3
3BB4
3BB4
3BB4
3BB4
3BB4
3BB4
3BB4
3BB5
3BB5
3BB5
3BB5
3BB5
3BB5
3BB5
3BB6
3BB6
3BB6
3BB6
3BB6
3BB6
3BB6
3BB7
3BB7
3BB7
3BB7
3BB7
3BB7
3BB7
3BB7
3BB8
3BB8
3BB8
3BB8
3BB8
3BB8
3BB8
3BB9
3BB9
3BB9
3BB9
3BB9
3BB9
3BB9
3BBA
3BBA
3BBA
3BBA
3BBA
3BBA
3BBA
3BBA
3BBB
3BBB
3BBB
3BBB
3BBB
3BBB
3BBB
3BBB
3BBC
3BBC
3BBC
3BBC
3BBC
3BBC
3BBC
3BBC
3BBD
3BBD
3BBD
3BBD
3BBD
3BBD
3BBD
3BBE
3BBE
3BBE
3BBE
3BBE
3BBE
3BBE
3BBE
3BBF
3BBF
3BBF
3BBF
3BBF
3BBF
3BBF
3BBF
3BBF
3BC0
3BC0
3BC0
3BC0
3BC0
3BC0
3BC0
3BC0
3BC1
3BC1
3BC1
3BC1
3BC1
3BC1
3BC1
3BC1
3BC2
3BC2
3BC2
3BC2
3BC2
3BC2
3BC2
3BC2
3BC2
3BC3
3BC3
3BC3
3BC3
3BC3
3BC3
3BC3
3BC3
3BC4
3BC4
3BC4
3BC4
3BC4
3BC4
3BC4
3BC4
3BC4
3BC5
3BC5
3BC5
3BC5
3BC5
3BC5
3BC5
3BC5
3BC5
3BC6
3BC6
3BC6
3BC6
3BC6
3BC6
3BC6
3BC6
3BC6
3BC7
3BC7
3BC7
3BC7
3BC7
3BC7
3BC7
3BC7
3BC7
3BC8
3BC8
3BC8
3BC8
3BC8
3BC8
3BC8
3BC8
3BC8
3BC8
3BC9
3BC9
3BC9
3BC9
3BC9
3BC9
3BC9
3BC9
3BC9
3BCA
3BCA
3BCA
3BCA
3BCA
3BCA
3BCA
3BCA
3BCA
3BCA
3BCB
3BCB
3BCB
3BCB
3BCB
3BCB
3BCB
3BCB
3BCB
3BCB
3BCC
3BCC
3BCC
3BCC
3BCC
3BCC
3BCC
3BCC
3BCC
3BCC
3BCD
3BCD
3BCD
3BCD
3BCD
3BCD
3BCD
3BCD
3BCD
3BCD
3BCE
3BCE
3BCE
3BCE
3BCE
3BCE
3BCE
3BCE
3BCE
3BCE
3BCE
3BCF
3BCF
3BCF
3BCF
3BCF
3BCF
3BCF
3BCF
3BCF
3BCF
3BCF
3BD0
3BD0
3BD0
3BD0
3BD0
3BD0
3BD0
3BD0
3BD0
3BD0
3BD0
3BD1
3BD1
3BD1
3BD1
3BD1
3BD1
3BD1
3BD1
3BD1
3BD1
3BD1
3BD2
3BD2
3BD2
3BD2
3BD2
3BD2
3BD2
3BD2
3BD2
3BD2
3BD2
3BD3
3BD3
3BD3
3BD3
3BD3
3BD3
3BD3
3BD3
3BD3
3BD3
3BD3
3BD3
3BD4
3BD4
3BD4
3BD4
3BD4
3BD4
3BD4
3BD4
3BD4
3BD4
3BD4
3BD4
3BD5
3BD5
3BD5
3BD5
3BD5
3BD5
3BD5
3BD5
3BD5
3BD5
3BD5
3BD5
3BD6
3BD6
3BD6
3BD6
3BD6
3BD6
3BD6
3BD6
3BD6
3BD6
3BD6
3BD6
3BD7
3BD7
3BD7
3BD7
3BD7
3BD7
3BD7
3BD7
3BD7
3BD7
3BD7
3BD7
3BD7
3BD8
3BD8
3BD8
3BD8
3BD8
3BD8
3BD8
3BD8
3BD8
3BD8
3BD8
3BD8
3BD8
3BD9
3BD9
3BD9
3BD9
3BD9
3BD9
3BD9
3BD9
3BD9
3BD9
3BD9
3BD9
3BD9
3BDA
3BDA
3BDA
3BDA
3BDA
3BDA
3BDA
3BDA
3BDA
3BDA
3BDA
3BDA
3BDA
3BDA
3BDB
3BDB
3BDB
3BDB
3BDB
3BDB
3BDB
3BDB
3BDB
3BDB
3BDB
3BDB
3BDC
3BDC
3BDC
3BDC
3BDC
3BDC
3BDC
3BDD
3BDD
3BDD
3BDD
3BDD
3BDD
3BDD
3BDD
3BDE
3BDE
3BDE
3BDE
3BDE
3BDE
3BDE
3BDF
3BDF
3BDF
3BDF
3BDF
3BDF
3BDF
3BDF
3BE0
3BE0
3BE0
3BE0
3BE0
3BE0
3BE0
3BE0
3BE1
3BE1
3BE1
3BE1
3BE1
3BE1
3BE1
3BE1
3BE1
3BE2
3BE2
3BE2
3BE2
3BE2
3BE2
3BE2
3BE2
3BE3
3BE3
3BE3
3BE3
3BE3
3BE3
3BE3
3BE3
3BE3
3BE4
3BE4
3BE4
3BE4
3BE4
3BE4
3BE4
3BE4
3BE4
3BE4
3BE5
3BE5
3BE5
3BE5
3BE5
3BE5
3BE5
3BE5
3BE5
3BE6
3BE6
3BE6
3BE6
3BE6
3BE6
3BE6
3BE6
3BE6
3BE6
3BE7
3BE7
3BE7
3BE7
3BE7
3BE7
3BE7
3BE7
3BE7
3BE7
3BE8
3BE8
3BE8
3BE8
3BE8
3BE8
3BE8
3BE8
3BE8
3BE8
3BE8
3BE9
3BE9
3BE9
3BE9
3BE9
3BE9
3BE9
3BE9
3BE9
3BE9
3BE9
3BE9
3BEA
3BEA
3BEA
3BEA
3BEA
3BEA
3BEA
3BEA
3BEA
3BEA
3BEA
3BEB
3BEB
3BEB
3BEB
3BEB
3BEB
3BEB
3BEB
3BEB
3BEB
3BEB
3BEB
3BEB
3BEC
3BEC
3BEC
3BEC
3BEC
3BEC
3BEC
3BEC
3BEC
3BEC
3BEC
3BEC
3BEC
3BED
3BED
3BED
3BED
3BED
3BED
3BED
3BED
3BED
3BED
3BED
3BED
3BED
3BEE
3BEE
3BEE
3BEE
3BEE
3BEE
3BEE
3BEE
3BEE
3BEE
3BEE
3BEE
3BEE
3BEE
3BEF
3BEF
3BEF
3BEF
3BEF
3BEF
3BEF
3BEF
3BEF
3BEF
3BEF
3BEF
3BEF
3BEF
3BEF
3BEF
3BF0
3BF0
3BF0
3BF0
3BF0
3BF0
3BF0
3BF0
3BF0
3BF0
3BF0
3BF0
3BF0
3BF0
3BF0
3BF0
3BF1
3BF1
3BF1
3BF1
3BF1
3BF1
3BF1
3BF1
3BF1
3BF1
3BF1
3BF1
3BF1
3BF1
3BF1
3BF1
3BF1
3BF2
3BF2
3BF2
3BF2
3BF2
3BF2
3BF2
3BF2
3BF2
3BF2
3BF2
3BF2
3BF2
3BF2
3BF2
3BF2
3BF2
3BF2
3BF3
3BF3
3BF3
3BF3
3BF3
3BF3
3BF3
3BF3
3BF3
3BF3
3BF3
3BF3
3BF3
3BF3
3BF3
3BF3
3BF3
3BF3
3BF3
3BF3
3BF4
3BF4
3BF4
3BF4
3BF4
3BF4
3BF4
3BF4
3BF4
3BF4
3BF4
3BF4
3BF4
3BF4
3BF4
3BF4
3BF4
3BF4
3BF4
3BF4
3BF4
3BF4
3BF5
3BF5
3BF5
3BF5
3BF5
3BF5
3BF5
3BF5
3BF5
3BF5
3BF5
3BF5
3BF5
3BF5
3BF5
3BF5
3BF5
3BF5
3BF5
3BF5
3BF5
3BF5
3BF5
3BF6
3BF6
3BF6
3BF6
3BF6
3BF6
3BF6
3BF6
3BF6
3BF6
3BF6
3BF6
3BF6
3BF6
3BF6
3BF6
3BF6
3BF6
3BF6
3BF6
3BF6
3BF6
3BF6
3BF6
3BF6
3BF6
3BF7
3BF7
3BF7
3BF7
3BF7
3BF7
3BF7
3BF7
3BF7
3BF7
3BF7
3BF7
3BF7
3BF7
3BF7
3BF7
3BF7
3BF7
3BF7
3BF7
3BF7
3BF7
3BF7
3BF7
3BF7
3BF7
3BF7
3BF7
3BF8
3BF8
3BF8
3BF8
3BF8
3BF8
3BF8
3BF8
3BF8
3BF8
3BF8
3BF8
3BF8
3BF8
3BF8
3BF8
3BF8
3BF8
3BF8
3BF8
3BF8
3BF8
3BF8
3BF8
3BF8
3BF8
3BF8
3BF8
3BF8
3BF8
3BF8
3BF8
3BF8
3BF9
3BF9
3BF9
3BF9
3BF9
3BF9
3BF9
3BF9
3BF9
3BF9
3BF9
3BF9
3BF9
3BF9
3BF9
3BF9
3BF9
3BF9
3BF9
3BF9
3BF9
3BF9
3BF9
3BF9
3BF9
3BF9
3BF9
3BF9
3BF9
3BF9
3BF9
3BF9
3BF9
3BF9
3BF9
3BF9
3BFA
3BFA
3BFA
3BFA
3BFA
3BFA
3BFA
3BFA
3BFA
3BFA
3BFA
3BFA
3BFA
3BFA
3BFA
3BFA
3BFA
3BFA
3BFA
3BFA
3BFA
3BFA
3BFA
3BFA
3BFA
3BFA
3BFA
3BFA
3BFA
3BFA
3BFA
3BFA
3BFA
3BFA
3BFA
3BFA
3BFA
3BFA
3BFA
3BFA
3BFA
3BFA
3BFA
3BFB
3BFB
3BFB
3BFB
3BFB
3BFB
3BFB
3BFB
3BFB
3BFB
3BFB
3BFB
3BFB
3BFB
3BFB
3BFB
3BFB
3BFB
3BFB
3BFB
3BFB
3BFB
3BFB
3BFB
3BFB
3BFB
3BFB
3BFB
3BFB
3BFB
3BFB
3BFB
3BFB
3BFB
3BFB
3BFB
3BFB
3BFB
3BFB
3BFB
3BFB
3BFB
3BFB
3BFB
3BFB
3BFB
3BFB
3BFB
3BFB
3BFB
3BFB
3BFB
3BFC
3BFC
3BFC
3BFC
3BFC
3BFC
3BFC
3BFC
3BFC
3BFC
3BFC
3BFC
3BFC
3BFC
3BFC
3BFC
3BFC
3BFC
3BFC
3BFC
3BFC
3BFC
3BFC
3BFC
3BFC
3BFC
3BFC
3BFC
3BFC
3BFC
3BFC
3BFC
3BFC
3BFC
3BFC
3BFC
3BFC
3BFC
3BFC
3BFC
3BFC
3BFC
3BFC
3BFC
3BFC
3BFC
3BFC
3BFC
3BFC
3BFC
3BFC
3BFC
3BFC
3BFC
3BFC
3BFC
3BFC
3BFC
3BFC
3BFC
3BFC
3BFC
3BFC
3BFC
3BFD
3BFD
3BFD
3BFD
3BFD
3BFD
3BFD
3BFD
3BFD
3BFD
3BFD
3BFD
3BFD
3BFD
3BFD
3BFD
3BFD
3BFD
3BFD
3BFD
3BFD
3BFD
3BFD
3BFD
3BFD
3BFD
3BFD
3BFD
3BFD
3BFD
3BFD
3BFD
3BFD
3BFD
3BFD
3BFD
3BFD
3BFD
3BFD
3BFD
3BFD
3BFD
3BFD
3BFD
3BFD
3BFD
3BFD
3BFD
3BFD
3BFD
3BFD
3BFD
3BFD
3BFD
3BFD
3BFD
3BFD
3BFD
3BFD
3BFD
3BFD
3BFD
3BFD
3BFD
3BFD
3BFD
3BFD
3BFD
3BFD
3BFD
3BFD
3BFD
3BFD
3BFD
3BFD
3BFD
3BFD
3BFD
3BFD
3BFD
3BFD
3BFD
3BFD
3BFD
3BFD
3BFD
3BFD
3BFE
3BFE
3BFE
3BFE
3BFE
3BFE
3BFE
3BFE
3BFE
3BFE
3BFE
3BFE
3BFE
3BFE
3BFE
3BFE
3BFE
3BFE
3BFE
3BFE
3BFE
3BFE
3BFE
3BFE
3BFE
3BFE
3BFE
3BFE
3BFE
3BFE
3BFE
3BFE
3BFE
3BFE
3BFE
3BFE
3BFE
3BFE
3BFE
3BFE
3BFE
3BFE
3BFE
3BFE
3BFE
3BFE
3BFE
3BFE
3BFE
3BFE
3BFE
3BFE
3BFE
3BFE
3BFE
3BFE
3BFE
3BFE
3BFE
3BFE
3BFE
3BFE
3BFE
3BFE
3BFE
3BFE
3BFE
3BFE
3BFE
3BFE
3BFE
3BFE
3BFE
3BFE
3BFE
3BFE
3BFE
3BFE
3BFE
3BFE
3BFE
3BFE
3BFE
3BFE
3BFE
3BFE
3BFE
3BFE
3BFE
3BFE
3BFE
3BFE
3BFE
3BFE
3BFE
3BFE
3BFE
3BFE
3BFE
3BFE
3BFE
3BFE
3BFE
3BFE
3BFE
3BFE
3BFE
3BFE
3BFE
3BFE
3BFE
3BFE
3BFE
3BFE
3BFE
3BFE
3BFE
3BFE
3BFE
3BFE
3BFE
3BFE
3BFE
3BFE
3BFE
3BFE
3BFE
3BFE
3BFE
3BFE
3BFF
3BFF
3BFF
3BFF
3BFF
3BFF
3BFF
3BFF
3BFF
3BFF
3BFF
3BFF
3BFF
3BFF
3BFF
3BFF
3BFF
3BFF
3BFF
3BFF
3BFF
3BFF
3BFF
3BFF
3BFF
3BFF
3BFF
3BFF
3BFF
3BFF
3BFF
3BFF
3BFF
3BFF
3BFF
3BFF
3BFF
3BFF
3BFF
3BFF
3BFF
3BFF
3BFF
3BFF
3BFF
3BFF
3BFF
3BFF
3BFF
3BFF
3BFF
3BFF
3BFF
3BFF
3BFF
3BFF
3BFF
3BFF
3BFF
3BFF
3BFF
3BFF
3BFF
3BFF
3BFF
3BFF
3BFF
3BFF
3BFF
3BFF
3BFF
3BFF
3BFF
3BFF
3BFF
3BFF
3BFF
3BFF
3BFF
3BFF
3BFF
3BFF
3BFF
3BFF
3BFF
3BFF
3BFF
3BFF
3BFF
3BFF
3BFF
3BFF
3BFF
3BFF
3BFF
3BFF
3BFF
3BFF
3BFF
3BFF
3BFF
3BFF
3BFF
3BFF
3BFF
3BFF
3BFF
3BFF
3BFF
3BFF
3BFF
3BFF
3BFF
3BFF
3BFF
3BFF
3BFF
3BFF
3BFF
3BFF
3BFF
3BFF
3BFF
3BFF
3BFF
3BFF
3BFF
3BFF
3BFF
3BFF
3BFF
3BFF
3BFF
3BFF
3BFF
3BFF
3BFF
3BFF
3BFF
3BFF
3BFF
3BFF
3BFF
3BFF
3BFF
3BFF
3BFF
3BFF
3BFF
3BFF
3BFF
3BFF
3BFF
3BFF
3BFF
3BFF
3BFF
3BFF
3BFF
3BFF
3BFF
3BFF
3BFF
3BFF
3BFF
3BFF
3BFF
3BFF
3BFF
3BFF
3BFF
3BFF
3BFF
3BFF
3BFF
3BFF
3BFF
3BFF
3BFF
3BFF
3BFF
3BFF
3BFF
3BFF
3BFF
3BFF
3BFF
3BFF
3BFF
3BFF
3BFF
3BFF
3BFF
3BFF
3BFF
3BFF
3BFF
3BFF
3BFF
3BFF
3BFF
3BFF
3BFF
3BFF
3BFF
3BFF
3BFF
3BFF
3BFF
3BFF
3BFF
3BFF
3BFF
3BFF
3BFF
3BFF
3BFF
3BFF
3BFF
3BFF
3BFF
3BFF
3BFF
3BFF
3BFF
3BFF
3BFF
3BFF
3BFF
3BFF
3BFF
3BFF
3BFF
3BFF
3BFF
3BFF
3BFF
3BFF
3BFF
3BFF
3BFF
3C00
3C00
3C00
3C00
3C00
3C00
3C00
3C00
3C00
3C00
3C00
3C00
3C00
3C00
3C00
3C00
3C00
3C00
3C00
3C00
3C00
3C00
3C00
3C00
3C00
3C00
3C00
3C00
3C00
3C00
3C00
3C00
3C00
3C00
3C00
3C00
3C00
3C00
3C00
3C00
3C00
3C00
3C00
3C00
3C00
3C00
3C00
3C00
3C00
3C00
3C00
3C00
3C00
3C00
3C00
3C00
3C00
3C00
3C00
3C00
3C00
3C00
3C00
3C00
3C00
3C00
3C00
3C00
3C00
3C00
3C00
3C00
3C00
3C00
3C00
3C00
3C00
3C00
3C00
3C00
3C00
3C00
3C00
3C00
3C00
3C00
3C00
3C00
3C00
3C00
3C00
3C00
3C00
3C00
3C00
3C00
3C00
3C00
3C00
3C00
3C00
3C00
3C00
3C00
3C00
3C00
3C00
3C00
3C00
3C00
3C00
3C00
3C00
3C00
3C00
3C00
3C00
3C00
3C00
3C00
3C00
3C00
3C00
3C00
3C00
3C00
3C00
3C00
3C00
3C00
3C00
3C00
3C00
3C00
3C00
3C00
3C00
3C00
3C00
3C00
3C00
3C00
3C00
3C00
3C00
3C00
3C00
3C00
3C00
3C00
3C00
3C00
3C00
3C00
3C00
3C00
3C00
3C00
3C00
3C00
3C00
3C00
3C00
3C00
3C00
3C00
3C00
3C00
3C00
3C00
3C00
3C00
3C00
3C00
3C00
3C00
3C00
3C00
3C00
3C00
3C00
3C00
3C00
3C00
3C00
3C00
3C00
3C00
3C00
3C00
3C00
3C00
3C00
3C00
3C00
3C00
3C00
3C00
3C00
3C00
3C00
3C00
3C00
3C00
3C00
3C00
3C00
3C00
3C00
3C00
3C00
3C00
3C00
3C00
3C00
3C00
3C00
3C00
3C00
3C00
3C00
3C00
3C00
3C00
3C00
3C00
3C00
3C00
3C00
3C00
3C00
3C00
3C00
3C00
3C00
3C00
3C00
3C00
3C00
3C00
3C00
3C00
3C00
3C00
3C00
3C00
3C00
3C00
3C00
3C00
3C00
3C00
3C00
3C00
3C00
3C00
3C00
3C00
3C00
3C00
3C00
3C00
3C00
3C00
3C00
3C00
3C00
3C00
3C00
3C00
3C00
3C00
3C00
3C00
3C00
3C00
3C00
3C00
3C00
3C00
3C00
3C00
3C00
3C00
3C00
3C00
3C00
3C00
3C00
3C00
3C00
3C00
3C00
3C00
3C00
3C00
3C00
3C00
3C00
3C00
3C00
3C00
3C00
3C00
3C00
3C00
3C00
3C00
3C00
3C00
3C00
3C00
3C00
3C00
3C00
3C00
3C00
3C00
3C00
3C00
3C00
3C00
3C00
3C00
3C00
3C00
3C00
3C00
3C00
3C00
3C00
3C00
3C00
3C00
3C00
3C00
3C00
3C00
3C00
3C00
3C00
3C00
3C00
3C00
3C00
3C00
3C00
3C00
3C00
3C00
3C00
3C00
3C00
3C00
3C00
3C00
3C00
3C00
3C00
3C00
3C00
3C00
3C00
3C00
3C00
3C00
3C00
3C00
3C00
3C00
3C00
3C00
3C00
3C00
3C00
3C00
3C00
3C00
3C00
3C00
3C00
3C00
3C00
3C00
3C00
3C00
3C00
3C00
3C00
3C00
3C00
3C00
3C00
3C00
3C00
3C00
3C00
3C00
3C00
3C00
3C00
3C00
3C00
3C00
3C00
3C00
3C00
3C00
3C00
3C00
3C00
3C00
3C00
3C00
3C00
3C00
3C00
3C00
3C00
3C00
3C00
3C00
3C00
3C00
3C00
3C00
3C00
3C00
3C00
3C00
3C00
3C00
3C00
3C00
3C00
3C00
3C00
3C00
3C00
3C00
3C00
3C00
3C00
3C00
3C00
3C00
3C00
3C00
3C00
3C00
3C00
3C00
3C00
3C00
3C00
3C00
3C00
3C00
3C00
3C00
3C00
3C00
3C00
3C00
3C00
3C00
3C00
3C00
3C00
3C00
3C00
3C00
3C00
3C00
3C00
3C00
3C00
3C00
3C00
3C00
3C00
3C00
3C00
3C00
3C00
3C00
3C00
3C00
3C00
3C00
3C00
3C00
3C00
3C00
3C00
3C00
3C00
3C00
3C00
3C00
3C00
3C00
3C00
3C00
3C00
3C00
3C00
3C00
3C00
3C00
3C00
3C00
3C00
3C00
3C00
3C00
3C00
3C00
3C00
3C00
3C00
3C00
3C00
3C00
3C00
3C00
3C00
3C00
3C00
3C00
3C00
3C00
3C00
3C00
3C00
3C00
3C00
3C00
3C00
3C00
3C00
3C00
3C00
3C00
3C00
3C00
3C00
3C00
3C00
3C00
3C00
3C00
3C00
3C00
3C00
3C00
3C00
3C00
3C00
3C00
3C00
3C00
3C00
3C00
3C00
3C00
3C00
3C00
3C00
3C00
3C00
3C00
3C00
3C00
3C00
3C00
3C00
3C00
3C00
3C00
3C00
3C00
3C00
3C00
3C00
3C00
3C00
3C00
3C00
3C00
3C00
3C00
3C00
3C00
3C00
3C00
3C00
3C00
3C00
3C00
3C00
3C00
3C00
3C00
3C00
3C00
3C00
3C00
3C00
3C00
3C00
3C00
3C00
3C00
3C00
3C00
3C00
3C00
3C00
3C00
3C00
3C00
3C00
3C00
3C00
3C00
3C00
3C00
3C00
3C00
3C00
3C00
3C00
3C00
3C00
3C00
3C00
3C00
3C00
3C00
3C00
3C00
3C00
3C00
3C00
3C00
3C00
3C00
3C00
3C00
3C00
3C00
3C00
3C00
3C00
3C00
3C00
3C00
3C00
3C00
3C00
3C00
3C00
3C00
3C00
3C00
3C00
3C00
3C00
3C00
3C00
3C00
3C00
3C00
3C00
3C00
3C00
3C00
3C00
3C00
3C00
3C00
3C00
3C00
3C00
3C00
3C00
3C00
3C00
3C00
3C00
3C00
3C00
3C00
3C00
3C00
3C00
3C00
3C00
3C00
3C00
3C00
3C00
3C00
3C00
3C00
3C00
3C00
3C00
3C00
3C00
3C00
3C00
3C00
3C00
3C00
3C00
3C00
3C00
3C00
3C00
3C00
3C00
3C00
3C00
3C00
3C00
3C00
3C00
3C00
3C00
3C00
3C00
3C00
3C00
3C00
3C00
3C00
3C00
3C00
3C00
3C00
3C00
3C00
3C00
3C00
3C00
3C00
3C00
3C00
3C00
3C00
3C00
3C00
3C00
3C00
3C00
3C00
3C00
3C00
3C00
3C00
3C00
3C00
3C00
3C00
3C00
3C00
3C00
3C00
3C00
3C00
3C00
3C00
3C00
3C00
3C00
3C00
3C00
3C00
3C00
3C00
3C00
3C00
3C00
3C00
3C00
3C00
3C00
3C00
3C00
3C00
3C00
3C00
3C00
3C00
3C00
3C00
3C00
3C00
3C00
3C00
3C00
3C00
3C00
3C00
3C00
3C00
3C00
3C00
3C00
3C00
3C00
3C00
3C00
3C00
3C00
3C00
3C00
3C00
3C00
3C00
3C00
3C00
3C00
3C00
3C00
3C00
3C00
3C00
3C00
3C00
3C00
3C00
3C00
3C00
3C00
3C00
3C00
3C00
3C00
3C00
3C00
3C00
3C00
3C00
3C00
3C00
3C00
3C00
3C00
3C00
3C00
3C00
3C00
3C00
3C00
3C00
3C00
3C00
3C00
3C00
3C00
3C00
3C00
3C00
3C00
3C00
3C00
3C00
3C00
3C00
3C00
3C00
3C00
3C00
3C00
3C00
3C00
3C00
3C00
3C00
3C00
3C00
3C00
3C00
3C00
3C00
3C00
3C00
3C00
3C00
3C00
3C00
3C00
3C00
3C00
3C00
3C00
3C00
3C00
3C00
3C00
3C00
3C00
3C00
3C00
3C00
3C00
3C00
3C00
3C00
3C00
3C00
3C00
3C00
3C00
3C00
3C00
3C00
3C00
3C00
3C00
3C00
3C00
3C00
3C00
3C00
3C00
3C00
3C00
3C00
3C00
3C00
3C00
3C00
3C00
3C00
3C00
3C00
3C00
3C00
3C00
3C00
3C00
3C00
3C00
3C00
3C00
3C00
3C00
3C00
3C00
3C00
3C00
3C00
3C00
3C00
3C00
3C00
3C00
3C00
3C00
3C00
3C00
3C00
3C00
3C00
3C00
3C00
3C00
3C00
3C00
3C00
3C00
3C00
3C00
3C00
3C00
3C00
3C00
3C00
3C00
3C00
3C00
3C00
3C00
3C00
3C00
3C00
3C00
3C00
3C00
3C00
3C00
3C00
3C00
3C00
3C00
3C00
3C00
3C00
3C00
3C00
3C00
3C00
3C00
3C00
3C00
3C00
3C00
3C00
3C00
3C00
3C00
3C00
3C00
3C00
3C00
3C00
3C00
3C00
3C00
3C00
3C00
3C00
3C00
3C00
3C00
3C00
3C00
3C00
3C00
3C00
3C00
3C00
3C00
3C00
3C00
3C00
3C00
3C00
3C00
3C00
3C00
3C00
3C00
3C00
3C00
3C00
3C00
3C00
3C00
3C00
3C00
3C00
3C00
3C00
3C00
3C00
3C00
3C00
3C00
3C00
3C00
3C00
3C00
3C00
3C00
3C00
3C00
3C00
3C00
3C00
3C00
3C00
3C00
3C00
3C00
3C00
3C00
3C00
3C00
3C00
3C00
3C00
3C00
3C00
3C00
3C00
3C00
3C00
3C00
3C00
3C00
3C00
3C00
3C00
3C00
3C00
3C00
3C00
3C00
3C00
3C00
3C00
3C00
3C00
3C00
3C00
3C00
3C00
3C00
3C00
3C00
3C00
3C00
3C00
3C00
3C00
3C00
3C00
3C00
3C00
3C00
3C00
3C00
3C00
3C00
3C00
3C00
3C00
3C00
3C00
3C00
3C00
3C00
3C00
3C00
3C00
3C00
3C00
3C00
3C00
3C00
3C00
3C00
3C00
3C00
3C00
3C00
3C00
3C00
3C00
3C00
3C00
3C00
3C00
3C00
3C00
3C00
3C00
3C00
3C00
3C00
3C00
3C00
3C00
3C00
3C00
3C00
3C00
3C00
3C00
3C00
3C00
3C00
3C00
3C00
3C00
3C00
3C00
3C00
3C00
3C00
3C00
3C00
3C00
3C00
3C00
3C00
3C00
3C00
3C00
3C00
3C00
3C00
3C00
3C00
3C00
3C00
3C00
3C00
3C00
3C00
3C00
3C00
3C00
3C00
3C00
3C00
3C00
3C00
3C00
3C00
3C00
3C00
3C00
3C00
3C00
3C00
3C00
3C00
3C00
3C00
3C00
3C00
3C00
3C00
3C00
3C00
3C00
3C00
3C00
3C00
3C00
3C00
3C00
3C00
3C00
3C00
3C00
3C00
3C00
3C00
3C00
3C00
3C00
3C00
3C00
3C00
3C00
3C00
3C00
3C00
3C00
3C00
3C00
3C00
3C00
3C00
3C00
3C00
3C00
3C00
3C00
3C00
3C00
3C00
3C00
3C00
3C00
3C00
3C00
3C00
3C00
3C00
3C00
3C00
3C00
3C00
3C00
3C00
3C00
3C00
3C00
3C00
3C00
3C00
3C00
3C00
3C00
3C00
3C00
3C00
3C00
3C00
3C00
3C00
3C00
3C00
3C00
3C00
3C00
3C00
3C00
3C00
3C00
3C00
3C00
3C00
3C00
3C00
3C00
3C00
3C00
3C00
3C00
3C00
3C00
3C00
3C00
3C00
3C00
3C00
3C00
3C00
3C00
3C00
3C00
3C00
3C00
3C00
3C00
3C00
3C00
3C00
3C00
3C00
3C00
3C00
3C00
3C00
3C00
3C00
3C00
3C00
3C00
3C00
3C00
3C00
3C00
3C00
3C00
3C00
3C00
3C00
3C00
3C00
3C00
3C00
3C00
3C00
3C00
3C00
3C00
3C00
3C00
3C00
3C00
3C00
3C00
3C00
3C00
3C00
3C00
3C00
3C00
3C00
3C00
3C00
3C00
3C00
3C00
3C00
3C00
3C00
3C00
3C00
3C00
3C00
3C00
3C00
3C00
3C00
3C00
3C00
3C00
3C00
3C00
3C00
3C00
3C00
3C00
3C00
3C00
3C00
3C00
3C00
3C00
3C00
3C00
3C00
3C00
3C00
3C00
3C00
3C00
3C00
3C00
3C00
3C00
3C00
3C00
3C00
3C00
3C00
3C00
3C00
3C00
3C00
3C00
3C00
3C00
3C00
3C00
3C00
3C00
3C00
3C00
3C00
3C00
3C00
3C00
3C00
3C00
3C00
3C00
3C00
3C00
3C00
3C00
3C00
3C00
3C00
3C00
3C00
3C00
3C00
3C00
3C00
3C00
3C00
3C00
3C00
3C00
3C00
3C00
3C00
3C00
3C00
3C00
3C00
3C00
3C00
3C00
3C00
3C00
3C00
3C00
3C00
3C00
3C00
3C00
3C00
3C00
3C00
3C00
3C00
3C00
3C00
3C00
3C00
3C00
3C00
3C00
3C00
3C00
3C00
3C00
3C00
3C00
3C00
3C00
3C00
3C00
3C00
3C00
3C00
3C00
3C00
3C00
3C00
3C00
3C00
3C00
3C00
3C00
3C00
3C00
3C00
3C00
3C00
3C00
3C00
3C00
3C00
3C00
3C00
3C00
3C00
3C00
3C00
3C00
3C00
3C00
3C00
3C00
3C00
3C00
3C00
3C00
3C00
3C00
3C00
3C00
3C00
3C00
3C00
3C00
3C00
3C00
3C00
3C00
3C00
3C00
3C00
3C00
3C00
3C00
3C00
3C00
3C00
3C00
3C00
3C00
3C00
3C00
3C00
3C00
3C00
3C00
3C00
3C00
3C00
3C00
3C00
3C00
3C00
3C00
3C00
3C00
3C00
3C00
3C00
3C00
3C00
3C00
3C00
3C00
3C00
3C00
3C00
3C00
3C00
3C00
3C00
3C00
3C00
3C00
3C00
3C00
3C00
3C00
3C00
3C00
3C00
3C00
3C00
3C00
3C00
3C00
3C00
3C00
3C00
3C00
3C00
3C00
3C00
3C00
3C00
3C00
3C00
3C00
3C00
3C00
3C00
3C00
3C00
3C00
3C00
3C00
3C00
3C00
3C00
3C00
3C00
3C00
3C00
3C00
3C00
3C00
3C00
3C00
3C00
3C00
3C00
3C00
3C00
3C00
3C00
3C00
3C00
3C00
3C00
3C00
3C00
3C00
3C00
3C00
3C00
3C00
3C00
3C00
3C00
3C00
3C00
3C00
3C00
3C00
3C00
3C00
3C00
3C00
3C00
3C00
3C00
3C00
3C00
3C00
3C00
3C00
3C00
3C00
3C00
3C00
3C00
3C00
3C00
3C00
3C00
3C00
3C00
3C00
3C00
3C00
3C00
3C00
3C00
3C00
3C00
3C00
3C00
3C00
3C00
3C00
3C00
3C00
3C00
3C00
3C00
3C00
3C00
3C00
3C00
3C00
3C00
3C00
3C00
3C00
3C00
3C00
3C00
3C00
3C00
3C00
3C00
3C00
3C00
3C00
3C00
3C00
3C00
3C00
3C00
3C00
3C00
3C00
3C00
3C00
3C00
3C00
3C00
3C00
3C00
3C00
3C00
3C00
3C00
3C00
3C00
3C00
3C00
3C00
3C00
3C00
3C00
3C00
3C00
3C00
3C00
3C00
3C00
3C00
3C00
3C00
3C00
3C00
3C00
3C00
3C00
3C00
3C00
3C00
3C00
3C00
3C00
3C00
3C00
3C00
3C00
3C00
3C00
3C00
3C00
3C00
3C00
3C00
3C00
3C00
3C00
3C00
3C00
3C00
3C00
3C00
3C00
3C00
3C00
3C00
3C00
3C00
3C00
3C00
3C00
3C00
3C00
3C00
3C00
3C00
3C00
3C00
3C00
3C00
3C00
3C00
3C00
3C00
3C00
3C00
3C00
3C00
3C00
3C00
3C00
3C00
3C00
3C00
3C00
3C00
3C00
3C00
3C00
3C00
3C00
3C00
3C00
3C00
3C00
3C00
3C00
3C00
3C00
3C00
3C00
3C00
3C00
3C00
3C00
3C00
3C00
3C00
3C00
3C00
3C00
3C00
3C00
3C00
3C00
3C00
3C00
3C00
3C00
3C00
3C00
3C00
3C00
3C00
3C00
3C00
3C00
3C00
3C00
3C00
3C00
3C00
3C00
3C00
3C00
3C00
3C00
3C00
3C00
3C00
3C00
3C00
3C00
3C00
3C00
3C00
3C00
3C00
3C00
3C00
3C00
3C00
3C00
3C00
3C00
3C00
3C00
3C00
3C00
3C00
3C00
3C00
3C00
3C00
3C00
3C00
3C00
3C00
3C00
3C00
3C00
3C00
3C00
3C00
3C00
3C00
3C00
3C00
3C00
3C00
3C00
3C00
3C00
3C00
3C00
3C00
3C00
3C00
3C00
3C00
3C00
3C00
3C00
3C00
3C00
3C00
3C00
3C00
3C00
3C00
3C00
3C00
3C00
3C00
3C00
3C00
3C00
3C00
3C00
3C00
3C00
3C00
3C00
3C00
3C00
3C00
3C00
3C00
3C00
3C00
3C00
3C00
3C00
3C00
3C00
3C00
3C00
3C00
3C00
3C00
3C00
3C00
3C00
3C00
3C00
3C00
3C00
3C00
3C00
3C00
3C00
3C00
3C00
3C00
3C00
3C00
3C00
3C00
3C00
3C00
3C00
3C00
3C00
3C00
3C00
3C00
3C00
3C00
3C00
3C00
3C00
3C00
3C00
3C00
3C00
3C00
3C00
3C00
3C00
3C00
3C00
3C00
3C00
3C00
3C00
3C00
3C00
3C00
3C00
3C00
3C00
3C00
3C00
3C00
3C00
3C00
3C00
3C00
3C00
3C00
3C00
3C00
3C00
3C00
3C00
3C00
3C00
3C00
3C00
3C00
3C00
3C00
3C00
3C00
3C00
3C00
3C00
3C00
3C00
3C00
3C00
3C00
3C00
3C00
3C00
3C00
3C00
3C00
3C00
3C00
3C00
3C00
3C00
3C00
3C00
3C00
3C00
3C00
3C00
3C00
3C00
3C00
3C00
3C00
3C00
3C00
3C00
3C00
3C00
3C00
3C00
3C00
3C00
3C00
3C00
3C00
3C00
3C00
3C00
3C00
3C00
3C00
3C00
3C00
3C00
3C00
3C00
3C00
3C00
3C00
3C00
3C00
3C00
3C00
3C00
3C00
3C00
3C00
3C00
3C00
3C00
3C00
3C00
3C00
3C00
3C00
3C00
3C00
3C00
3C00
3C00
3C00
3C00
3C00
3C00
3C00
3C00
3C00
3C00
3C00
3C00
3C00
3C00
3C00
3C00
3C00
3C00
3C00
3C00
3C00
3C00
3C00
3C00
3C00
3C00
3C00
3C00
3C00
3C00
3C00
3C00
3C00
3C00
3C00
3C00
3C00
3C00
3C00
3C00
3C00
3C00
3C00
3C00
3C00
3C00
3C00
3C00
3C00
3C00
3C00
3C00
3C00
3C00
3C00
3C00
3C00
3C00
3C00
3C00
3C00
3C00
3C00
3C00
3C00
3C00
3C00
3C00
3C00
3C00
3C00
3C00
3C00
3C00
3C00
3C00
3C00
3C00
3C00
3C00
3C00
3C00
3C00
3C00
3C00
3C00
3C00
3C00
3C00
3C00
3C00
3C00
3C00
3C00
3C00
3C00
3C00
3C00
3C00
3C00
3C00
3C00
3C00
3C00
3C00
3C00
3C00
3C00
3C00
3C00
3C00
3C00
3C00
3C00
3C00
3C00
3C00
3C00
3C00
3C00
3C00
3C00
3C00
3C00
3C00
3C00
3C00
3C00
3C00
3C00
3C00
3C00
3C00
3C00
3C00
3C00
3C00
3C00
3C00
3C00
3C00
3C00
3C00
3C00
3C00
3C00
3C00
3C00
3C00
3C00
3C00
3C00
3C00
3C00
3C00
3C00
3C00
3C00
3C00
3C00
3C00
3C00
3C00
3C00
3C00
3C00
3C00
3C00
3C00
3C00
3C00
3C00
3C00
3C00
3C00
3C00
3C00
3C00
3C00
3C00
3C00
3C00
3C00
3C00
3C00
3C00
3C00
3C00
3C00
3C00
3C00
3C00
3C00
3C00
3C00
3C00
3C00
3C00
3C00
3C00
3C00
3C00
3C00
3C00
3C00
3C00
3C00
3C00
3C00
3C00
3C00
3C00
3C00
3C00
3C00
3C00
3C00
3C00
3C00
3C00
3C00
3C00
3C00
3C00
3C00
3C00
3C00
3C00
3C00
3C00
3C00
3C00
3C00
3C00
3C00
3C00
3C00
3C00
3C00
3C00
3C00
3C00
3C00
3C00
3C00
3C00
3C00
3C00
3C00
3C00
3C00
3C00
3C00
3C00
3C00
3C00
3C00
3C00
3C00
3C00
3C00
3C00
3C00
3C00
3C00
3C00
3C00
3C00
3C00
3C00
3C00
3C00
3C00
3C00
3C00
3C00
3C00
3C00
3C00
3C00
3C00
3C00
3C00
3C00
3C00
3C00
3C00
3C00
3C00
3C00
3C00
3C00
3C00
3C00
3C00
3C00
3C00
3C00
3C00
3C00
3C00
3C00
3C00
3C00
3C00
3C00
3C00
3C00
3C00
3C00
3C00
3C00
3C00
3C00
3C00
3C00
3C00
3C00
3C00
3C00
3C00
3C00
3C00
3C00
3C00
3C00
3C00
3C00
3C00
3C00
3C00
3C00
3C00
3C00
3C00
3C00
3C00
3C00
3C00
3C00
3C00
3C00
3C00
3C00
3C00
3C00
3C00
3C00
3C00
3C00
3C00
3C00
3C00
3C00
3C00
3C00
3C00
3C00
3C00
3C00
3C00
3C00
3C00
3C00
3C00
3C00
3C00
3C00
3C00
3C00
3C00
3C00
3C00
3C00
3C00
3C00
3C00
3C00
3C00
3C00
3C00
3C00
3C00
3C00
3C00
3C00
3C00
3C00
3C00
3C00
3C00
3C00
3C00
3C00
3C00
3C00
3C00
3C00
3C00
3C00
3C00
3C00
3C00
3C00
3C00
3C00
3C00
3C00
3C00
3C00
3C00
3C00
3C00
3C00
3C00
3C00
3C00
3C00
3C00
3C00
3C00
3C00
3C00
3C00
3C00
3C00
3C00
3C00
3C00
3C00
3C00
3C00
3C00
3C00
3C00
3C00
3C00
3C00
3C00
3C00
3C00
3C00
3C00
3C00
3C00
3C00
3C00
3C00
3C00
3C00
3C00
3C00
3C00
3C00
3C00
3C00
3C00
3C00
3C00
3C00
3C00
3C00
3C00
3C00
3C00
3C00
3C00
3C00
3C00
3C00
3C00
3C00
3C00
3C00
3C00
3C00
3C00
3C00
3C00
3C00
3C00
3C00
3C00
3C00
3C00
3C00
3C00
3C00
3C00
3C00
3C00
3C00
3C00
3C00
3C00
3C00
3C00
3C00
3C00
3C00
3C00
3C00
3C00
3C00
3C00
3C00
3C00
3C00
3C00
3C00
3C00
3C00
3C00
3C00
3C00
3C00
3C00
3C00
3C00
3C00
3C00
3C00
3C00
3C00
3C00
3C00
3C00
3C00
3C00
3C00
3C00
3C00
3C00
3C00
3C00
3C00
3C00
3C00
3C00
3C00
3C00
3C00
3C00
3C00
3C00
3C00
3C00
3C00
3C00
3C00
3C00
3C00
3C00
3C00
3C00
3C00
3C00
3C00
3C00
3C00
3C00
3C00
3C00
3C00
3C00
3C00
3C00
3C00
3C00
3C00
3C00
3C00
3C00
3C00
3C00
3C00
3C00
3C00
3C00
3C00
3C00
3C00
3C00
3C00
3C00
3C00
3C00
3C00
3C00
3C00
3C00
3C00
3C00
3C00
3C00
3C00
3C00
3C00
3C00
3C00
3C00
3C00
3C00
3C00
3C00
3C00
3C00
3C00
3C00
3C00
3C00
3C00
3C00
3C00
3C00
3C00
3C00
3C00
3C00
3C00
3C00
3C00
3C00
3C00
3C00
3C00
3C00
3C00
3C00
3C00
3C00
3C00
3C00
3C00
3C00
3C00
3C00
3C00
3C00
3C00
3C00
3C00
3C00
3C00
3C00
3C00
3C00
3C00
3C00
3C00
3C00
3C00
3C00
3C00
3C00
3C00
3C00
3C00
3C00
3C00
3C00
3C00
3C00
3C00
3C00
3C00
3C00
3C00
3C00
3C00
3C00
3C00
3C00
3C00
3C00
3C00
3C00
3C00
3C00
3C00
3C00
3C00
3C00
3C00
3C00
3C00
3C00
3C00
3C00
3C00
3C00
3C00
3C00
3C00
3C00
3C00
3C00
3C00
3C00
3C00
3C00
3C00
3C00
3C00
3C00
3C00
3C00
3C00
3C00
3C00
3C00
3C00
3C00
3C00
3C00
3C00
3C00
3C00
3C00
3C00
3C00
3C00
3C00
3C00
3C00
3C00
3C00
3C00
3C00
3C00
3C00
3C00
3C00
3C00
3C00
3C00
3C00
3C00
3C00
3C00
3C00
3C00
3C00
3C00
3C00
3C00
3C00
3C00
3C00
3C00
3C00
3C00
3C00
3C00
3C00
3C00
3C00
3C00
3C00
3C00
3C00
3C00
3C00
3C00
3C00
3C00
3C00
3C00
3C00
3C00
3C00
3C00
3C00
3C00
3C00
3C00
3C00
3C00
3C00
3C00
3C00
3C00
3C00
3C00
3C00
3C00
3C00
3C00
3C00
3C00
3C00
3C00
3C00
3C00
3C00
3C00
3C00
3C00
3C00
3C00
3C00
3C00
3C00
3C00
3C00
3C00
3C00
3C00
3C00
3C00
3C00
3C00
3C00
3C00
3C00
3C00
3C00
3C00
3C00
3C00
3C00
3C00
3C00
3C00
3C00
3C00
3C00
3C00
3C00
3C00
3C00
3C00
3C00
3C00
3C00
3C00
3C00
3C00
3C00
3C00
3C00
3C00
3C00
3C00
3C00
3C00
3C00
3C00
3C00
3C00
3C00
3C00
3C00
3C00
3C00
3C00
3C00
3C00
3C00
3C00
3C00
3C00
3C00
3C00
3C00
3C00
3C00
3C00
3C00
3C00
3C00
3C00
3C00
3C00
3C00
3C00
3C00
3C00
3C00
3C00
3C00
3C00
3C00
3C00
3C00
3C00
3C00
3C00
3C00
3C00
3C00
3C00
3C00
3C00
3C00
3C00
3C00
3C00
3C00
3C00
3C00
3C00
3C00
3C00
3C00
3C00
3C00
3C00
3C00
3C00
3C00
3C00
3C00
3C00
3C00
3C00
3C00
3C00
3C00
3C00
3C00
3C00
3C00
3C00
3C00
3C00
3C00
3C00
3C00
3C00
3C00
3C00
3C00
3C00
3C00
3C00
3C00
3C00
3C00
3C00
3C00
3C00
3C00
3C00
3C00
3C00
3C00
3C00
3C00
3C00
3C00
3C00
3C00
3C00
3C00
3C00
3C00
3C00
3C00
3C00
3C00
3C00
3C00
3C00
3C00
3C00
3C00
3C00
3C00
3C00
3C00
3C00
3C00
3C00
3C00
3C00
3C00
3C00
3C00
3C00
3C00
3C00
3C00
3C00
3C00
3C00
3C00
3C00
3C00
3C00
3C00
3C00
3C00
3C00
3C00
3C00
3C00
3C00
3C00
3C00
3C00
3C00
3C00
3C00
3C00
3C00
3C00
3C00
3C00
3C00
3C00
3C00
3C00
3C00
3C00
3C00
3C00
3C00
3C00
3C00
3C00
3C00
3C00
3C00
3C00
3C00
3C00
3C00
3C00
3C00
3C00
3C00
3C00
3C00
3C00
3C00
3C00
3C00
3C00
3C00
3C00
3C00
3C00
3C00
3C00
3C00
3C00
3C00
3C00
3C00
3C00
3C00
3C00
3C00
3C00
3C00
3C00
3C00
3C00
3C00
3C00
3C00
3C00
3C00
3C00
3C00
3C00
3C00
3C00
3C00
3C00
3C00
3C00
3C00
3C00
3C00
3C00
3C00
3C00
3C00
3C00
3C00
3C00
3C00
3C00
3C00
3C00
3C00
3C00
3C00
3C00
3C00
3C00
3C00
3C00
3C00
3C00
3C00
3C00
3C00
3C00
3C00
3C00
3C00
3C00
3C00
3C00
3C00
3C00
3C00
3C00
3C00
3C00
3C00
3C00
3C00
3C00
3C00
3C00
3C00
3C00
3C00
3C00
3C00
3C00
3C00
3C00
3C00
3C00
3C00
3C00
3C00
3C00
3C00
3C00
3C00
3C00
3C00
3C00
3C00
3C00
3C00
3C00
3C00
3C00
3C00
3C00
3C00
3C00
3C00
3C00
3C00
3C00
3C00
3C00
3C00
3C00
3C00
3C00
3C00
3C00
3C00
3C00
3C00
3C00
3C00
3C00
3C00
3C00
3C00
3C00
3C00
3C00
3C00
3C00
3C00
3C00
3C00
3C00
3C00
3C00
3C00
3C00
3C00
3C00
3C00
3C00
3C00
3C00
3C00
3C00
3C00
3C00
3C00
3C00
3C00
3C00
3C00
3C00
3C00
3C00
3C00
3C00
3C00
3C00
3C00
3C00
3C00
3C00
3C00
3C00
3C00
3C00
3C00
3C00
3C00
3C00
3C00
3C00
3C00
3C00
3C00
3C00
3C00
3C00
3C00
3C00
3C00
3C00
3C00
3C00
3C00
3C00
3C00
3C00
3C00
3C00
3C00
3C00
3C00
3C00
3C00
3C00
3C00
3C00
3C00
3C00
3C00
3C00
3C00
3C00
3C00
3C00
3C00
3C00
3C00
3C00
3C00
3C00
3C00
3C00
3C00
3C00
3C00
3C00
3C00
3C00
3C00
3C00
3C00
3C00
3C00
3C00
3C00
3C00
3C00
3C00
3C00
3C00
3C00
3C00
3C00
3C00
3C00
3C00
3C00
3C00
3C00
3C00
3C00
3C00
3C00
3C00
3C00
3C00
3C00
3C00
3C00
3C00
3C00
3C00
3C00
3C00
3C00
3C00
3C00
3C00
3C00
3C00
3C00
3C00
3C00
3C00
3C00
3C00
3C00
3C00
3C00
3C00
3C00
3C00
3C00
3C00
3C00
3C00
3C00
3C00
3C00
3C00
3C00
3C00
3C00
3C00
3C00
3C00
3C00
3C00
3C00
3C00
3C00
3C00
3C00
3C00
3C00
3C00
3C00
3C00
3C00
3C00
3C00
3C00
3C00
3C00
3C00
3C00
3C00
3C00
3C00
3C00
3C00
3C00
3C00
3C00
3C00
3C00
3C00
3C00
3C00
3C00
3C00
3C00
3C00
3C00
3C00
3C00
3C00
3C00
3C00
3C00
3C00
3C00
3C00
3C00
3C00
3C00
3C00
3C00
3C00
3C00
3C00
3C00
3C00
3C00
3C00
3C00
3C00
3C00
3C00
3C00
3C00
3C00
3C00
3C00
3C00
3C00
3C00
3C00
3C00
3C00
3C00
3C00
3C00
3C00
3C00
3C00
3C00
3C00
3C00
3C00
3C00
3C00
3C00
3C00
3C00
3C00
3C00
3C00
3C00
3C00
3C00
3C00
3C00
3C00
3C00
3C00
3C00
3C00
3C00
3C00
3C00
3C00
3C00
3C00
3C00
3C00
3C00
3C00
3C00
3C00
3C00
3C00
3C00
3C00
3C00
3C00
3C00
3C00
3C00
3C00
3C00
3C00
3C00
3C00
3C00
3C00
3C00
3C00
3C00
3C00
3C00
3C00
3C00
3C00
3C00
3C00
3C00
3C00
3C00
3C00
3C00
3C00
3C00
3C00
3C00
3C00
3C00
3C00
3C00
3C00
3C00
3C00
3C00
3C00
3C00
3C00
3C00
3C00
3C00
3C00
3C00
3C00
3C00
3C00
3C00
3C00
3C00
3C00
3C00
3C00
3C00
3C00
3C00
3C00
3C00
3C00
3C00
3C00
3C00
3C00
3C00
3C00
3C00
3C00
3C00
3C00
3C00
3C00
3C00
3C00
3C00
3C00
3C00
3C00
3C00
3C00
3C00
3C00
3C00
3C00
3C00
3C00
3C00
3C00
3C00
3C00
3C00
3C00
3C00
3C00
3C00
3C00
3C00
3C00
3C00
3C00
3C00
3C00
3C00
3C00
3C00
3C00
3C00
3C00
3C00
3C00
3C00
3C00
3C00
3C00
3C00
3C00
3C00
3C00
3C00
3C00
3C00
3C00
3C00
3C00
3C00
3C00
3C00
3C00
3C00
3C00
3C00
3C00
3C00
3C00
3C00
3C00
3C00
3C00
3C00
3C00
3C00
3C00
3C00
3C00
3C00
3C00
3C00
3C00
3C00
3C00
3C00
3C00
3C00
3C00
3C00
3C00
3C00
3C00
3C00
3C00
3C00
3C00
3C00
3C00
3C00
3C00
3C00
3C00
3C00
3C00
3C00
3C00
3C00
3C00
3C00
3C00
3C00
3C00
3C00
3C00
3C00
3C00
3C00
3C00
3C00
3C00
3C00
3C00
3C00
3C00
3C00
3C00
3C00
3C00
3C00
3C00
3C00
3C00
3C00
3C00
3C00
3C00
3C00
3C00
3C00
3C00
3C00
3C00
3C00
3C00
3C00
3C00
3C00
3C00
3C00
3C00
3C00
3C00
3C00
3C00
3C00
3C00
3C00
3C00
3C00
3C00
3C00
3C00
3C00
3C00
3C00
3C00
3C00
3C00
3C00
3C00
3C00
3C00
3C00
3C00
3C00
3C00
3C00
3C00
3C00
3C00
3C00
3C00
3C00
3C00
3C00
3C00
3C00
3C00
3C00
3C00
3C00
3C00
3C00
3C00
3C00
3C00
3C00
3C00
3C00
3C00
3C00
3C00
3C00
3C00
3C00
3C00
3C00
3C00
3C00
3C00
3C00
3C00
3C00
3C00
3C00
3C00
3C00
3C00
3C00
3C00
3C00
3C00
3C00
3C00
3C00
3C00
3C00
3C00
3C00
3C00
3C00
3C00
3C00
3C00
3C00
3C00
3C00
3C00
3C00
3C00
3C00
3C00
3C00
3C00
3C00
3C00
3C00
3C00
3C00
3C00
3C00
3C00
3C00
3C00
3C00
3C00
3C00
3C00
3C00
3C00
3C00
3C00
3C00
3C00
3C00
3C00
3C00
3C00
3C00
3C00
3C00
3C00
3C00
3C00
3C00
3C00
3C00
3C00
3C00
3C00
3C00
3C00
3C00
3C00
3C00
3C00
3C00
3C00
3C00
3C00
3C00
3C00
3C00
3C00
3C00
3C00
3C00
3C00
3C00
3C00
3C00
3C00
3C00
3C00
3C00
3C00
3C00
3C00
3C00
3C00
3C00
3C00
3C00
3C00
3C00
3C00
3C00
3C00
3C00
3C00
3C00
3C00
3C00
3C00
3C00
3C00
3C00
3C00
3C00
3C00
3C00
3C00
3C00
3C00
3C00
3C00
3C00
3C00
3C00
3C00
3C00
3C00
3C00
3C00
3C00
3C00
3C00
3C00
3C00
3C00
3C00
3C00
3C00
3C00
3C00
3C00
3C00
3C00
3C00
3C00
3C00
3C00
3C00
3C00
3C00
3C00
3C00
3C00
3C00
3C00
3C00
3C00
3C00
3C00
3C00
3C00
3C00
3C00
3C00
3C00
3C00
3C00
3C00
3C00
3C00
3C00
3C00
3C00
3C00
3C00
3C00
3C00
3C00
3C00
3C00
3C00
3C00
3C00
3C00
3C00
3C00
3C00
3C00
3C00
3C00
3C00
3C00
3C00
3C00
3C00
3C00
3C00
3C00
3C00
3C00
3C00
3C00
3C00
3C00
3C00
3C00
3C00
3C00
3C00
3C00
3C00
3C00
3C00
3C00
3C00
3C00
3C00
3C00
3C00
3C00
3C00
3C00
3C00
3C00
3C00
3C00
3C00
3C00
3C00
3C00
3C00
3C00
3C00
3C00
3C00
3C00
3C00
3C00
3C00
3C00
3C00
3C00
3C00
3C00
3C00
3C00
3C00
3C00
3C00
3C00
3C00
3C00
3C00
3C00
3C00
3C00
3C00
3C00
3C00
3C00
3C00
3C00
3C00
3C00
3C00
3C00
3C00
3C00
3C00
3C00
3C00
3C00
3C00
3C00
3C00
3C00
3C00
3C00
3C00
3C00
3C00
3C00
3C00
3C00
3C00
3C00
3C00
3C00
3C00
3C00
3C00
3C00
3C00
3C00
3C00
3C00
3C00
3C00
3C00
3C00
3C00
3C00
3C00
3C00
3C00
3C00
3C00
3C00
3C00
3C00
3C00
3C00
3C00
3C00
3C00
3C00
3C00
3C00
3C00
3C00
3C00
3C00
3C00
3C00
3C00
3C00
3C00
3C00
3C00
3C00
3C00
3C00
3C00
3C00
3C00
3C00
3C00
3C00
3C00
3C00
3C00
3C00
3C00
3C00
3C00
3C00
3C00
3C00
3C00
3C00
3C00
3C00
3C00
3C00
3C00
3C00
3C00
3C00
3C00
3C00
3C00
3C00
3C00
3C00
3C00
3C00
3C00
3C00
3C00
3C00
3C00
3C00
3C00
3C00
3C00
3C00
3C00
3C00
3C00
3C00
3C00
3C00
3C00
3C00
3C00
3C00
3C00
3C00
3C00
3C00
3C00
3C00
3C00
3C00
3C00
3C00
3C00
3C00
3C00
3C00
3C00
3C00
3C00
3C00
3C00
3C00
3C00
3C00
3C00
3C00
3C00
3C00
3C00
3C00
3C00
3C00
3C00
3C00
3C00
3C00
3C00
3C00
3C00
3C00
3C00
3C00
3C00
3C00
3C00
3C00
3C00
3C00
3C00
3C00
3C00
3C00
3C00
3C00
3C00
3C00
3C00
3C00
3C00
3C00
3C00
3C00
3C00
3C00
3C00
3C00
3C00
3C00
3C00
3C00
3C00
3C00
3C00
3C00
3C00
3C00
3C00
3C00
3C00
3C00
3C00
3C00
3C00
3C00
3C00
3C00
3C00
3C00
3C00
3C00
3C00
3C00
3C00
3C00
3C00
3C00
3C00
3C00
3C00
3C00
3C00
3C00
3C00
3C00
3C00
3C00
3C00
3C00
3C00
3C00
3C00
3C00
3C00
3C00
3C00
3C00
3C00
3C00
3C00
3C00
3C00
3C00
3C00
3C00
3C00
3C00
3C00
3C00
3C00
3C00
3C00
3C00
3C00
3C00
3C00
3C00
3C00
3C00
3C00
3C00
3C00
3C00
3C00
3C00
3C00
3C00
3C00
3C00
3C00
3C00
3C00
3C00
3C00
3C00
3C00
3C00
3C00
3C00
3C00
3C00
3C00
3C00
3C00
3C00
3C00
3C00
3C00
3C00
3C00
3C00
3C00
3C00
3C00
3C00
3C00
3C00
3C00
3C00
3C00
3C00
3C00
3C00
3C00
3C00
3C00
3C00
3C00
3C00
3C00
3C00
3C00
3C00
3C00
3C00
3C00
3C00
3C00
3C00
3C00
3C00
3C00
3C00
3C00
3C00
3C00
3C00
3C00
3C00
3C00
3C00
3C00
3C00
3C00
3C00
3C00
3C00
3C00
3C00
3C00
3C00
3C00
3C00
3C00
3C00
3C00
3C00
3C00
3C00
3C00
3C00
3C00
3C00
3C00
3C00
3C00
3C00
3C00
3C00
3C00
3C00
3C00
3C00
3C00
3C00
3C00
3C00
3C00
3C00
3C00
3C00
3C00
3C00
3C00
3C00
3C00
3C00
3C00
3C00
3C00
3C00
3C00
3C00
3C00
3C00
3C00
3C00
3C00
3C00
3C00
3C00
3C00
3C00
3C00
3C00
3C00
3C00
3C00
3C00
3C00
3C00
3C00
3C00
3C00
3C00
3C00
3C00
3C00
3C00
3C00
3C00
3C00
3C00
3C00
3C00
3C00
3C00
3C00
3C00
3C00
3C00
3C00
3C00
3C00
3C00
3C00
3C00
3C00
3C00
3C00
3C00
3C00
3C00
3C00
3C00
3C00
3C00
3C00
3C00
3C00
3C00
3C00
3C00
3C00
3C00
3C00
3C00
3C00
3C00
3C00
3C00
3C00
3C00
3C00
3C00
3C00
3C00
3C00
3C00
3C00
3C00
3C00
3C00
3C00
3C00
3C00
3C00
3C00
3C00
3C00
3C00
3C00
3C00
3C00
3C00
3C00
3C00
3C00
3C00
3C00
3C00
3C00
3C00
3C00
3C00
3C00
3C00
3C00
3C00
3C00
3C00
3C00
3C00
3C00
3C00
3C00
3C00
3C00
3C00
3C00
3C00
3C00
3C00
3C00
3C00
3C00
3C00
3C00
3C00
3C00
3C00
3C00
3C00
3C00
3C00
3C00
3C00
3C00
3C00
3C00
3C00
3C00
3C00
3C00
3C00
3C00
3C00
3C00
3C00
3C00
3C00
3C00
3C00
3C00
3C00
3C00
3C00
3C00
3C00
3C00
3C00
3C00
3C00
3C00
3C00
3C00
3C00
3C00
3C00
3C00
3C00
3C00
3C00
3C00
3C00
3C00
3C00
3C00
3C00
3C00
3C00
3C00
3C00
3C00
3C00
3C00
3C00
3C00
3C00
3C00
3C00
3C00
3C00
3C00
3C00
3C00
3C00
3C00
3C00
3C00
3C00
3C00
3C00
3C00
3C00
3C00
3C00
3C00
3C00
3C00
3C00
3C00
3C00
3C00
3C00
3C00
3C00
3C00
3C00
3C00
3C00
3C00
3C00
3C00
3C00
3C00
3C00
3C00
3C00
3C00
3C00
3C00
3C00
3C00
3C00
3C00
3C00
3C00
3C00
3C00
3C00
3C00
3C00
3C00
3C00
3C00
3C00
3C00
3C00
3C00
3C00
3C00
3C00
3C00
3C00
3C00
3C00
3C00
3C00
3C00
3C00
3C00
3C00
3C00
3C00
3C00
3C00
3C00
3C00
3C00
3C00
3C00
3C00
3C00
3C00
3C00
3C00
3C00
3C00
3C00
3C00
3C00
3C00
3C00
3C00
3C00
3C00
3C00
3C00
3C00
3C00
3C00
3C00
3C00
3C00
3C00
3C00
3C00
3C00
3C00
3C00
3C00
3C00
3C00
3C00
3C00
3C00
3C00
3C00
3C00
3C00
3C00
3C00
3C00
3C00
3C00
3C00
3C00
3C00
3C00
3C00
3C00
3C00
3C00
3C00
3C00
3C00
3C00
3C00
3C00
3C00
3C00
3C00
3C00
3C00
3C00
3C00
3C00
3C00
3C00
3C00
3C00
3C00
3C00
3C00
3C00
3C00
3C00
3C00
3C00
3C00
3C00
3C00
3C00
3C00
3C00
3C00
3C00
3C00
3C00
3C00
3C00
3C00
3C00
3C00
3C00
3C00
3C00
3C00
3C00
3C00
3C00
3C00
3C00
3C00
3C00
3C00
3C00
3C00
3C00
3C00
3C00
3C00
3C00
3C00
3C00
3C00
3C00
3C00
3C00
3C00
3C00
3C00
3C00
3C00
3C00
3C00
3C00
3C00
3C00
3C00
3C00
3C00
3C00
3C00
3C00
3C00
3C00
3C00
3C00
3C00
3C00
3C00
3C00
3C00
3C00
3C00
3C00
3C00
3C00
3C00
3C00
3C00
3C00
3C00
3C00
3C00
3C00
3C00
3C00
3C00
3C00
3C00
3C00
3C00
3C00
3C00
3C00
3C00
3C00
3C00
3C00
3C00
3C00
3C00
3C00
3C00
3C00
3C00
3C00
3C00
3C00
3C00
3C00
3C00
3C00
3C00
3C00
3C00
3C00
3C00
3C00
3C00
3C00
3C00
3C00
3C00
3C00
3C00
3C00
3C00
3C00
3C00
3C00
3C00
3C00
3C00
3C00
3C00
3C00
3C00
3C00
3C00
3C00
3C00
3C00
3C00
3C00
3C00
3C00
3C00
3C00
3C00
3C00
3C00
3C00
3C00
3C00
3C00
3C00
3C00
3C00
3C00
3C00
3C00
3C00
3C00
3C00
3C00
3C00
3C00
3C00
3C00
3C00
3C00
3C00
3C00
3C00
3C00
3C00
3C00
3C00
3C00
3C00
3C00
3C00
3C00
3C00
3C00
3C00
3C00
3C00
3C00
3C00
3C00
3C00
3C00
3C00
3C00
3C00
3C00
3C00
3C00
3C00
3C00
3C00
3C00
3C00
3C00
3C00
3C00
3C00
3C00
3C00
3C00
3C00
3C00
3C00
3C00
3C00
3C00
3C00
3C00
3C00
3C00
3C00
3C00
3C00
3C00
3C00
3C00
3C00
3C00
3C00
3C00
3C00
3C00
3C00
3C00
3C00
3C00
3C00
3C00
3C00
3C00
3C00
3C00
3C00
3C00
3C00
3C00
3C00
3C00
3C00
3C00
3C00
3C00
3C00
3C00
3C00
3C00
3C00
3C00
3C00
3C00
3C00
3C00
3C00
3C00
3C00
3C00
3C00
3C00
3C00
3C00
3C00
3C00
3C00
3C00
3C00
3C00
3C00
3C00
3C00
3C00
3C00
3C00
3C00
3C00
3C00
3C00
3C00
3C00
3C00
3C00
3C00
3C00
3C00
3C00
3C00
3C00
3C00
3C00
3C00
3C00
3C00
3C00
3C00
3C00
3C00
3C00
3C00
3C00
3C00
3C00
3C00
3C00
3C00
3C00
3C00
3C00
3C00
3C00
3C00
3C00
3C00
3C00
3C00
3C00
3C00
3C00
3C00
3C00
3C00
3C00
3C00
3C00
3C00
3C00
3C00
3C00
3C00
3C00
3C00
3C00
3C00
3C00
3C00
3C00
3C00
3C00
3C00
3C00
3C00
3C00
3C00
3C00
3C00
3C00
3C00
3C00
3C00
3C00
3C00
3C00
3C00
3C00
3C00
3C00
3C00
3C00
3C00
3C00
3C00
3C00
3C00
3C00
3C00
3C00
3C00
3C00
3C00
3C00
3C00
3C00
3C00
3C00
3C00
3C00
3C00
3C00
3C00
3C00
3C00
3C00
3C00
3C00
3C00
3C00
3C00
3C00
3C00
3C00
3C00
3C00
3C00
3C00
3C00
3C00
3C00
3C00
3C00
3C00
3C00
3C00
3C00
3C00
3C00
3C00
3C00
3C00
3C00
3C00
3C00
3C00
3C00
3C00
3C00
3C00
3C00
3C00
3C00
3C00
3C00
3C00
3C00
3C00
3C00
3C00
3C00
3C00
3C00
3C00
3C00
3C00
3C00
3C00
3C00
3C00
3C00
3C00
3C00
3C00
3C00
3C00
3C00
3C00
3C00
3C00
3C00
3C00
3C00
3C00
3C00
3C00
3C00
3C00
3C00
3C00
3C00
3C00
3C00
3C00
3C00
3C00
3C00
3C00
3C00
3C00
3C00
3C00
3C00
3C00
3C00
3C00
3C00
3C00
3C00
3C00
3C00
3C00
3C00
3C00
3C00
3C00
3C00
3C00
3C00
3C00
3C00
3C00
3C00
3C00
3C00
3C00
3C00
3C00
3C00
3C00
3C00
3C00
3C00
3C00
3C00
3C00
3C00
3C00
3C00
3C00
3C00
3C00
3C00
3C00
3C00
3C00
3C00
3C00
3C00
3C00
3C00
3C00
3C00
3C00
3C00
3C00
3C00
3C00
3C00
3C00
3C00
3C00
3C00
3C00
3C00
3C00
3C00
3C00
3C00
3C00
3C00
3C00
3C00
3C00
3C00
3C00
3C00
3C00
3C00
3C00
3C00
3C00
3C00
3C00
3C00
3C00
3C00
3C00
3C00
3C00
3C00
3C00
3C00
3C00
3C00
3C00
3C00
3C00
3C00
3C00
3C00
3C00
3C00
3C00
3C00
3C00
3C00
3C00
3C00
3C00
3C00
3C00
3C00
3C00
3C00
3C00
3C00
3C00
3C00
3C00
3C00
3C00
3C00
3C00
3C00
3C00
3C00
3C00
3C00
3C00
3C00
3C00
3C00
3C00
3C00
3C00
3C00
3C00
3C00
3C00
3C00
3C00
3C00
3C00
3C00
3C00
3C00
3C00
3C00
3C00
3C00
3C00
3C00
3C00
3C00
3C00
3C00
3C00
3C00
3C00
3C00
3C00
3C00
3C00
3C00
3C00
3C00
3C00
3C00
3C00
3C00
3C00
3C00
3C00
3C00
3C00
3C00
3C00
3C00
3C00
3C00
3C00
3C00
3C00
3C00
3C00
3C00
3C00
3C00
3C00
3C00
3C00
3C00
3C00
3C00
3C00
3C00
3C00
3C00
3C00
3C00
3C00
3C00
3C00
3C00
3C00
3C00
3C00
3C00
3C00
3C00
3C00
3C00
3C00
3C00
3C00
3C00
3C00
3C00
3C00
3C00
3C00
3C00
3C00
3C00
3C00
3C00
3C00
3C00
3C00
3C00
3C00
3C00
3C00
3C00
3C00
3C00
3C00
3C00
3C00
3C00
3C00
3C00
3C00
3C00
3C00
3C00
3C00
3C00
3C00
3C00
3C00
3C00
3C00
3C00
3C00
3C00
3C00
3C00
3C00
3C00
3C00
3C00
3C00
3C00
3C00
3C00
3C00
3C00
3C00
3C00
3C00
3C00
3C00
3C00
3C00
3C00
3C00
3C00
3C00
3C00
3C00
3C00
3C00
3C00
3C00
3C00
3C00
3C00
3C00
3C00
3C00
3C00
3C00
3C00
3C00
3C00
3C00
3C00
3C00
3C00
3C00
3C00
3C00
3C00
3C00
3C00
3C00
3C00
3C00
3C00
3C00
3C00
3C00
3C00
3C00
3C00
3C00
3C00
3C00
3C00
3C00
3C00
3C00
3C00
3C00
3C00
3C00
3C00
3C00
3C00
3C00
3C00
3C00
3C00
3C00
3C00
3C00
3C00
3C00
3C00
3C00
3C00
3C00
3C00
3C00
3C00
3C00
3C00
3C00
3C00
3C00
3C00
3C00
3C00
3C00
3C00
3C00
3C00
3C00
3C00
3C00
3C00
3C00
3C00
3C00
3C00
3C00
3C00
3C00
3C00
3C00
3C00
3C00
3C00
3C00
3C00
3C00
3C00
3C00
3C00
3C00
3C00
3C00
3C00
3C00
3C00
3C00
3C00
3C00
3C00
3C00
3C00
3C00
3C00
3C00
3C00
3C00
3C00
3C00
3C00
3C00
3C00
3C00
3C00
3C00
3C00
3C00
3C00
3C00
3C00
3C00
3C00
3C00
3C00
3C00
3C00
3C00
3C00
3C00
3C00
3C00
3C00
3C00
3C00
3C00
3C00
3C00
3C00
3C00
3C00
3C00
3C00
3C00
3C00
3C00
3C00
3C00
3C00
3C00
3C00
3C00
3C00
3C00
3C00
3C00
3C00
3C00
3C00
3C00
3C00
3C00
3C00
3C00
3C00
3C00
3C00
3C00
3C00
3C00
3C00
3C00
3C00
3C00
3C00
3C00
3C00
3C00
3C00
3C00
3C00
3C00
3C00
3C00
3C00
3C00
3C00
3C00
3C00
3C00
3C00
3C00
3C00
3C00
3C00
3C00
3C00
3C00
3C00
3C00
3C00
3C00
3C00
3C00
3C00
3C00
3C00
3C00
3C00
3C00
3C00
3C00
3C00
3C00
3C00
3C00
3C00
3C00
3C00
3C00
3C00
3C00
3C00
3C00
3C00
3C00
3C00
3C00
3C00
3C00
3C00
3C00
3C00
3C00
3C00
3C00
3C00
3C00
3C00
3C00
3C00
3C00
3C00
3C00
3C00
3C00
3C00
3C00
3C00
3C00
3C00
3C00
3C00
3C00
3C00
3C00
3C00
3C00
3C00
3C00
3C00
3C00
3C00
3C00
3C00
3C00
3C00
3C00
3C00
3C00
3C00
3C00
3C00
3C00
3C00
3C00
3C00
3C00
3C00
3C00
3C00
3C00
3C00
3C00
3C00
3C00
3C00
3C00
3C00
3C00
3C00
3C00
3C00
3C00
3C00
3C00
3C00
3C00
3C00
3C00
3C00
3C00
3C00
3C00
3C00
3C00
3C00
3C00
3C00
3C00
3C00
3C00
3C00
3C00
3C00
3C00
3C00
3C00
3C00
3C00
3C00
3C00
3C00
3C00
3C00
3C00
3C00
3C00
3C00
3C00
3C00
3C00
3C00
3C00
3C00
3C00
3C00
3C00
3C00
3C00
3C00
3C00
3C00
3C00
3C00
3C00
3C00
3C00
3C00
3C00
3C00
3C00
3C00
3C00
3C00
3C00
3C00
3C00
3C00
3C00
3C00
3C00
3C00
3C00
3C00
3C00
3C00
3C00
3C00
3C00
3C00
3C00
3C00
3C00
3C00
3C00
3C00
3C00
3C00
3C00
3C00
3C00
3C00
3C00
3C00
3C00
3C00
3C00
3C00
3C00
3C00
3C00
3C00
3C00
3C00
3C00
3C00
3C00
3C00
3C00
3C00
3C00
3C00
3C00
3C00
3C00
3C00
3C00
3C00
3C00
3C00
3C00
3C00
3C00
3C00
3C00
3C00
3C00
3C00
3C00
3C00
3C00
3C00
3C00
3C00
3C00
3C00
3C00
3C00
3C00
3C00
3C00
3C00
3C00
3C00
3C00
3C00
3C00
3C00
3C00
3C00
3C00
3C00
3C00
3C00
3C00
3C00
3C00
3C00
3C00
3C00
3C00
3C00
3C00
3C00
3C00
3C00
3C00
3C00
3C00
3C00
3C00
3C00
3C00
3C00
3C00
3C00
3C00
3C00
3C00
3C00
3C00
3C00
3C00
3C00
3C00
3C00
3C00
3C00
3C00
3C00
3C00
3C00
3C00
3C00
3C00
3C00
3C00
3C00
3C00
3C00
3C00
3C00
3C00
3C00
3C00
3C00
3C00
3C00
3C00
3C00
3C00
3C00
3C00
3C00
3C00
3C00
3C00
3C00
3C00
3C00
3C00
3C00
3C00
3C00
3C00
3C00
3C00
3C00
3C00
3C00
3C00
3C00
3C00
3C00
3C00
3C00
3C00
3C00
3C00
3C00
3C00
3C00
3C00
3C00
3C00
3C00
3C00
3C00
3C00
3C00
3C00
3C00
3C00
3C00
3C00
3C00
3C00
3C00
3C00
3C00
3C00
3C00
3C00
3C00
3C00
3C00
3C00
3C00
3C00
3C00
3C00
3C00
3C00
3C00
3C00
3C00
3C00
3C00
3C00
3C00
3C00
3C00
3C00
3C00
3C00
3C00
3C00
3C00
3C00
3C00
3C00
3C00
3C00
3C00
3C00
3C00
3C00
3C00
3C00
3C00
3C00
3C00
3C00
3C00
3C00
3C00
3C00
3C00
3C00
3C00
3C00
3C00
3C00
3C00
3C00
3C00
3C00
3C00
3C00
3C00
3C00
3C00
3C00
3C00
3C00
3C00
3C00
3C00
3C00
3C00
3C00
3C00
3C00
3C00
3C00
3C00
3C00
3C00
3C00
3C00
3C00
3C00
3C00
3C00
3C00
3C00
3C00
3C00
3C00
3C00
3C00
3C00
3C00
3C00
3C00
3C00
3C00
3C00
3C00
3C00
3C00
3C00
3C00
3C00
3C00
3C00
3C00
3C00
3C00
3C00
3C00
3C00
3C00
3C00
3C00
3C00
3C00
3C00
3C00
3C00
3C00
3C00
3C00
3C00
3C00
3C00
3C00
3C00
3C00
3C00
3C00
3C00
3C00
3C00
3C00
3C00
3C00
3C00
3C00
3C00
3C00
3C00
3C00
3C00
3C00
3C00
3C00
3C00
3C00
3C00
3C00
3C00
3C00
3C00
3C00
3C00
3C00
3C00
3C00
3C00
3C00
3C00
3C00
3C00
3C00
3C00
3C00
3C00
3C00
3C00
3C00
3C00
3C00
3C00
3C00
3C00
3C00
3C00
3C00
3C00
3C00
3C00
3C00
3C00
3C00
3C00
3C00
3C00
3C00
3C00
3C00
3C00
3C00
3C00
3C00
3C00
3C00
3C00
3C00
3C00
3C00
3C00
3C00
3C00
3C00
3C00
3C00
3C00
3C00
3C00
3C00
3C00
3C00
3C00
3C00
3C00
3C00
3C00
3C00
3C00
3C00
3C00
3C00
3C00
3C00
3C00
3C00
3C00
3C00
3C00
3C00
3C00
3C00
3C00
3C00
3C00
3C00
3C00
3C00
3C00
3C00
3C00
3C00
3C00
3C00
3C00
3C00
3C00
3C00
3C00
3C00
3C00
3C00
3C00
3C00
3C00
3C00
3C00
3C00
3C00
3C00
3C00
3C00
3C00
3C00
3C00
3C00
3C00
3C00
3C00
3C00
3C00
3C00
3C00
3C00
3C00
3C00
3C00
3C00
3C00
3C00
3C00
3C00
3C00
3C00
3C00
3C00
3C00
3C00
3C00
3C00
3C00
3C00
3C00
3C00
3C00
3C00
3C00
3C00
3C00
3C00
3C00
3C00
3C00
3C00
3C00
3C00
3C00
3C00
3C00
3C00
3C00
3C00
3C00
3C00
3C00
3C00
3C00
3C00
3C00
3C00
3C00
3C00
3C00
3C00
3C00
3C00
3C00
3C00
3C00
3C00
3C00
3C00
3C00
3C00
3C00
3C00
3C00
3C00
3C00
3C00
3C00
3C00
3C00
3C00
3C00
3C00
3C00
3C00
3C00
3C00
3C00
3C00
3C00
3C00
3C00
3C00
3C00
3C00
3C00
3C00
3C00
3C00
3C00
3C00
3C00
3C00
3C00
3C00
3C00
3C00
3C00
3C00
3C00
3C00
3C00
3C00
3C00
3C00
3C00
3C00
3C00
3C00
3C00
3C00
3C00
3C00
3C00
3C00
3C00
3C00
3C00
3C00
3C00
3C00
3C00
3C00
3C00
3C00
3C00
3C00
3C00
3C00
3C00
3C00
3C00
3C00
3C00
3C00
3C00
3C00
3C00
3C00
3C00
3C00
3C00
3C00
3C00
3C00
3C00
3C00
3C00
3C00
3C00
3C00
3C00
3C00
3C00
3C00
3C00
3C00
3C00
3C00
3C00
3C00
3C00
3C00
3C00
3C00
3C00
3C00
3C00
3C00
3C00
3C00
3C00
3C00
3C00
3C00
3C00
3C00
3C00
3C00
3C00
3C00
3C00
3C00
3C00
3C00
3C00
3C00
3C00
3C00
3C00
3C00
3C00
3C00
3C00
3C00
3C00
3C00
3C00
3C00
3C00
3C00
3C00
3C00
3C00
3C00
3C00
3C00
3C00
3C00
3C00
3C00
3C00
3C00
3C00
3C00
3C00
3C00
3C00
3C00
3C00
3C00
3C00
3C00
3C00
3C00
3C00
3C00
3C00
3C00
3C00
3C00
3C00
3C00
3C00
3C00
3C00
3C00
3C00
3C00
3C00
3C00
3C00
3C00
3C00
3C00
3C00
3C00
3C00
3C00
3C00
3C00
3C00
3C00
3C00
3C00
3C00
3C00
3C00
3C00
3C00
3C00
3C00
3C00
3C00
3C00
3C00
3C00
3C00
3C00
3C00
3C00
3C00
3C00
3C00
3C00
3C00
3C00
3C00
3C00
3C00
3C00
3C00
3C00
3C00
3C00
3C00
3C00
3C00
3C00
3C00
3C00
3C00
3C00
3C00
3C00
3C00
3C00
3C00
3C00
3C00
3C00
3C00
3C00
3C00
3C00
3C00
3C00
3C00
3C00
3C00
3C00
3C00
3C00
3C00
3C00
3C00
3C00
3C00
3C00
3C00
3C00
3C00
3C00
3C00
3C00
3C00
3C00
3C00
3C00
3C00
3C00
3C00
3C00
3C00
3C00
3C00
3C00
3C00
3C00
3C00
3C00
3C00
3C00
3C00
3C00
3C00
3C00
3C00
3C00
3C00
3C00
3C00
3C00
3C00
3C00
3C00
3C00
3C00
3C00
3C00
3C00
3C00
3C00
3C00
3C00
3C00
3C00
3C00
3C00
3C00
3C00
3C00
3C00
3C00
3C00
3C00
3C00
3C00
3C00
3C00
3C00
3C00
3C00
3C00
3C00
3C00
3C00
3C00
3C00
3C00
3C00
3C00
3C00
3C00
3C00
3C00
3C00
3C00
3C00
3C00
3C00
3C00
3C00
3C00
3C00
3C00
3C00
3C00
3C00
3C00
3C00
3C00
3C00
3C00
3C00
3C00
3C00
3C00
3C00
3C00
3C00
3C00
3C00
3C00
3C00
3C00
3C00
3C00
3C00
3C00
3C00
3C00
3C00
3C00
3C00
3C00
3C00
3C00
3C00
3C00
3C00
3C00
3C00
3C00
3C00
3C00
3C00
3C00
3C00
3C00
3C00
3C00
3C00
3C00
3C00
3C00
3C00
3C00
3C00
3C00
3C00
3C00
3C00
3C00
3C00
3C00
3C00
3C00
3C00
3C00
3C00
3C00
3C00
3C00
3C00
3C00
3C00
3C00
3C00
3C00
3C00
3C00
3C00
3C00
3C00
3C00
3C00
3C00
3C00
3C00
3C00
3C00
3C00
3C00
3C00
3C00
3C00
3C00
3C00
3C00
3C00
3C00
3C00
3C00
3C00
3C00
3C00
3C00
3C00
3C00
3C00
3C00
3C00
3C00
3C00
3C00
3C00
3C00
3C00
3C00
3C00
3C00
3C00
3C00
3C00
3C00
3C00
3C00
3C00
3C00
3C00
3C00
3C00
3C00
3C00
3C00
3C00
3C00
3C00
3C00
3C00
3C00
3C00
3C00
3C00
3C00
3C00
3C00
3C00
3C00
3C00
3C00
3C00
3C00
3C00
3C00
3C00
3C00
3C00
3C00
3C00
3C00
3C00
3C00
3C00
3C00
3C00
3C00
3C00
3C00
3C00
3C00
3C00
3C00
3C00
3C00
3C00
3C00
3C00
3C00
3C00
3C00
3C00
3C00
3C00
3C00
3C00
3C00
3C00
3C00
3C00
3C00
3C00
3C00
3C00
3C00
3C00
3C00
3C00
3C00
3C00
3C00
3C00
3C00
3C00
3C00
3C00
3C00
3C00
3C00
3C00
3C00
3C00
3C00
3C00
3C00
3C00
3C00
3C00
3C00
3C00
3C00
3C00
3C00
3C00
3C00
3C00
3C00
3C00
3C00
3C00
3C00
3C00
3C00
3C00
3C00
3C00
3C00
3C00
3C00
3C00
3C00
3C00
3C00
3C00
3C00
3C00
3C00
3C00
3C00
3C00
3C00
3C00
3C00
3C00
3C00
3C00
3C00
3C00
3C00
3C00
3C00
3C00
3C00
3C00
3C00
3C00
3C00
3C00
3C00
3C00
3C00
3C00
3C00
3C00
3C00
3C00
3C00
3C00
3C00
3C00
3C00
3C00
3C00
3C00
3C00
3C00
3C00
3C00
3C00
3C00
3C00
3C00
3C00
3C00
3C00
3C00
3C00
3C00
3C00
3C00
3C00
3C00
3C00
3C00
3C00
3C00
3C00
3C00
3C00
3C00
3C00
3C00
3C00
3C00
3C00
3C00
3C00
3C00
3C00
3C00
3C00
3C00
3C00
3C00
3C00
3C00
3C00
3C00
3C00
3C00
3C00
3C00
3C00
3C00
3C00
3C00
3C00
3C00
3C00
3C00
3C00
3C00
3C00
3C00
3C00
3C00
3C00
3C00
3C00
3C00
3C00
3C00
3C00
3C00
3C00
3C00
3C00
3C00
3C00
3C00
3C00
3C00
3C00
3C00
3C00
3C00
3C00
3C00
3C00
3C00
3C00
3C00
3C00
3C00
3C00
3C00
3C00
3C00
3C00
3C00
3C00
3C00
3C00
3C00
3C00
3C00
3C00
3C00
3C00
3C00
3C00
3C00
3C00
3C00
3C00
3C00
3C00
3C00
3C00
3C00
3C00
3C00
3C00
3C00
3C00
3C00
3C00
3C00
3C00
3C00
3C00
3C00
3C00
3C00
3C00
3C00
3C00
3C00
3C00
3C00
3C00
3C00
3C00
3C00
3C00
3C00
3C00
3C00
3C00
3C00
3C00
3C00
3C00
3C00
3C00
3C00
3C00
3C00
3C00
3C00
3C00
3C00
3C00
3C00
3C00
3C00
3C00
3C00
3C00
3C00
3C00
3C00
3C00
3C00
3C00
3C00
3C00
3C00
3C00
3C00
3C00
3C00
3C00
3C00
3C00
3C00
3C00
3C00
3C00
3C00
3C00
3C00
3C00
3C00
3C00
3C00
3C00
3C00
3C00
3C00
3C00
3C00
3C00
3C00
3C00
3C00
3C00
3C00
3C00
3C00
3C00
3C00
3C00
3C00
3C00
3C00
3C00
3C00
3C00
3C00
3C00
3C00
3C00
3C00
3C00
3C00
3C00
3C00
3C00
3C00
3C00
3C00
3C00
3C00
3C00
3C00
3C00
3C00
3C00
3C00
3C00
3C00
3C00
3C00
3C00
3C00
3C00
3C00
3C00
3C00
3C00
3C00
3C00
3C00
3C00
3C00
3C00
3C00
3C00
3C00
3C00
3C00
3C00
3C00
3C00
3C00
3C00
3C00
3C00
3C00
3C00
3C00
3C00
3C00
3C00
3C00
3C00
3C00
3C00
3C00
3C00
3C00
3C00
3C00
3C00
3C00
3C00
3C00
3C00
3C00
3C00
3C00
3C00
3C00
3C00
3C00
3C00
3C00
3C00
3C00
3C00
3C00
3C00
3C00
3C00
3C00
3C00
3C00
3C00
3C00
3C00
3C00
3C00
3C00
3C00
3C00
3C00
3C00
3C00
3C00
3C00
3C00
3C00
3C00
3C00
3C00
3C00
3C00
3C00
3C00
3C00
3C00
3C00
3C00
3C00
3C00
3C00
3C00
3C00
3C00
3C00
3C00
3C00
3C00
3C00
3C00
3C00
3C00
3C00
3C00
3C00
3C00
3C00
3C00
3C00
3C00
3C00
3C00
3C00
3C00
3C00
3C00
3C00
3C00
3C00
3C00
3C00
3C00
3C00
3C00
3C00
3C00
3C00
3C00
3C00
3C00
3C00
3C00
3C00
3C00
3C00
3C00
3C00
3C00
3C00
3C00
3C00
3C00
3C00
3C00
3C00
3C00
3C00
3C00
3C00
3C00
3C00
3C00
3C00
3C00
3C00
3C00
3C00
3C00
3C00
3C00
3C00
3C00
3C00
3C00
3C00
3C00
3C00
3C00
3C00
3C00
3C00
3C00
3C00
3C00
3C00
3C00
3C00
3C00
3C00
3C00
3C00
3C00
3C00
3C00
3C00
3C00
3C00
3C00
3C00
3C00
3C00
3C00
3C00
3C00
3C00
3C00
3C00
3C00
3C00
3C00
3C00
3C00
3C00
3C00
3C00
3C00
3C00
3C00
3C00
3C00
3C00
3C00
3C00
3C00
3C00
3C00
3C00
3C00
3C00
3C00
3C00
3C00
3C00
3C00
3C00
3C00
3C00
3C00
3C00
3C00
3C00
3C00
3C00
3C00
3C00
3C00
3C00
3C00
3C00
3C00
3C00
3C00
3C00
3C00
3C00
3C00
3C00
3C00
3C00
3C00
3C00
3C00
3C00
3C00
3C00
3C00
3C00
3C00
3C00
3C00
3C00
3C00
3C00
3C00
3C00
3C00
3C00
3C00
3C00
3C00
3C00
3C00
3C00
3C00
3C00
3C00
3C00
3C00
3C00
3C00
3C00
3C00
3C00
3C00
3C00
3C00
3C00
3C00
3C00
3C00
3C00
3C00
3C00
3C00
3C00
3C00
3C00
3C00
3C00
3C00
3C00
3C00
3C00
3C00
3C00
3C00
3C00
3C00
3C00
3C00
3C00
3C00
3C00
3C00
3C00
3C00
3C00
3C00
3C00
3C00
3C00
3C00
3C00
3C00
3C00
3C00
3C00
3C00
3C00
3C00
3C00
3C00
3C00
3C00
3C00
3C00
3C00
3C00
3C00
3C00
3C00
3C00
3C00
3C00
3C00
3C00
3C00
3C00
3C00
3C00
3C00
3C00
3C00
3C00
3C00
3C00
3C00
3C00
3C00
3C00
3C00
3C00
3C00
3C00
3C00
3C00
3C00
3C00
3C00
3C00
3C00
3C00
3C00
3C00
3C00
3C00
3C00
3C00
3C00
3C00
3C00
3C00
3C00
3C00
3C00
3C00
3C00
3C00
3C00
3C00
3C00
3C00
3C00
3C00
3C00
3C00
3C00
3C00
3C00
3C00
3C00
3C00
3C00
3C00
3C00
3C00
3C00
3C00
3C00
3C00
3C00
3C00
3C00
3C00
3C00
3C00
3C00
3C00
3C00
3C00
3C00
3C00
3C00
3C00
3C00
3C00
3C00
3C00
3C00
3C00
3C00
3C00
3C00
3C00
3C00
3C00
3C00
3C00
3C00
3C00
3C00
3C00
3C00
3C00
3C00
3C00
3C00
3C00
3C00
3C00
3C00
3C00
3C00
3C00
3C00
3C00
3C00
3C00
3C00
3C00
3C00
3C00
3C00
3C00
3C00
3C00
3C00
3C00
3C00
3C00
3C00
3C00
3C00
3C00
3C00
3C00
3C00
3C00
3C00
3C00
3C00
3C00
3C00
3C00
3C00
3C00
3C00
3C00
3C00
3C00
3C00
3C00
3C00
3C00
3C00
3C00
3C00
3C00
3C00
3C00
3C00
3C00
3C00
3C00
3C00
3C00
3C00
3C00
3C00
3C00
3C00
3C00
3C00
3C00
3C00
3C00
3C00
3C00
3C00
3C00
3C00
3C00
3C00
3C00
3C00
3C00
3C00
3C00
3C00
3C00
3C00
3C00
3C00
3C00
3C00
3C00
3C00
3C00
3C00
3C00
3C00
3C00
3C00
3C00
3C00
3C00
3C00
3C00
3C00
3C00
3C00
3C00
3C00
3C00
3C00
3C00
3C00
3C00
3C00
3C00
3C00
3C00
3C00
3C00
3C00
3C00
3C00
3C00
3C00
3C00
3C00
3C00
3C00
3C00
3C00
3C00
3C00
3C00
3C00
3C00
3C00
3C00
3C00
3C00
3C00
3C00
3C00
3C00
3C00
3C00
3C00
3C00
3C00
3C00
3C00
3C00
3C00
3C00
3C00
3C00
3C00
3C00
3C00
3C00
3C00
3C00
3C00
3C00
3C00
3C00
3C00
3C00
3C00
3C00
3C00
3C00
3C00
3C00
3C00
3C00
3C00
3C00
3C00
3C00
3C00
3C00
3C00
3C00
3C00
3C00
3C00
3C00
3C00
3C00
3C00
3C00
3C00
3C00
3C00
3C00
3C00
3C00
3C00
3C00
3C00
3C00
3C00
3C00
3C00
3C00
3C00
3C00
3C00
3C00
3C00
3C00
3C00
3C00
3C00
3C00
3C00
3C00
3C00
3C00
3C00
3C00
3C00
3C00
3C00
3C00
3C00
3C00
3C00
3C00
3C00
3C00
3C00
3C00
3C00
3C00
3C00
3C00
3C00
3C00
3C00
3C00
3C00
3C00
3C00
3C00
3C00
3C00
3C00
3C00
3C00
3C00
3C00
3C00
3C00
3C00
3C00
3C00
3C00
3C00
3C00
3C00
3C00
3C00
3C00
3C00
3C00
3C00
3C00
3C00
3C00
3C00
3C00
3C00
3C00
3C00
3C00
3C00
3C00
3C00
3C00
3C00
3C00
3C00
3C00
3C00
3C00
3C00
3C00
3C00
3C00
3C00
3C00
3C00
3C00
3C00
3C00
3C00
3C00
3C00
3C00
3C00
3C00
3C00
3C00
3C00
3C00
3C00
3C00
3C00
3C00
3C00
3C00
3C00
3C00
3C00
3C00
3C00
3C00
3C00
3C00
3C00
3C00
3C00
3C00
3C00
3C00
3C00
3C00
3C00
3C00
3C00
3C00
3C00
3C00
3C00
3C00
3C00
3C00
3C00
3C00
3C00
3C00
3C00
3C00
3C00
3C00
3C00
3C00
3C00
3C00
3C00
3C00
3C00
3C00
3C00
3C00
3C00
3C00
3C00
3C00
3C00
3C00
3C00
3C00
3C00
3C00
3C00
3C00
3C00
3C00
3C00
3C00
3C00
3C00
3C00
3C00
3C00
3C00
3C00
3C00
3C00
3C00
3C00
3C00
3C00
3C00
3C00
3C00
3C00
3C00
3C00
3C00
3C00
3C00
3C00
3C00
3C00
3C00
3C00
3C00
3C00
3C00
3C00
3C00
3C00
3C00
3C00
3C00
3C00
3C00
3C00
3C00
3C00
3C00
3C00
3C00
3C00
3C00
3C00
3C00
3C00
3C00
3C00
3C00
3C00
3C00
3C00
3C00
3C00
3C00
3C00
3C00
3C00
3C00
3C00
3C00
3C00
3C00
3C00
3C00
3C00
3C00
3C00
3C00
3C00
3C00
3C00
3C00
3C00
3C00
3C00
3C00
3C00
3C00
3C00
3C00
3C00
3C00
3C00
3C00
3C00
3C00
3C00
3C00
3C00
3C00
3C00
3C00
3C00
3C00
3C00
3C00
3C00
3C00
3C00
3C00
3C00
3C00
3C00
3C00
3C00
3C00
3C00
3C00
3C00
3C00
3C00
3C00
3C00
3C00
3C00
3C00
3C00
3C00
3C00
3C00
3C00
3C00
3C00
3C00
3C00
3C00
3C00
3C00
3C00
3C00
3C00
3C00
3C00
3C00
3C00
3C00
3C00
3C00
3C00
3C00
3C00
3C00
3C00
3C00
3C00
3C00
3C00
3C00
3C00
3C00
3C00
3C00
3C00
3C00
3C00
3C00
3C00
3C00
3C00
3C00
3C00
3C00
3C00
3C00
3C00
3C00
3C00
3C00
3C00
3C00
3C00
3C00
3C00
3C00
3C00
3C00
3C00
3C00
3C00
3C00
3C00
3C00
3C00
3C00
3C00
3C00
3C00
3C00
3C00
3C00
3C00
3C00
3C00
3C00
3C00
3C00
3C00
3C00
3C00
3C00
3C00
3C00
3C00
3C00
3C00
3C00
3C00
3C00
3C00
3C00
3C00
3C00
3C00
3C00
3C00
3C00
3C00
3C00
3C00
3C00
3C00
3C00
3C00
3C00
3C00
3C00
3C00
3C00
3C00
3C00
3C00
3C00
3C00
3C00
3C00
3C00
3C00
3C00
3C00
3C00
3C00
3C00
3C00
3C00
3C00
3C00
3C00
3C00
3C00
3C00
3C00
3C00
3C00
3C00
3C00
3C00
3C00
3C00
3C00
3C00
3C00
3C00
3C00
3C00
3C00
3C00
3C00
3C00
3C00
3C00
3C00
3C00
3C00
3C00
3C00
3C00
3C00
3C00
3C00
3C00
3C00
3C00
3C00
3C00
3C00
3C00
3C00
3C00
3C00
3C00
3C00
3C00
3C00
3C00
3C00
3C00
3C00
3C00
3C00
3C00
3C00
3C00
3C00
3C00
3C00
3C00
3C00
3C00
3C00
3C00
3C00
3C00
3C00
3C00
3C00
3C00
3C00
3C00
3C00
3C00
3C00
3C00
3C00
3C00
3C00
3C00
3C00
3C00
3C00
3C00
3C00
3C00
3C00
3C00
3C00
3C00
3C00
3C00
3C00
3C00
3C00
3C00
3C00
3C00
3C00
3C00
3C00
3C00
3C00
3C00
3C00
3C00
3C00
3C00
3C00
3C00
3C00
3C00
3C00
3C00
3C00
3C00
3C00
3C00
3C00
3C00
3C00
3C00
3C00
3C00
3C00
3C00
3C00
3C00
3C00
3C00
3C00
3C00
3C00
3C00
3C00
3C00
3C00
3C00
3C00
3C00
3C00
3C00
3C00
3C00
3C00
3C00
3C00
3C00
3C00
3C00
3C00
3C00
3C00
3C00
3C00
3C00
3C00
3C00
3C00
3C00
3C00
3C00
3C00
3C00
3C00
3C00
3C00
3C00
3C00
3C00
3C00
3C00
3C00
3C00
3C00
3C00
3C00
3C00
3C00
3C00
3C00
3C00
3C00
3C00
3C00
3C00
3C00
3C00
3C00
3C00
3C00
3C00
3C00
3C00
3C00
3C00
3C00
3C00
3C00
3C00
3C00
3C00
3C00
3C00
3C00
3C00
3C00
3C00
3C00
3C00
3C00
3C00
3C00
3C00
3C00
3C00
3C00
3C00
3C00
3C00
3C00
3C00
3C00
3C00
3C00
3C00
3C00
3C00
3C00
3C00
3C00
3C00
3C00
3C00
3C00
3C00
3C00
3C00
3C00
3C00
3C00
3C00
3C00
3C00
3C00
3C00
3C00
3C00
3C00
3C00
3C00
3C00
3C00
3C00
3C00
3C00
3C00
3C00
3C00
3C00
3C00
3C00
3C00
3C00
3C00
3C00
3C00
3C00
3C00
3C00
3C00
3C00
3C00
3C00
3C00
3C00
3C00
3C00
3C00
3C00
3C00
3C00
3C00
3C00
3C00
3C00
3C00
3C00
3C00
3C00
3C00
3C00
3C00
3C00
3C00
3C00
3C00
3C00
3C00
3C00
3C00
3C00
3C00
3C00
3C00
3C00
3C00
3C00
3C00
3C00
3C00
3C00
3C00
3C00
3C00
3C00
3C00
3C00
3C00
3C00
3C00
3C00
3C00
3C00
3C00
3C00
3C00
3C00
3C00
3C00
3C00
3C00
3C00
3C00
3C00
3C00
3C00
3C00
3C00
3C00
3C00
3C00
3C00
3C00
3C00
3C00
3C00
3C00
3C00
3C00
3C00
3C00
3C00
3C00
3C00
3C00
3C00
3C00
3C00
3C00
3C00
3C00
3C00
3C00
3C00
3C00
3C00
3C00
3C00
3C00
3C00
3C00
3C00
3C00
3C00
3C00
3C00
3C00
3C00
3C00
3C00
3C00
3C00
3C00
3C00
3C00
3C00
3C00
3C00
3C00
3C00
3C00
3C00
3C00
3C00
3C00
3C00
3C00
3C00
3C00
3C00
3C00
3C00
3C00
3C00
3C00
3C00
3C00
3C00
3C00
3C00
3C00
3C00
3C00
3C00
3C00
3C00
3C00
3C00
3C00
3C00
3C00
3C00
3C00
3C00
3C00
3C00
3C00
3C00
3C00
3C00
3C00
3C00
3C00
3C00
3C00
3C00
3C00
3C00
3C00
3C00
3C00
3C00
3C00
3C00
3C00
3C00
3C00
3C00
3C00
3C00
3C00
3C00
3C00
3C00
3C00
3C00
3C00
3C00
3C00
3C00
3C00
3C00
3C00
3C00
3C00
3C00
3C00
3C00
3C00
3C00
3C00
3C00
3C00
3C00
3C00
3C00
3C00
3C00
3C00
3C00
3C00
3C00
3C00
3C00
3C00
3C00
3C00
3C00
3C00
3C00
3C00
3C00
3C00
3C00
3C00
3C00
3C00
3C00
3C00
3C00
3C00
3C00
3C00
3C00
3C00
3C00
3C00
3C00
3C00
3C00
3C00
3C00
3C00
3C00
3C00
3C00
3C00
3C00
3C00
3C00
3C00
3C00
3C00
3C00
3C00
3C00
3C00
3C00
3C00
3C00
3C00
3C00
3C00
3C00
3C00
3C00
3C00
3C00
3C00
3C00
3C00
3C00
3C00
3C00
3C00
3C00
3C00
3C00
3C00
3C00
3C00
3C00
3C00
3C00
3C00
3C00
3C00
3C00
3C00
3C00
3C00
3C00
3C00
3C00
3C00
3C00
3C00
3C00
3C00
3C00
3C00
3C00
3C00
3C00
3C00
3C00
3C00
3C00
3C00
3C00
3C00
3C00
3C00
3C00
3C00
3C00
3C00
3C00
3C00
3C00
3C00
3C00
3C00
3C00
3C00
3C00
3C00
3C00
3C00
3C00
3C00
3C00
3C00
3C00
3C00
3C00
3C00
3C00
3C00
3C00
3C00
3C00
3C00
3C00
3C00
3C00
3C00
3C00
3C00
3C00
3C00
3C00
3C00
3C00
3C00
3C00
3C00
3C00
3C00
3C00
3C00
3C00
3C00
3C00
3C00
3C00
3C00
3C00
3C00
3C00
3C00
3C00
3C00
3C00
3C00
3C00
3C00
3C00
3C00
3C00
3C00
3C00
3C00
3C00
3C00
3C00
3C00
3C00
3C00
3C00
3C00
3C00
3C00
3C00
3C00
3C00
3C00
3C00
3C00
3C00
3C00
3C00
3C00
3C00
3C00
3C00
3C00
3C00
3C00
3C00
3C00
3C00
3C00
3C00
3C00
3C00
3C00
3C00
3C00
3C00
3C00
3C00
3C00
3C00
3C00
3C00
3C00
3C00
3C00
3C00
3C00
3C00
3C00
3C00
3C00
3C00
3C00
3C00
3C00
3C00
3C00
3C00
3C00
3C00
3C00
3C00
3C00
3C00
3C00
3C00
3C00
3C00
3C00
3C00
3C00
3C00
3C00
3C00
3C00
3C00
3C00
3C00
3C00
3C00
3C00
3C00
3C00
3C00
3C00
3C00
3C00
3C00
3C00
3C00
3C00
3C00
3C00
3C00
3C00
3C00
3C00
3C00
3C00
3C00
3C00
3C00
3C00
3C00
3C00
3C00
3C00
3C00
3C00
3C00
3C00
3C00
3C00
3C00
3C00
3C00
3C00
3C00
3C00
3C00
3C00
3C00
3C00
3C00
3C00
3C00
3C00
3C00
3C00
3C00
3C00
3C00
3C00
3C00
3C00
3C00
3C00
3C00
3C00
3C00
3C00
3C00
3C00
3C00
3C00
3C00
3C00
3C00
3C00
3C00
3C00
3C00
3C00
3C00
3C00
3C00
3C00
3C00
3C00
3C00
3C00
3C00
3C00
3C00
3C00
3C00
3C00
3C00
3C00
3C00
3C00
3C00
3C00
3C00
3C00
3C00
3C00
3C00
3C00
3C00
3C00
3C00
3C00
3C00
3C00
3C00
3C00
3C00
3C00
3C00
3C00
3C00
3C00
3C00
3C00
3C00
3C00
3C00
3C00
3C00
3C00
3C00
3C00
3C00
3C00
3C00
3C00
3C00
3C00
3C00
3C00
3C00
3C00
3C00
3C00
3C00
3C00
3C00
3C00
3C00
3C00
3C00
3C00
3C00
3C00
3C00
3C00
3C00
3C00
3C00
3C00
3C00
3C00
3C00
3C00
3C00
3C00
3C00
3C00
3C00
3C00
3C00
3C00
3C00
3C00
3C00
3C00
3C00
3C00
3C00
3C00
3C00
3C00
3C00
3C00
3C00
3C00
3C00
3C00
3C00
3C00
3C00
3C00
3C00
3C00
3C00
3C00
3C00
3C00
3C00
3C00
3C00
3C00
3C00
3C00
3C00
3C00
3C00
3C00
3C00
3C00
3C00
3C00
3C00
3C00
3C00
3C00
3C00
3C00
3C00
3C00
3C00
3C00
3C00
3C00
3C00
3C00
3C00
3C00
3C00
3C00
3C00
3C00
3C00
3C00
3C00
3C00
3C00
3C00
3C00
3C00
3C00
3C00
3C00
3C00
3C00
3C00
3C00
3C00
3C00
3C00
3C00
3C00
3C00
3C00
3C00
3C00
3C00
3C00
3C00
3C00
3C00
3C00
3C00
3C00
3C00
3C00
3C00
3C00
3C00
3C00
3C00
3C00
3C00
3C00
3C00
3C00
3C00
3C00
3C00
3C00
3C00
3C00
3C00
3C00
3C00
3C00
3C00
3C00
3C00
3C00
3C00
3C00
3C00
3C00
3C00
3C00
3C00
3C00
3C00
3C00
3C00
3C00
3C00
3C00
3C00
3C00
3C00
3C00
3C00
3C00
3C00
3C00
3C00
3C00
3C00
3C00
3C00
3C00
3C00
3C00
3C00
3C00
3C00
3C00
3C00
3C00
3C00
3C00
3C00
3C00
3C00
3C00
3C00
3C00
3C00
3C00
3C00
3C00
3C00
3C00
3C00
3C00
3C00
3C00
3C00
3C00
3C00
3C00
3C00
3C00
3C00
3C00
3C00
3C00
3C00
3C00
3C00
3C00
3C00
3C00
3C00
3C00
3C00
3C00
3C00
3C00
3C00
3C00
3C00
3C00
3C00
3C00
3C00
3C00
3C00
3C00
3C00
3C00
3C00
3C00
3C00
3C00
3C00
3C00
3C00
3C00
3C00
3C00
3C00
3C00
3C00
3C00
3C00
3C00
3C00
3C00
3C00
3C00
3C00
3C00
3C00
3C00
3C00
3C00
3C00
3C00
3C00
3C00
3C00
3C00
3C00
3C00
3C00
3C00
3C00
3C00
3C00
3C00
3C00
3C00
3C00
3C00
3C00
3C00
3C00
3C00
3C00
3C00
3C00
3C00
3C00
3C00
3C00
3C00
3C00
3C00
3C00
3C00
3C00
3C00
3C00
3C00
3C00
3C00
3C00
3C00
3C00
3C00
3C00
3C00
3C00
3C00
3C00
3C00
3C00
3C00
3C00
3C00
3C00
3C00
3C00
3C00
3C00
3C00
3C00
3C00
3C00
3C00
3C00
3C00
3C00
3C00
3C00
3C00
3C00
3C00
3C00
3C00
3C00
3C00
3C00
3C00
3C00
3C00
3C00
3C00
3C00
3C00
3C00
3C00
3C00
3C00
3C00
3C00
3C00
3C00
3C00
3C00
3C00
3C00
3C00
3C00
3C00
3C00
3C00
3C00
3C00
3C00
3C00
3C00
3C00
3C00
3C00
3C00
3C00
3C00
3C00
3C00
3C00
3C00
3C00
3C00
3C00
3C00
3C00
3C00
3C00
3C00
3C00
3C00
3C00
3C00
3C00
3C00
3C00
3C00
3C00
3C00
3C00
3C00
3C00
3C00
3C00
3C00
3C00
3C00
3C00
3C00
3C00
3C00
3C00
3C00
3C00
3C00
3C00
3C00
3C00
3C00
3C00
3C00
3C00
3C00
3C00
3C00
3C00
3C00
3C00
3C00
3C00
3C00
3C00
3C00
3C00
3C00
3C00
3C00
3C00
3C00
3C00
3C00
3C00
3C00
3C00
3C00
3C00
3C00
3C00
3C00
3C00
3C00
3C00
3C00
3C00
3C00
3C00
3C00
3C00
3C00
3C00
3C00
3C00
3C00
3C00
3C00
3C00
3C00
3C00
3C00
3C00
3C00
3C00
3C00
3C00
3C00
3C00
3C00
3C00
3C00
3C00
3C00
3C00
3C00
3C00
3C00
3C00
3C00
3C00
3C00
3C00
3C00
3C00
3C00
3C00
3C00
3C00
3C00
3C00
3C00
3C00
3C00
3C00
3C00
3C00
3C00
3C00
3C00
3C00
3C00
3C00
3C00
3C00
3C00
3C00
3C00
3C00
3C00
3C00
3C00
3C00
3C00
3C00
3C00
3C00
3C00
3C00
3C00
3C00
3C00
3C00
3C00
3C00
3C00
3C00
3C00
3C00
3C00
3C00
3C00
3C00
3C00
3C00
3C00
3C00
3C00
3C00
3C00
3C00
3C00
3C00
3C00
3C00
3C00
3C00
3C00
3C00
3C00
3C00
3C00
3C00
3C00
3C00
3C00
3C00
3C00
3C00
3C00
3C00
3C00
3C00
3C00
3C00
3C00
3C00
3C00
3C00
3C00
3C00
3C00
3C00
3C00
3C00
3C00
3C00
3C00
3C00
3C00
3C00
3C00
3C00
3C00
3C00
3C00
3C00
3C00
3C00
3C00
3C00
3C00
3C00
3C00
3C00
3C00
3C00
3C00
3C00
3C00
3C00
3C00
3C00
3C00
3C00
3C00
3C00
3C00
3C00
3C00
3C00
3C00
3C00
3C00
3C00
3C00
3C00
3C00
3C00
3C00
3C00
3C00
3C00
3C00
3C00
3C00
3C00
3C00
3C00
3C00
3C00
3C00
3C00
3C00
3C00
3C00
3C00
3C00
3C00
3C00
3C00
3C00
3C00
3C00
3C00
3C00
3C00
3C00
3C00
3C00
3C00
3C00
3C00
3C00
3C00
3C00
3C00
3C00
3C00
3C00
3C00
3C00
3C00
3C00
3C00
3C00
3C00
3C00
3C00
3C00
3C00
3C00
3C00
3C00
3C00
3C00
3C00
3C00
3C00
3C00
3C00
3C00
3C00
3C00
3C00
3C00
3C00
3C00
3C00
3C00
3C00
3C00
3C00
3C00
3C00
3C00
3C00
3C00
3C00
3C00
3C00
3C00
3C00
3C00
3C00
3C00
3C00
3C00
3C00
3C00
3C00
3C00
3C00
3C00
3C00
3C00
3C00
3C00
3C00
3C00
3C00
3C00
3C00
3C00
3C00
3C00
3C00
3C00
3C00
3C00
3C00
3C00
3C00
3C00
3C00
3C00
3C00
3C00
3C00
3C00
3C00
3C00
3C00
3C00
3C00
3C00
3C00
3C00
3C00
3C00
3C00
3C00
3C00
3C00
3C00
3C00
3C00
3C00
3C00
3C00
3C00
3C00
3C00
3C00
3C00
3C00
3C00
3C00
3C00
3C00
3C00
3C00
3C00
3C00
3C00
3C00
3C00
3C00
3C00
3C00
3C00
3C00
3C00
3C00
3C00
3C00
3C00
3C00
3C00
3C00
3C00
3C00
3C00
3C00
3C00
3C00
3C00
3C00
3C00
3C00
3C00
3C00
3C00
3C00
3C00
3C00
3C00
3C00
3C00
3C00
3C00
3C00
3C00
3C00
3C00
3C00
3C00
3C00
3C00
3C00
3C00
3C00
3C00
3C00
3C00
3C00
3C00
3C00
3C00
3C00
3C00
3C00
3C00
3C00
3C00
3C00
3C00
3C00
3C00
3C00
3C00
3C00
3C00
3C00
3C00
3C00
3C00
3C00
3C00
3C00
3C00
3C00
3C00
3C00
3C00
3C00
3C00
3C00
3C00
3C00
3C00
3C00
3C00
3C00
3C00
3C00
3C00
3C00
3C00
3C00
3C00
3C00
3C00
3C00
3C00
3C00
3C00
3C00
3C00
3C00
3C00
3C00
3C00
3C00
3C00
3C00
3C00
3C00
3C00
3C00
3C00
3C00
3C00
3C00
3C00
3C00
3C00
3C00
3C00
3C00
3C00
3C00
3C00
3C00
3C00
3C00
3C00
3C00
3C00
3C00
3C00
3C00
3C00
3C00
3C00
3C00
3C00
3C00
3C00
3C00
3C00
3C00
3C00
3C00
3C00
3C00
3C00
3C00
3C00
3C00
3C00
3C00
3C00
3C00
3C00
3C00
3C00
3C00
3C00
3C00
3C00
3C00
3C00
3C00
3C00
3C00
3C00
3C00
3C00
3C00
3C00
3C00
3C00
3C00
3C00
3C00
3C00
3C00
3C00
3C00
3C00
3C00
3C00
3C00
3C00
3C00
3C00
3C00
3C00
3C00
3C00
3C00
3C00
3C00
3C00
3C00
3C00
3C00
3C00
3C00
3C00
3C00
3C00
3C00
3C00
3C00
3C00
3C00
3C00
3C00
3C00
3C00
3C00
3C00
3C00
3C00
3C00
3C00
3C00
3C00
3C00
3C00
3C00
3C00
3C00
3C00
3C00
3C00
3C00
3C00
3C00
3C00
3C00
3C00
3C00
3C00
3C00
3C00
3C00
3C00
3C00
3C00
3C00
3C00
3C00
3C00
3C00
3C00
3C00
3C00
3C00
3C00
3C00
3C00
3C00
3C00
3C00
3C00
3C00
3C00
3C00
3C00
3C00
3C00
3C00
3C00
3C00
3C00
3C00
3C00
3C00
3C00
3C00
3C00
3C00
3C00
3C00
3C00
3C00
3C00
3C00
3C00
3C00
3C00
3C00
3C00
3C00
3C00
3C00
3C00
3C00
3C00
3C00
3C00
3C00
3C00
3C00
3C00
3C00
3C00
3C00
3C00
3C00
3C00
3C00
3C00
3C00
3C00
3C00
3C00
3C00
3C00
3C00
3C00
3C00
3C00
3C00
3C00
3C00
3C00
3C00
3C00
3C00
3C00
3C00
3C00
3C00
3C00
3C00
3C00
3C00
3C00
3C00
3C00
3C00
3C00
3C00
3C00
3C00
3C00
3C00
3C00
3C00
3C00
3C00
3C00
3C00
3C00
3C00
3C00
3C00
3C00
3C00
3C00
3C00
3C00
3C00
3C00
3C00
3C00
3C00
3C00
3C00
3C00
3C00
3C00
3C00
3C00
3C00
3C00
3C00
3C00
3C00
3C00
3C00
3C00
3C00
3C00
3C00
3C00
3C00
3C00
3C00
3C00
3C00
3C00
3C00
3C00
3C00
3C00
3C00
3C00
3C00
3C00
3C00
3C00
3C00
3C00
3C00
3C00
3C00
3C00
3C00
3C00
3C00
3C00
3C00
3C00
3C00
3C00
3C00
3C00
3C00
3C00
3C00
3C00
3C00
3C00
3C00
3C00
3C00
3C00
3C00
3C00
3C00
3C00
3C00
3C00
3C00
3C00
3C00
3C00
3C00
3C00
3C00
3C00
3C00
3C00
3C00
3C00
3C00
3C00
3C00
3C00
3C00
3C00
3C00
3C00
3C00
3C00
3C00
3C00
3C00
3C00
3C00
3C00
3C00
3C00
3C00
3C00
3C00
3C00
3C00
3C00
3C00
3C00
3C00
3C00
3C00
3C00
3C00
3C00
3C00
3C00
3C00
3C00
3C00
3C00
3C00
3C00
3C00
3C00
3C00
3C00
3C00
3C00
3C00
3C00
3C00
3C00
3C00
3C00
3C00
3C00
3C00
3C00
3C00
3C00
3C00
3C00
3C00
3C00
3C00
3C00
3C00
3C00
3C00
3C00
3C00
3C00
3C00
3C00
3C00
3C00
3C00
3C00
3C00
3C00
3C00
3C00
3C00
3C00
3C00
3C00
3C00
3C00
3C00
3C00
3C00
3C00
3C00
3C00
3C00
3C00
3C00
3C00
3C00
3C00
3C00
3C00
3C00
3C00
3C00
3C00
3C00
3C00
3C00
3C00
3C00
3C00
3C00
3C00
3C00
3C00
3C00
3C00
3C00
3C00
3C00
3C00
3C00
3C00
3C00
3C00
3C00
3C00
3C00
3C00
3C00
3C00
3C00
3C00
3C00
3C00
3C00
3C00
3C00
3C00
3C00
3C00
3C00
3C00
3C00
3C00
3C00
3C00
3C00
3C00
3C00
3C00
3C00
3C00
3C00
3C00
3C00
3C00
3C00
3C00
3C00
3C00
3C00
3C00
3C00
3C00
3C00
3C00
3C00
3C00
3C00
3C00
3C00
3C00
3C00
3C00
3C00
3C00
3C00
3C00
3C00
3C00
3C00
3C00
3C00
3C00
3C00
3C00
3C00
3C00
3C00
3C00
3C00
3C00
3C00
3C00
3C00
3C00
3C00
3C00
3C00
3C00
3C00
3C00
3C00
3C00
3C00
3C00
3C00
3C00
3C00
3C00
3C00
3C00
3C00
3C00
3C00
3C00
3C00
3C00
3C00
3C00
3C00
3C00
3C00
3C00
3C00
3C00
3C00
3C00
3C00
3C00
3C00
3C00
3C00
3C00
3C00
3C00
3C00
3C00
3C00
3C00
3C00
3C00
3C00
3C00
3C00
3C00
3C00
3C00
3C00
3C00
3C00
3C00
3C00
3C00
3C00
3C00
3C00
3C00
3C00
3C00
3C00
3C00
3C00
3C00
3C00
3C00
3C00
3C00
3C00
3C00
3C00
3C00
3C00
3C00
3C00
3C00
3C00
3C00
3C00
3C00
3C00
3C00
3C00
3C00
3C00
3C00
3C00
3C00
3C00
3C00
3C00
3C00
3C00
3C00
3C00
3C00
3C00
3C00
3C00
3C00
3C00
3C00
3C00
3C00
3C00
3C00
3C00
3C00
3C00
3C00
3C00
3C00
3C00
3C00
3C00
3C00
3C00
3C00
3C00
3C00
3C00
3C00
3C00
3C00
3C00
3C00
3C00
3C00
3C00
3C00
3C00
3C00
3C00
3C00
3C00
3C00
3C00
3C00
3C00
3C00
3C00
3C00
3C00
3C00
3C00
3C00
3C00
3C00
3C00
3C00
3C00
3C00
3C00
3C00
3C00
3C00
3C00
3C00
3C00
3C00
3C00
3C00
3C00
3C00
3C00
3C00
3C00
3C00
3C00
3C00
3C00
3C00
3C00
3C00
3C00
3C00
3C00
3C00
3C00
3C00
3C00
3C00
3C00
3C00
3C00
3C00
3C00
3C00
3C00
3C00
3C00
3C00
3C00
3C00
3C00
3C00
3C00
3C00
3C00
3C00
3C00
3C00
3C00
3C00
3C00
3C00
3C00
3C00
3C00
3C00
3C00
3C00
3C00
3C00
3C00
3C00
3C00
3C00
3C00
3C00
3C00
3C00
3C00
3C00
3C00
3C00
3C00
3C00
3C00
3C00
3C00
3C00
3C00
3C00
3C00
3C00
3C00
3C00
3C00
3C00
3C00
3C00
3C00
3C00
3C00
3C00
3C00
3C00
3C00
3C00
3C00
3C00
3C00
3C00
3C00
3C00
3C00
3C00
3C00
3C00
3C00
3C00
3C00
3C00
3C00
3C00
3C00
3C00
3C00
3C00
3C00
3C00
3C00
3C00
3C00
3C00
3C00
3C00
3C00
3C00
3C00
3C00
3C00
3C00
3C00
3C00
3C00
3C00
3C00
3C00
3C00
3C00
3C00
3C00
3C00
3C00
3C00
3C00
3C00
3C00
3C00
3C00
3C00
3C00
3C00
3C00
3C00
3C00
3C00
3C00
3C00
3C00
3C00
3C00
3C00
3C00
3C00
3C00
3C00
3C00
3C00
3C00
3C00
3C00
3C00
3C00
3C00
3C00
3C00
3C00
3C00
3C00
3C00
3C00
3C00
3C00
3C00
3C00
3C00
3C00
3C00
3C00
3C00
3C00
3C00
3C00
3C00
3C00
3C00
3C00
3C00
3C00
3C00
3C00
3C00
3C00
3C00
3C00
3C00
3C00
3C00
3C00
3C00
3C00
3C00
3C00
3C00
3C00
3C00
3C00
3C00
3C00
3C00
3C00
3C00
3C00
3C00
3C00
3C00
3C00
3C00
3C00
3C00
3C00
3C00
3C00
3C00
3C00
3C00
3C00
3C00
3C00
3C00
3C00
3C00
3C00
3C00
3C00
3C00
3C00
3C00
3C00
3C00
3C00
3C00
3C00
3C00
3C00
3C00
3C00
3C00
3C00
3C00
3C00
3C00
3C00
3C00
3C00
3C00
3C00
3C00
3C00
3C00
3C00
3C00
3C00
3C00
3C00
3C00
3C00
3C00
3C00
3C00
3C00
3C00
3C00
3C00
3C00
3C00
3C00
3C00
3C00
3C00
3C00
3C00
3C00
3C00
3C00
3C00
3C00
3C00
3C00
3C00
3C00
3C00
3C00
3C00
3C00
3C00
3C00
3C00
3C00
3C00
3C00
3C00
3C00
3C00
3C00
3C00
3C00
3C00
3C00
3C00
3C00
3C00
3C00
3C00
3C00
3C00
3C00
3C00
3C00
3C00
3C00
3C00
3C00
3C00
3C00
3C00
3C00
3C00
3C00
3C00
3C00
3C00
3C00
3C00
3C00
3C00
3C00
3C00
3C00
3C00
3C00
3C00
3C00
3C00
3C00
3C00
3C00
3C00
3C00
3C00
3C00
3C00
3C00
3C00
3C00
3C00
3C00
3C00
3C00
3C00
3C00
3C00
3C00
3C00
3C00
3C00
3C00
3C00
3C00
3C00
3C00
3C00
3C00
3C00
3C00
3C00
3C00
3C00
3C00
3C00
3C00
3C00
3C00
3C00
3C00
3C00
3C00
3C00
3C00
3C00
3C00
3C00
3C00
3C00
3C00
3C00
3C00
3C00
3C00
3C00
3C00
3C00
3C00
3C00
3C00
3C00
3C00
3C00
3C00
3C00
3C00
3C00
3C00
3C00
3C00
3C00
3C00
3C00
3C00
3C00
3C00
3C00
3C00
3C00
3C00
3C00
3C00
3C00
3C00
3C00
3C00
3C00
3C00
3C00
3C00
3C00
3C00
3C00
3C00
3C00
3C00
3C00
3C00
3C00
3C00
3C00
3C00
3C00
3C00
3C00
3C00
3C00
3C00
3C00
3C00
3C00
3C00
3C00
3C00
3C00
3C00
3C00
3C00
3C00
3C00
3C00
3C00
3C00
3C00
3C00
3C00
3C00
3C00
3C00
3C00
3C00
3C00
3C00
3C00
3C00
3C00
3C00
3C00
3C00
3C00
3C00
3C00
3C00
3C00
3C00
3C00
3C00
3C00
3C00
3C00
3C00
3C00
3C00
3C00
3C00
3C00
3C00
3C00
3C00
3C00
3C00
3C00
3C00
3C00
3C00
3C00
3C00
3C00
3C00
3C00
3C00
3C00
3C00
3C00
3C00
3C00
3C00
3C00
3C00
3C00
3C00
3C00
3C00
3C00
3C00
3C00
3C00
3C00
3C00
3C00
3C00
3C00
3C00
3C00
3C00
3C00
3C00
3C00
3C00
3C00
3C00
3C00
3C00
3C00
3C00
3C00
3C00
3C00
3C00
3C00
3C00
3C00
3C00
3C00
3C00
3C00
3C00
3C00
3C00
3C00
3C00
3C00
3C00
3C00
3C00
3C00
3C00
3C00
3C00
3C00
3C00
3C00
3C00
3C00
3C00
3C00
3C00
3C00
3C00
3C00
3C00
3C00
3C00
3C00
3C00
3C00
3C00
3C00
3C00
3C00
3C00
3C00
3C00
3C00
3C00
3C00
3C00
3C00
3C00
3C00
3C00
3C00
3C00
3C00
3C00
3C00
3C00
3C00
3C00
3C00
3C00
3C00
3C00
3C00
3C00
3C00
3C00
3C00
3C00
3C00
3C00
3C00
3C00
3C00
3C00
3C00
3C00
3C00
3C00
3C00
3C00
3C00
3C00
3C00
3C00
3C00
3C00
3C00
3C00
3C00
3C00
3C00
3C00
3C00
3C00
3C00
3C00
3C00
3C00
3C00
3C00
3C00
3C00
3C00
3C00
3C00
3C00
3C00
3C00
3C00
3C00
3C00
3C00
3C00
3C00
3C00
3C00
3C00
3C00
3C00
3C00
3C00
3C00
3C00
3C00
3C00
3C00
3C00
3C00
3C00
3C00
3C00
3C00
3C00
3C00
3C00
3C00
3C00
3C00
3C00
3C00
3C00
3C00
3C00
3C00
3C00
3C00
3C00
3C00
3C00
3C00
3C00
3C00
3C00
3C00
3C00
3C00
3C00
3C00
3C00
3C00
3C00
3C00
3C00
3C00
3C00
3C00
3C00
3C00
3C00
3C00
3C00
3C00
3C00
3C00
3C00
3C00
3C00
3C00
3C00
3C00
3C00
3C00
3C00
3C00
3C00
3C00
3C00
3C00
3C00
3C00
3C00
3C00
3C00
3C00
3C00
3C00
3C00
3C00
3C00
3C00
3C00
3C00
3C00
3C00
3C00
3C00
3C00
3C00
3C00
3C00
3C00
3C00
3C00
3C00
3C00
3C00
3C00
3C00
3C00
3C00
3C00
3C00
3C00
3C00
3C00
3C00
3C00
3C00
3C00
3C00
3C00
3C00
3C00
3C00
3C00
3C00
3C00
3C00
3C00
3C00
3C00
3C00
3C00
3C00
3C00
3C00
3C00
3C00
3C00
3C00
3C00
3C00
3C00
3C00
3C00
3C00
3C00
3C00
3C00
3C00
3C00
3C00
3C00
3C00
3C00
3C00
3C00
3C00
3C00
3C00
3C00
3C00
3C00
3C00
3C00
3C00
3C00
3C00
3C00
3C00
3C00
3C00
3C00
3C00
3C00
3C00
3C00
3C00
3C00
3C00
3C00
3C00
3C00
3C00
3C00
3C00
3C00
3C00
3C00
3C00
3C00
3C00
3C00
3C00
3C00
3C00
3C00
3C00
3C00
3C00
3C00
3C00
3C00
3C00
3C00
3C00
3C00
3C00
3C00
3C00
3C00
3C00
3C00
3C00
3C00
3C00
3C00
3C00
3C00
3C00
3C00
3C00
3C00
3C00
3C00
3C00
3C00
3C00
3C00
3C00
3C00
3C00
3C00
3C00
3C00
3C00
3C00
3C00
3C00
3C00
3C00
3C00
3C00
3C00
3C00
3C00
3C00
3C00
3C00
3C00
3C00
3C00
3C00
3C00
3C00
3C00
3C00
3C00
3C00
3C00
3C00
3C00
3C00
3C00
3C00
3C00
3C00
3C00
3C00
3C00
3C00
3C00
3C00
3C00
3C00
3C00
3C00
3C00
3C00
3C00
3C00
3C00
3C00
3C00
3C00
3C00
3C00
3C00
3C00
3C00
3C00
3C00
3C00
3C00
3C00
3C00
3C00
3C00
3C00
3C00
3C00
3C00
3C00
3C00
3C00
3C00
3C00
3C00
3C00
3C00
3C00
3C00
3C00
3C00
3C00
3C00
3C00
3C00
3C00
3C00
3C00
3C00
3C00
3C00
3C00
3C00
3C00
3C00
3C00
3C00
3C00
3C00
3C00
3C00
3C00
3C00
3C00
3C00
3C00
3C00
3C00
3C00
3C00
3C00
3C00
3C00
3C00
3C00
3C00
3C00
3C00
3C00
3C00
3C00
3C00
3C00
3C00
3C00
3C00
3C00
3C00
3C00
3C00
3C00
3C00
3C00
3C00
3C00
3C00
3C00
3C00
3C00
3C00
3C00
3C00
3C00
3C00
3C00
3C00
3C00
3C00
3C00
3C00
3C00
3C00
3C00
3C00
3C00
3C00
3C00
3C00
3C00
3C00
3C00
3C00
3C00
3C00
3C00
3C00
3C00
3C00
3C00
3C00
3C00
3C00
3C00
3C00
3C00
3C00
3C00
3C00
3C00
3C00
3C00
3C00
3C00
3C00
3C00
3C00
3C00
3C00
3C00
3C00
3C00
3C00
3C00
3C00
3C00
3C00
3C00
3C00
3C00
3C00
3C00
3C00
3C00
3C00
3C00
3C00
3C00
3C00
3C00
3C00
3C00
3C00
3C00
3C00
3C00
3C00
3C00
3C00
3C00
3C00
3C00
3C00
3C00
3C00
3C00
3C00
3C00
3C00
3C00
3C00
3C00
3C00
3C00
3C00
3C00
3C00
3C00
3C00
3C00
3C00
3C00
3C00
3C00
3C00
3C00
3C00
3C00
3C00
3C00
3C00
3C00
3C00
3C00
3C00
3C00
3C00
3C00
3C00
3C00
3C00
3C00
3C00
3C00
3C00
3C00
3C00
3C00
3C00
3C00
3C00
3C00
3C00
3C00
3C00
3C00
3C00
3C00
3C00
3C00
3C00
3C00
3C00
3C00
3C00
3C00
3C00
3C00
3C00
3C00
3C00
3C00
3C00
3C00
3C00
3C00
3C00
3C00
3C00
3C00
3C00
3C00
3C00
3C00
3C00
3C00
3C00
3C00
3C00
3C00
3C00
3C00
3C00
3C00
3C00
3C00
3C00
3C00
3C00
3C00
3C00
3C00
3C00
3C00
3C00
3C00
3C00
3C00
3C00
3C00
3C00
3C00
3C00
3C00
3C00
3C00
3C00
3C00
3C00
3C00
3C00
3C00
3C00
3C00
3C00
3C00
3C00
3C00
3C00
3C00
3C00
3C00
3C00
3C00
3C00
3C00
3C00
3C00
3C00
3C00
3C00
3C00
3C00
3C00
3C00
3C00
3C00
3C00
3C00
3C00
3C00
3C00
3C00
3C00
3C00
3C00
3C00
3C00
3C00
3C00
3C00
3C00
3C00
3C00
3C00
3C00
3C00
3C00
3C00
3C00
3C00
3C00
3C00
3C00
3C00
3C00
3C00
3C00
3C00
3C00
3C00
3C00
3C00
3C00
3C00
3C00
3C00
3C00
3C00
3C00
3C00
3C00
3C00
3C00
3C00
3C00
3C00
3C00
3C00
3C00
3C00
3C00
3C00
3C00
3C00
3C00
3C00
3C00
3C00
3C00
3C00
3C00
3C00
3C00
3C00
3C00
3C00
3C00
3C00
3C00
3C00
3C00
3C00
3C00
3C00
3C00
3C00
3C00
3C00
3C00
3C00
3C00
3C00
3C00
3C00
3C00
3C00
3C00
3C00
3C00
3C00
3C00
3C00
3C00
3C00
3C00
3C00
3C00
3C00
3C00
3C00
3C00
3C00
3C00
3C00
3C00
3C00
3C00
3C00
3C00
3C00
3C00
3C00
3C00
3C00
3C00
3C00
3C00
3C00
3C00
3C00
3C00
3C00
3C00
3C00
3C00
3C00
3C00
3C00
3C00
3C00
3C00
3C00
3C00
3C00
3C00
3C00
3C00
3C00
3C00
3C00
3C00
3C00
3C00
3C00
3C00
3C00
3C00
3C00
3C00
3C00
3C00
3C00
3C00
3C00
3C00
3C00
3C00
3C00
3C00
3C00
3C00
3C00
3C00
3C00
3C00
3C00
3C00
3C00
3C00
3C00
3C00
3C00
3C00
3C00
3C00
3C00
3C00
3C00
3C00
3C00
3C00
3C00
3C00
3C00
3C00
3C00
3C00
3C00
3C00
3C00
3C00
3C00
3C00
3C00
3C00
3C00
3C00
3C00
3C00
3C00
3C00
3C00
3C00
3C00
3C00
3C00
3C00
3C00
3C00
3C00
3C00
3C00
3C00
3C00
3C00
3C00
3C00
3C00
3C00
3C00
3C00
3C00
3C00
3C00
3C00
3C00
3C00
3C00
3C00
3C00
3C00
3C00
3C00
3C00
3C00
3C00
3C00
3C00
3C00
3C00
3C00
3C00
3C00
3C00
3C00
3C00
3C00
3C00
3C00
3C00
3C00
3C00
3C00
3C00
3C00
3C00
3C00
3C00
3C00
3C00
3C00
3C00
3C00
3C00
3C00
3C00
3C00
3C00
3C00
3C00
3C00
3C00
3C00
3C00
3C00
3C00
3C00
3C00
3C00
3C00
3C00
3C00
3C00
3C00
3C00
3C00
3C00
3C00
3C00
3C00
3C00
3C00
3C00
3C00
3C00
3C00
3C00
3C00
3C00
3C00
3C00
3C00
3C00
3C00
3C00
3C00
3C00
3C00
3C00
3C00
3C00
3C00
3C00
3C00
3C00
3C00
3C00
3C00
3C00
3C00
3C00
3C00
3C00
3C00
3C00
3C00
3C00
3C00
3C00
3C00
3C00
3C00
3C00
3C00
3C00
3C00
3C00
3C00
3C00
3C00
3C00
3C00
3C00
3C00
3C00
3C00
3C00
3C00
3C00
3C00
3C00
3C00
3C00
3C00
3C00
3C00
3C00
3C00
3C00
3C00
3C00
3C00
3C00
3C00
3C00
3C00
3C00
3C00
3C00
3C00
3C00
3C00
3C00
3C00
3C00
3C00
3C00
3C00
3C00
3C00
3C00
3C00
3C00
3C00
3C00
3C00
3C00
3C00
3C00
3C00
3C00
3C00
3C00
3C00
3C00
3C00
3C00
3C00
3C00
3C00
3C00
3C00
3C00
3C00
3C00
3C00
3C00
3C00
3C00
3C00
3C00
3C00
3C00
3C00
3C00
3C00
3C00
3C00
3C00
3C00
3C00
3C00
3C00
3C00
3C00
3C00
3C00
3C00
3C00
3C00
3C00
3C00
3C00
3C00
3C00
3C00
3C00
3C00
3C00
3C00
3C00
3C00
3C00
3C00
3C00
3C00
3C00
3C00
3C00
3C00
3C00
3C00
3C00
3C00
3C00
3C00
3C00
3C00
3C00
3C00
3C00
3C00
3C00
3C00
3C00
3C00
3C00
3C00
3C00
3C00
3C00
3C00
3C00
3C00
3C00
3C00
3C00
3C00
3C00
3C00
3C00
3C00
3C00
3C00
3C00
3C00
3C00
3C00
3C00
3C00
3C00
3C00
3C00
3C00
3C00
3C00
3C00
3C00
3C00
3C00
3C00
3C00
3C00
3C00
3C00
3C00
3C00
3C00
3C00
3C00
3C00
3C00
3C00
3C00
3C00
3C00
3C00
3C00
3C00
3C00
3C00
3C00
3C00
3C00
3C00
3C00
3C00
3C00
3C00
3C00
3C00
3C00
3C00
3C00
3C00
3C00
3C00
3C00
3C00
3C00
3C00
3C00
3C00
3C00
3C00
3C00
3C00
3C00
3C00
3C00
3C00
3C00
3C00
3C00
3C00
3C00
3C00
3C00
3C00
3C00
3C00
3C00
3C00
3C00
3C00
3C00
3C00
3C00
3C00
3C00
3C00
3C00
3C00
3C00
3C00
3C00
3C00
3C00
3C00
3C00
3C00
3C00
3C00
3C00
3C00
3C00
3C00
3C00
3C00
3C00
3C00
3C00
3C00
3C00
3C00
3C00
3C00
3C00
3C00
3C00
3C00
3C00
3C00
3C00
3C00
3C00
3C00
3C00
3C00
3C00
3C00
3C00
3C00
3C00
3C00
3C00
3C00
3C00
3C00
3C00
3C00
3C00
3C00
3C00
3C00
3C00
3C00
3C00
3C00
3C00
3C00
3C00
3C00
3C00
3C00
3C00
3C00
3C00
3C00
3C00
3C00
3C00
3C00
3C00
3C00
3C00
3C00
3C00
3C00
3C00
3C00
3C00
3C00
3C00
3C00
3C00
3C00
3C00
3C00
3C00
3C00
3C00
3C00
3C00
3C00
3C00
3C00
3C00
3C00
3C00
3C00
3C00
3C00
3C00
3C00
3C00
3C00
3C00
3C00
3C00
3C00
3C00
3C00
3C00
3C00
3C00
3C00
3C00
3C00
3C00
3C00
3C00
3C00
3C00
3C00
3C00
3C00
3C00
3C00
3C00
3C00
3C00
3C00
3C00
3C00
3C00
3C00
3C00
3C00
3C00
3C00
3C00
3C00
3C00
3C00
3C00
3C00
3C00
3C00
3C00
3C00
3C00
3C00
3C00
3C00
3C00
3C00
3C00
3C00
3C00
3C00
3C00
3C00
3C00
3C00
3C00
3C00
3C00
3C00
3C00
3C00
3C00
3C00
3C00
3C00
3C00
3C00
3C00
3C00
3C00
3C00
3C00
3C00
3C00
3C00
3C00
3C00
3C00
3C00
3C00
3C00
3C00
3C00
3C00
3C00
3C00
3C00
3C00
3C00
3C00
3C00
3C00
3C00
3C00
3C00
3C00
3C00
3C00
3C00
3C00
3C00
3C00
3C00
3C00
3C00
3C00
3C00
3C00
3C00
3C00
3C00
3C00
3C00
3C00
3C00
3C00
3C00
3C00
3C00
3C00
3C00
3C00
3C00
3C00
3C00
3C00
3C00
3C00
3C00
3C00
3C00
3C00
3C00
3C00
3C00
3C00
3C00
3C00
3C00
3C00
3C00
3C00
3C00
3C00
3C00
3C00
3C00
3C00
3C00
3C00
3C00
3C00
3C00
3C00
3C00
3C00
3C00
3C00
3C00
3C00
3C00
3C00
3C00
3C00
3C00
3C00
3C00
3C00
3C00
3C00
3C00
3C00
3C00
3C00
3C00
3C00
3C00
3C00
3C00
3C00
3C00
3C00
3C00
3C00
3C00
3C00
3C00
3C00
3C00
3C00
3C00
3C00
3C00
3C00
3C00
3C00
3C00
3C00
3C00
3C00
3C00
3C00
3C00
3C00
3C00
3C00
3C00
3C00
3C00
3C00
3C00
3C00
3C00
3C00
3C00
3C00
3C00
3C00
3C00
3C00
3C00
3C00
3C00
3C00
3C00
3C00
3C00
3C00
3C00
3C00
3C00
3C00
3C00
3C00
3C00
3C00
3C00
3C00
3C00
3C00
3C00
3C00
3C00
3C00
3C00
3C00
3C00
3C00
3C00
3C00
3C00
3C00
3C00
3C00
3C00
3C00
3C00
3C00
3C00
3C00
3C00
3C00
3C00
3C00
3C00
3C00
3C00
3C00
3C00
3C00
3C00
3C00
3C00
3C00
3C00
3C00
3C00
3C00
3C00
3C00
3C00
3C00
3C00
3C00
3C00
3C00
3C00
3C00
3C00
3C00
3C00
3C00
3C00
3C00
3C00
3C00
3C00
3C00
3C00
3C00
3C00
3C00
3C00
3C00
3C00
3C00
3C00
3C00
3C00
3C00
3C00
3C00
3C00
3C00
3C00
3C00
3C00
3C00
3C00
3C00
3C00
3C00
3C00
3C00
3C00
3C00
3C00
3C00
3C00
3C00
3C00
3C00
3C00
3C00
3C00
3C00
3C00
3C00
3C00
3C00
3C00
3C00
3C00
3C00
3C00
3C00
3C00
3C00
3C00
3C00
3C00
3C00
3C00
3C00
3C00
3C00
3C00
3C00
3C00
3C00
3C00
3C00
3C00
3C00
3C00
3C00
3C00
3C00
3C00
3C00
3C00
3C00
3C00
3C00
3C00
3C00
3C00
3C00
3C00
3C00
3C00
3C00
3C00
3C00
3C00
3C00
3C00
3C00
3C00
3C00
3C00
3C00
3C00
3C00
3C00
3C00
3C00
3C00
3C00
3C00
3C00
3C00
3C00
3C00
3C00
3C00
3C00
3C00
3C00
3C00
3C00
3C00
3C00
3C00
3C00
3C00
3C00
3C00
3C00
3C00
3C00
3C00
3C00
3C00
3C00
3C00
3C00
3C00
3C00
3C00
3C00
3C00
3C00
3C00
3C00
3C00
3C00
3C00
FE01
FE02
FE03
FE04
FE05
FE06
FE07
FE08
FE09
FE0A
FE0B
FE0C
FE0D
FE0E
FE0F
FE10
FE11
FE12
FE13
FE14
FE15
FE16
FE17
FE18
FE19
FE1A
FE1B
FE1C
FE1D
FE1E
FE1F
FE20
FE21
FE22
FE23
FE24
FE25
FE26
FE27
FE28
FE29
FE2A
FE2B
FE2C
FE2D
FE2E
FE2F
FE30
FE31
FE32
FE33
FE34
FE35
FE36
FE37
FE38
FE39
FE3A
FE3B
FE3C
FE3D
FE3E
FE3F
FE40
FE41
FE42
FE43
FE44
FE45
FE46
FE47
FE48
FE49
FE4A
FE4B
FE4C
FE4D
FE4E
FE4F
FE50
FE51
FE52
FE53
FE54
FE55
FE56
FE57
FE58
FE59
FE5A
FE5B
FE5C
FE5D
FE5E
FE5F
FE60
FE61
FE62
FE63
FE64
FE65
FE66
FE67
FE68
FE69
FE6A
FE6B
FE6C
FE6D
FE6E
FE6F
FE70
FE71
FE72
FE73
FE74
FE75
FE76
FE77
FE78
FE79
FE7A
FE7B
FE7C
FE7D
FE7E
FE7F
FE80
FE81
FE82
FE83
FE84
FE85
FE86
FE87
FE88
FE89
FE8A
FE8B
FE8C
FE8D
FE8E
FE8F
FE90
FE91
FE92
FE93
FE94
FE95
FE96
FE97
FE98
FE99
FE9A
FE9B
FE9C
FE9D
FE9E
FE9F
FEA0
FEA1
FEA2
FEA3
FEA4
FEA5
FEA6
FEA7
FEA8
FEA9
FEAA
FEAB
FEAC
FEAD
FEAE
FEAF
FEB0
FEB1
FEB2
FEB3
FEB4
FEB5
FEB6
FEB7
FEB8
FEB9
FEBA
FEBB
FEBC
FEBD
FEBE
FEBF
FEC0
FEC1
FEC2
FEC3
FEC4
FEC5
FEC6
FEC7
FEC8
FEC9
FECA
FECB
FECC
FECD
FECE
FECF
FED0
FED1
FED2
FED3
FED4
FED5
FED6
FED7
FED8
FED9
FEDA
FEDB
FEDC
FEDD
FEDE
FEDF
FEE0
FEE1
FEE2
FEE3
FEE4
FEE5
FEE6
FEE7
FEE8
FEE9
FEEA
FEEB
FEEC
FEED
FEEE
FEEF
FEF0
FEF1
FEF2
FEF3
FEF4
FEF5
FEF6
FEF7
FEF8
FEF9
FEFA
FEFB
FEFC
FEFD
FEFE
FEFF
FF00
FF01
FF02
FF03
FF04
FF05
FF06
FF07
FF08
FF09
FF0A
FF0B
FF0C
FF0D
FF0E
FF0F
FF10
FF11
FF12
FF13
FF14
FF15
FF16
FF17
FF18
FF19
FF1A
FF1B
FF1C
FF1D
FF1E
FF1F
FF20
FF21
FF22
FF23
FF24
FF25
FF26
FF27
FF28
FF29
FF2A
FF2B
FF2C
FF2D
FF2E
FF2F
FF30
FF31
FF32
FF33
FF34
FF35
FF36
FF37
FF38
FF39
FF3A
FF3B
FF3C
FF3D
FF3E
FF3F
FF40
FF41
FF42
FF43
FF44
FF45
FF46
FF47
FF48
FF49
FF4A
FF4B
FF4C
FF4D
FF4E
FF4F
FF50
FF51
FF52
FF53
FF54
FF55
FF56
FF57
FF58
FF59
FF5A
FF5B
FF5C
FF5D
FF5E
FF5F
FF60
FF61
FF62
FF63
FF64
FF65
FF66
FF67
FF68
FF69
FF6A
FF6B
FF6C
FF6D
FF6E
FF6F
FF70
FF71
FF72
FF73
FF74
FF75
FF76
FF77
FF78
FF79
FF7A
FF7B
FF7C
FF7D
FF7E
FF7F
FF80
FF81
FF82
FF83
FF84
FF85
FF86
FF87
FF88
FF89
FF8A
FF8B
FF8C
FF8D
FF8E
FF8F
FF90
FF91
FF92
FF93
FF94
FF95
FF96
FF97
FF98
FF99
FF9A
FF9B
FF9C
FF9D
FF9E
FF9F
FFA0
FFA1
FFA2
FFA3
FFA4
FFA5
FFA6
FFA7
FFA8
FFA9
FFAA
FFAB
FFAC
FFAD
FFAE
FFAF
FFB0
FFB1
FFB2
FFB3
FFB4
FFB5
FFB6
FFB7
FFB8
FFB9
FFBA
FFBB
FFBC
FFBD
FFBE
FFBF
FFC0
FFC1
FFC2
FFC3
FFC4
FFC5
FFC6
FFC7
FFC8
FFC9
FFCA
FFCB
FFCC
FFCD
FFCE
FFCF
FFD0
FFD1
FFD2
FFD3
FFD4
FFD5
FFD6
FFD7
FFD8
FFD9
FFDA
FFDB
FFDC
FFDD
FFDE
FFDF
FFE0
FFE1
FFE2
FFE3
FFE4
FFE5
FFE6
FFE7
FFE8
FFE9
FFEA
FFEB
FFEC
FFED
FFEE
FFEF
FFF0
FFF1
FFF2
FFF3
FFF4
FFF5
FFF6
FFF7
FFF8
FFF9
FFFA
FFFB
FFFC
FFFD
FFFE
FFFF
FE00
FE01
FE02
FE03
FE04
FE05
FE06
FE07
FE08
FE09
FE0A
FE0B
FE0C
FE0D
FE0E
FE0F
FE10
FE11
FE12
FE13
FE14
FE15
FE16
FE17
FE18
FE19
FE1A
FE1B
FE1C
FE1D
FE1E
FE1F
FE20
FE21
FE22
FE23
FE24
FE25
FE26
FE27
FE28
FE29
FE2A
FE2B
FE2C
FE2D
FE2E
FE2F
FE30
FE31
FE32
FE33
FE34
FE35
FE36
FE37
FE38
FE39
FE3A
FE3B
FE3C
FE3D
FE3E
FE3F
FE40
FE41
FE42
FE43
FE44
FE45
FE46
FE47
FE48
FE49
FE4A
FE4B
FE4C
FE4D
FE4E
FE4F
FE50
FE51
FE52
FE53
FE54
FE55
FE56
FE57
FE58
FE59
FE5A
FE5B
FE5C
FE5D
FE5E
FE5F
FE60
FE61
FE62
FE63
FE64
FE65
FE66
FE67
FE68
FE69
FE6A
FE6B
FE6C
FE6D
FE6E
FE6F
FE70
FE71
FE72
FE73
FE74
FE75
FE76
FE77
FE78
FE79
FE7A
FE7B
FE7C
FE7D
FE7E
FE7F
FE80
FE81
FE82
FE83
FE84
FE85
FE86
FE87
FE88
FE89
FE8A
FE8B
FE8C
FE8D
FE8E
FE8F
FE90
FE91
FE92
FE93
FE94
FE95
FE96
FE97
FE98
FE99
FE9A
FE9B
FE9C
FE9D
FE9E
FE9F
FEA0
FEA1
FEA2
FEA3
FEA4
FEA5
FEA6
FEA7
FEA8
FEA9
FEAA
FEAB
FEAC
FEAD
FEAE
FEAF
FEB0
FEB1
FEB2
FEB3
FEB4
FEB5
FEB6
FEB7
FEB8
FEB9
FEBA
FEBB
FEBC
FEBD
FEBE
FEBF
FEC0
FEC1
FEC2
FEC3
FEC4
FEC5
FEC6
FEC7
FEC8
FEC9
FECA
FECB
FECC
FECD
FECE
FECF
FED0
FED1
FED2
FED3
FED4
FED5
FED6
FED7
FED8
FED9
FEDA
FEDB
FEDC
FEDD
FEDE
FEDF
FEE0
FEE1
FEE2
FEE3
FEE4
FEE5
FEE6
FEE7
FEE8
FEE9
FEEA
FEEB
FEEC
FEED
FEEE
FEEF
FEF0
FEF1
FEF2
FEF3
FEF4
FEF5
FEF6
FEF7
FEF8
FEF9
FEFA
FEFB
FEFC
FEFD
FEFE
FEFF
FF00
FF01
FF02
FF03
FF04
FF05
FF06
FF07
FF08
FF09
FF0A
FF0B
FF0C
FF0D
FF0E
FF0F
FF10
FF11
FF12
FF13
FF14
FF15
FF16
FF17
FF18
FF19
FF1A
FF1B
FF1C
FF1D
FF1E
FF1F
FF20
FF21
FF22
FF23
FF24
FF25
FF26
FF27
FF28
FF29
FF2A
FF2B
FF2C
FF2D
FF2E
FF2F
FF30
FF31
FF32
FF33
FF34
FF35
FF36
FF37
FF38
FF39
FF3A
FF3B
FF3C
FF3D
FF3E
FF3F
FF40
FF41
FF42
FF43
FF44
FF45
FF46
FF47
FF48
FF49
FF4A
FF4B
FF4C
FF4D
FF4E
FF4F
FF50
FF51
FF52
FF53
FF54
FF55
FF56
FF57
FF58
FF59
FF5A
FF5B
FF5C
FF5D
FF5E
FF5F
FF60
FF61
FF62
FF63
FF64
FF65
FF66
FF67
FF68
FF69
FF6A
FF6B
FF6C
FF6D
FF6E
FF6F
FF70
FF71
FF72
FF73
FF74
FF75
FF76
FF77
FF78
FF79
FF7A
FF7B
FF7C
FF7D
FF7E
FF7F
FF80
FF81
FF82
FF83
FF84
FF85
FF86
FF87
FF88
FF89
FF8A
FF8B
FF8C
FF8D
FF8E
FF8F
FF90
FF91
FF92
FF93
FF94
FF95
FF96
FF97
FF98
FF99
FF9A
FF9B
FF9C
FF9D
FF9E
FF9F
FFA0
FFA1
FFA2
FFA3
FFA4
FFA5
FFA6
FFA7
FFA8
FFA9
FFAA
FFAB
FFAC
FFAD
FFAE
FFAF
FFB0
FFB1
FFB2
FFB3
FFB4
FFB5
FFB6
FFB7
FFB8
FFB9
FFBA
FFBB
FFBC
FFBD
FFBE
FFBF
FFC0
FFC1
FFC2
FFC3
FFC4
FFC5
FFC6
FFC7
FFC8
FFC9
FFCA
FFCB
FFCC
FFCD
FFCE
FFCF
FFD0
FFD1
FFD2
FFD3
FFD4
FFD5
FFD6
FFD7
FFD8
FFD9
FFDA
FFDB
FFDC
FFDD
FFDE
FFDF
FFE0
FFE1
FFE2
FFE3
FFE4
FFE5
FFE6
FFE7
FFE8
FFE9
FFEA
FFEB
FFEC
FFED
FFEE
FFEF
FFF0
FFF1
FFF2
FFF3
FFF4
FFF5
FFF6
FFF7
FFF8
FFF9
FFFA
FFFB
FFFC
FFFD
FFFE
FFFF
3800
3800
3800
3800
3800
3800
3800
3800
3800
3800
3800
3800
3800
3800
3800
3800
3800
3800
3800
3800
3800
3800
3800
3800
3800
3800
3800
3800
3800
3800
3800
3800
3800
3800
3800
3800
3800
3800
3800
3800
3800
3800
3800
3800
3800
3800
3800
3800
3800
3800
3800
3800
3800
3800
3800
3800
3800
3800
3800
3800
3800
3800
3800
3800
3800
3800
3800
3800
3800
3800
3800
3800
3800
3800
3800
3800
3800
3800
3800
3800
3800
3800
3800
3800
3800
3800
3800
3800
3800
3800
3800
3800
3800
3800
3800
3800
3800
3800
3800
3800
3800
3800
3800
3800
3800
3800
3800
3800
3800
3800
3800
3800
3800
3800
3800
3800
3800
3800
3800
3800
3800
3800
3800
3800
3800
3800
3800
3800
3800
3800
3800
3800
3800
3800
3800
3800
3800
3800
3800
3800
3800
3800
3800
3800
3800
3800
3800
3800
3800
3800
3800
3800
3800
3800
3800
3800
3800
3800
3800
3800
3800
3800
3800
3800
3800
3800
3800
3800
3800
3800
3800
3800
3800
3800
3800
3800
3800
3800
3800
3800
3800
3800
3800
3800
3800
3800
3800
3800
3800
3800
3800
3800
3800
3800
3800
3800
3800
3800
3800
3800
3800
3800
3800
3800
3800
3800
3800
3800
3800
3800
3800
3800
3800
3800
3800
3800
3800
3800
3800
3800
3800
3800
3800
3800
3800
3800
3800
3800
3800
3800
3800
3800
3800
3800
3800
3800
3800
3800
3800
3800
3800
3800
3800
3800
3800
3800
3800
3800
3800
3800
3800
3800
3800
3800
3800
3800
3800
3800
3800
3800
3800
3800
3800
3800
3800
3800
3800
3800
3800
3800
3800
3800
3800
3800
3800
3800
3800
3800
3800
3800
3800
3800
3800
3800
3800
3800
3800
3800
3800
3800
3800
3800
3800
3800
3800
3800
3800
3800
3800
3800
3800
3800
3800
3800
3800
3800
3800
3800
3800
3800
3800
3800
3800
3800
3800
3800
3800
3800
3800
3800
3800
3800
3800
3800
3800
3800
3800
3800
3800
3800
3800
3800
3800
3800
3800
3800
3800
3800
3800
3800
3800
3800
3800
3800
3800
3800
3800
3800
3800
3800
3800
3800
3800
3800
3800
3800
3800
3800
3800
3800
3800
3800
3800
3800
3800
3800
3800
3800
3800
3800
3800
3800
3800
3800
3800
3800
3800
3800
3800
3800
3800
3800
3800
3800
3800
3800
3800
3800
3800
3800
3800
3800
3800
3800
3800
3800
3800
3800
3800
3800
3800
3800
3800
3800
3800
3800
3800
3800
3800
3800
3800
3800
3800
3800
3800
3800
3800
3800
3800
3800
3800
3800
3800
3800
3800
3800
3800
3800
3800
3800
3800
3800
3800
3800
3800
3800
3800
3800
3800
3800
3800
3800
3800
3800
3800
3800
3800
3800
3800
3800
3800
3800
3800
3800
3800
3800
3800
3800
3800
3800
3800
3800
3800
3800
3800
3800
3800
3800
3800
3800
3800
3800
3800
3800
3800
3800
3800
3800
3800
3800
3800
3800
3800
3800
3800
3800
3800
3800
3800
3800
3800
3800
3800
3800
3800
3800
3800
3800
3800
3800
3800
3800
3800
3800
3800
3800
3800
3800
3800
3800
3800
3800
3800
3800
3800
3800
3800
3800
3800
3800
3800
3800
3800
3800
3800
3800
3800
3800
3800
3800
3800
3800
3800
3800
3800
3800
3800
3800
3800
3800
3800
3800
3800
3800
3800
3800
3800
3800
3800
3800
3800
3800
3800
3800
3800
3800
3800
3800
3800
3800
3800
3800
3800
3800
3800
3800
3800
3800
3800
3800
3800
3800
3800
3800
3800
3800
3800
3800
3800
3800
3800
3800
3800
3800
3800
3800
3800
3800
3800
3800
3800
3800
3800
3800
3800
3800
3800
3800
3800
3800
3800
3800
3800
3800
3800
3800
3800
3800
3800
3800
3800
3800
3800
3800
3800
3800
3800
3800
3800
3800
3800
3800
3800
3800
3800
3800
3800
3800
3800
3800
3800
3800
3800
3800
3800
3800
3800
3800
3800
3800
3800
3800
3800
3800
3800
3800
3800
3800
3800
3800
3800
3800
3800
3800
3800
3800
3800
3800
3800
3800
3800
3800
3800
3800
3800
3800
3800
3800
3800
3800
3800
3800
3800
3800
3800
3800
3800
3800
3800
3800
3800
3800
3800
3800
3800
3800
3800
3800
3800
3800
3800
3800
3800
3800
3800
3800
3800
3800
3800
3800
3800
3800
3800
3800
3800
3800
3800
3800
3800
3800
3800
3800
3800
3800
3800
3800
3800
3800
3800
3800
3800
3800
3800
3800
3800
3800
3800
3800
3800
3800
3800
3800
3800
3800
3800
3800
3800
3800
3800
3800
3800
3800
3800
3800
3800
3800
3800
3800
3800
3800
3800
3800
3800
3800
3800
3800
3800
3800
3800
3800
3800
3800
3800
3800
3800
3800
3800
3800
3800
3800
3800
3800
3800
3800
3800
3800
3800
3800
3800
3800
3800
3800
3800
3800
3800
3800
3800
3800
3800
3800
3800
3800
3800
3800
3800
3800
3800
3800
3800
3800
3800
3800
3800
3800
3800
3800
3800
3800
3800
3800
3800
3800
3800
3800
3800
3800
3800
3800
3800
3800
3800
3800
3800
3800
3800
3800
3800
3800
3800
3800
3800
3800
3800
3800
3800
3800
3800
3800
3800
3800
3800
3800
3800
3800
3800
3800
3800
3800
3800
3800
3800
3800
3800
3800
3800
3800
3800
3800
3800
3800
3800
3800
3800
3800
3800
3800
3800
3800
3800
3800
3800
3800
3800
3800
3800
3800
3800
3800
3800
3800
3800
3800
3800
3800
3800
3800
3800
3800
3800
3800
3800
3800
3800
3800
3800
3800
3800
3800
3800
3800
3800
3800
3800
3800
3800
3800
3800
3800
3800
3800
3800
3800
3800
3800
3800
3800
3800
3800
3800
3800
3800
3800
3800
3800
3800
3800
3800
3800
3800
3800
3800
3800
3800
3800
3800
3800
3800
3800
3800
3800
3800
3800
3800
3800
3800
3800
3800
3800
3800
3800
3800
3800
3800
3800
3800
3800
3800
3800
3800
3800
3800
3800
3800
3800
3800
3800
3800
3800
3800
3800
3800
3800
3800
3800
3800
3800
3800
3800
3800
3800
3800
3800
3800
3800
3800
3800
3800
3800
3800
3800
3800
3800
3800
3800
3800
3800
3800
3800
3800
3800
3800
3800
3800
3800
3800
3800
3800
3800
3800
3800
3800
3800
3800
3800
3800
3800
3800
3800
3800
3800
3800
3800
3800
3800
3800
3800
3800
3800
3800
3800
3800
3800
3800
3800
3800
3800
3800
3800
3800
3800
3800
3800
3800
3800
3800
3800
3800
3800
3800
3800
3800
3800
3800
3800
3800
3800
3800
3800
3800
3800
3800
3800
3800
3800
3800
3800
3800
3800
3800
3800
3800
3800
3800
3800
3800
3800
3800
3800
3800
3800
3800
3800
3800
3800
3800
3800
3800
3800
3800
3800
3800
3800
3800
3800
3800
3800
3800
3800
3800
3800
3800
3800
3800
3800
3800
3800
3800
3800
3800
3800
3800
3800
3800
3800
3800
3800
3800
3800
3800
3800
3800
3800
3800
3800
3800
3800
3800
3800
3800
3800
3800
3800
3800
3800
3800
3800
3800
3800
3800
3800
3800
3800
3800
3800
3800
3800
3800
3800
3800
3800
3800
3800
3800
3800
3800
3800
3800
3800
3800
3800
3800
3800
3800
3800
3800
3800
3800
3800
3800
3800
3800
3800
3800
3800
3800
3800
3800
3800
3800
3800
3800
3800
3800
3800
3800
3800
3800
3800
3800
3800
3800
3800
3800
3800
3800
3800
3800
3800
3800
3800
3800
3800
3800
3800
3800
3800
3800
3800
3800
3800
3800
3800
3800
3800
3800
3800
3800
3800
3800
3800
3800
3800
3800
3800
3800
3800
3800
3800
3800
3800
3800
3800
3800
3800
3800
3800
3800
3800
3800
3800
3800
3800
3800
3800
3800
3800
3800
3800
3800
3800
3800
3800
3800
3800
3800
3800
3800
3800
3800
3800
3800
3800
3800
3800
3800
3800
3800
3800
3800
3800
3800
3800
3800
3800
3800
3800
3800
3800
3800
3800
3800
3800
3800
3800
3800
3800
3800
3800
3800
3800
3800
3800
3800
3800
3800
3800
3800
3800
3800
3800
3800
3800
3800
3800
3800
3800
3800
3800
3800
3800
3800
3800
3800
3800
3800
3800
3800
3800
3800
3800
3800
3800
3800
3800
3800
3800
3800
3800
3800
3800
3800
3800
3800
3800
3800
3800
3800
3800
3800
3800
3800
3800
3800
3800
3800
3800
3800
3800
3800
3800
3800
3800
3800
3800
3800
3800
3800
3800
3800
3800
3800
3800
3800
3800
3800
3800
3800
3800
3800
3800
3800
3800
3800
3800
3800
3800
3800
3800
3800
3800
3800
3800
3800
3800
3800
3800
3800
3800
3800
3800
3800
3800
3800
3800
3800
3800
3800
3800
3800
3800
3800
3800
3800
3800
3800
3800
3800
3800
3800
3800
3800
3800
3800
3800
3800
3800
3800
3800
3800
3800
3800
3800
3800
3800
3800
3800
3800
3800
3800
3800
3800
3800
3800
3800
3800
3800
3800
3800
3800
3800
3800
3800
3800
3800
3800
3800
3800
3800
3800
3800
3800
3800
3800
3800
3800
3800
3800
3800
3800
3800
3800
3800
3800
3800
3800
3800
3800
3800
3800
3800
3800
3800
3800
3800
3800
3800
3800
3800
3800
3800
3800
3800
3800
3800
3800
3800
3800
3800
3800
3800
3800
3800
3800
3800
3800
3800
3800
3800
3800
3800
3800
3800
3800
3800
3800
3800
3800
3800
3800
3800
3800
3800
3800
3800
3800
3800
3800
3800
3800
3800
3800
3800
3800
3800
3800
3800
3800
3800
3800
3800
3800
3800
3800
3800
3800
3800
3800
3800
3800
3800
3800
3800
3800
3800
3800
3800
3800
3800
3800
3800
3800
3800
3800
3800
3800
3800
3800
3800
3800
3800
3800
3800
3800
3800
3800
3800
3800
3800
3800
3800
3800
3800
3800
3800
3800
3800
3800
3800
3800
3800
3800
3800
3800
3800
3800
3800
3800
3800
3800
3800
3800
3800
3800
3800
3800
3800
3800
3800
3800
3800
3800
3800
3800
3800
3800
3800
3800
3800
3800
3800
3800
3800
3800
3800
3800
3800
3800
3800
3800
3800
3800
3800
3800
3800
3800
3800
3800
3800
3800
3800
3800
3800
3800
3800
3800
3800
3800
3800
3800
3800
3800
3800
3800
3800
3800
3800
3800
3800
3800
3800
3800
3800
3800
3800
3800
3800
3800
3800
3800
3800
3800
3800
3800
3800
3800
3800
3800
3800
3800
3800
3800
3800
3800
3800
3800
3800
3800
3800
3800
3800
3800
3800
3800
3800
3800
3800
3800
3800
3800
3800
3800
3800
3800
3800
3800
3800
3800
3800
3800
3800
3800
3800
3800
3800
3800
3800
3800
3800
3800
3800
3800
3800
3800
3800
3800
3800
3800
3800
3800
3800
3800
3800
3800
3800
3800
3800
3800
3800
3800
3800
3800
3800
3800
3800
3800
3800
3800
3800
3800
3800
3800
3800
3800
3800
3800
3800
3800
3800
3800
3800
3800
3800
3800
3800
3800
3800
3800
3800
3800
3800
3800
3800
3800
3800
3800
3800
3800
3800
3800
3800
3800
3800
3800
3800
3800
3800
3800
3800
3800
3800
3800
3800
3800
3800
3800
3800
3800
3800
3800
3800
3800
3800
3800
3800
3800
3800
3800
3800
3800
3800
3800
3800
3800
3800
3800
3800
3800
3800
3800
3800
3800
3800
3800
3800
3800
3800
3800
3800
3800
3800
3800
3800
3800
3800
3800
3800
3800
3800
3800
3800
3800
3800
3800
3800
3800
3800
3800
3800
3800
3800
3800
3800
3800
3800
3800
3800
3800
3800
3800
3800
3800
3800
3800
3800
3800
3800
3800
3800
3800
3800
3800
3800
3800
3800
3800
3800
3800
3800
3800
3800
3800
3800
3800
3800
3800
3800
3800
3800
3800
3800
3800
3800
3800
3800
3800
3800
3800
3800
3800
3800
3800
3800
3800
3800
3800
3800
3800
3800
3800
3800
3800
3800
3800
3800
3800
3800
3800
3800
3800
3800
3800
3800
3800
3800
3800
3800
3800
3800
3800
3800
3800
3800
3800
3800
3800
3800
3800
3800
3800
3800
3800
3800
3800
3800
3800
3800
3800
3800
3800
3800
3800
3800
3800
3800
3800
3800
3800
3800
3800
3800
3800
3800
3800
3800
3800
3800
3800
3800
3800
3800
3800
3800
3800
3800
3800
3800
3800
3800
3800
3800
3800
3800
3800
3800
3800
3800
3800
3800
3800
3800
3800
3800
3800
3800
3800
3800
3800
3800
3800
3800
3800
3800
3800
3800
3800
3800
3800
3800
3800
3800
3800
3800
3800
3800
3800
3800
3800
3800
3800
3800
3800
3800
3800
3800
3800
3800
3800
3800
3800
3800
3800
3800
3800
3800
3800
3800
3800
3800
3800
3800
3800
3800
3800
3800
3800
3800
3800
3800
3800
3800
3800
3800
3800
3800
3800
3800
3800
3800
3800
3800
3800
3800
3800
3800
3800
3800
3800
3800
3800
3800
3800
3800
3800
3800
3800
3800
3800
3800
3800
3800
3800
3800
3800
3800
3800
3800
3800
3800
3800
3800
3800
3800
3800
3800
3800
3800
3800
3800
3800
3800
3800
3800
3800
3800
3800
3800
3800
3800
3800
3800
3800
3800
3800
3800
3800
3800
3800
3800
3800
3800
3800
3800
3800
3800
3800
3800
3800
3800
3800
3800
3800
3800
3800
3800
3800
3800
3800
3800
3800
3800
3800
3800
3800
3800
3800
3800
3800
3800
3800
3800
3800
3800
3800
3800
3800
3800
3800
3800
3800
3800
3800
3800
3800
3800
3800
3800
3800
3800
3800
3800
3800
3800
3800
3800
3800
3800
3800
3800
3800
3800
3800
3800
3800
3800
3800
3800
3800
3800
3800
3800
3800
3800
3800
3800
3800
3800
3800
3800
3800
3800
3800
3800
3800
3800
3800
3800
3800
3800
3800
3800
3800
3800
3800
3800
3800
3800
3800
3800
3800
3800
3800
3800
3800
3800
3800
3800
3800
3800
3800
3800
3800
3800
3800
3800
3800
3800
3800
3800
3800
3800
3800
3800
3800
3800
3800
3800
3800
3800
3800
3800
3800
3800
3800
3800
3800
3800
3800
3800
3800
3800
3800
3800
3800
3800
3800
3800
3800
3800
3800
3800
3800
3800
3800
3800
3800
3800
3800
3800
3800
3800
3800
3800
3800
3800
3800
3800
3800
3800
3800
3800
3800
3800
3800
3800
3800
3800
3800
3800
3800
3800
3800
3800
3800
3800
3800
3800
3800
3800
3800
3800
3800
3800
3800
3800
3800
3800
3800
3800
3800
3800
3800
3800
3800
3800
3800
3800
3800
3800
3800
3800
3800
3800
3800
3800
3800
3800
3800
3800
3800
3800
3800
3800
3800
3800
3800
3800
3800
3800
3800
3800
3800
3800
3800
3800
3800
3800
3800
3800
3800
3800
3800
3800
3800
3800
3800
3800
3800
3800
3800
3800
3800
3800
3800
3800
3800
3800
3800
3800
3800
3800
3800
3800
3800
3800
3800
3800
3800
3800
3800
3800
3800
3800
3800
3800
3800
3800
3800
3800
3800
3800
3800
3800
3800
3800
3800
3800
3800
3800
3800
3800
3800
3800
3800
3800
3800
3800
3800
3800
3800
3800
3800
3800
3800
3800
3800
3800
3800
3800
3800
3800
3800
3800
3800
3800
3800
3800
3800
3800
3800
3800
3800
3800
3800
3800
3800
3800
3800
3800
3800
3800
3800
3800
3800
3800
3800
3800
3800
3800
3800
3800
3800
3800
3800
3800
3800
3800
3800
3800
3800
3800
3800
3800
3800
3800
3800
3800
3800
3800
3800
3800
3800
3800
3800
3800
3800
3800
3800
3800
3800
3800
3800
3800
3800
3800
3800
3800
3800
3800
3800
3800
3800
3800
3800
3800
3800
3800
3800
3800
3800
3800
3800
3800
3800
3800
3800
3800
3800
3800
3800
3800
3800
3800
3800
3800
3800
3800
3800
3800
3800
3800
3800
3800
3800
3800
3800
3800
3800
3800
3800
3800
3800
3800
3800
3800
3800
3800
3800
3800
3800
3800
3800
3800
3800
3800
3800
3800
3800
3800
3800
3800
3800
3800
3800
3800
3800
3800
3800
3800
3800
3800
3800
3800
3800
3800
3800
3800
3800
3800
3800
3800
3800
3800
3800
3800
3800
3800
3800
3800
3800
3800
3800
3800
3800
3800
3800
3800
3800
3800
3800
3800
3800
3800
3800
3800
3800
3800
3800
3800
3800
3800
3800
3800
3800
3800
3800
3800
3800
3800
3800
3800
3800
3800
3800
3800
3800
3800
3800
3800
3800
3800
3800
3800
3800
3800
3800
3800
3800
3800
3800
3800
3800
3800
3800
3800
3800
3800
3800
3800
3800
3800
3800
3800
3800
3800
3800
3800
3800
3800
3800
3800
3800
3800
3800
3800
3800
3800
3800
3800
3800
3800
3800
3800
3800
3800
3800
3800
3800
3800
3800
3800
3800
3800
3800
3800
3800
3800
3800
3800
3800
3800
3800
3800
3800
3800
3800
3800
3800
3800
3800
3800
3800
3800
3800
3800
3800
3800
3800
3800
3800
3800
3800
3800
3800
3800
3800
3800
3800
3800
3800
3800
3800
3800
3800
3800
3800
3800
3800
3800
3800
3800
3800
3800
3800
3800
3800
3800
3800
3800
3800
3800
3800
3800
3800
3800
3800
3800
3800
3800
3800
3800
3800
3800
3800
3800
3800
3800
3800
3800
3800
3800
3800
3800
3800
3800
3800
3800
3800
3800
3800
3800
3800
3800
3800
3800
3800
3800
3800
3800
3800
3800
3800
3800
3800
3800
3800
3800
3800
3800
3800
3800
3800
3800
3800
3800
3800
3800
3800
3800
3800
3800
3800
3800
3800
3800
3800
3800
3800
3800
3800
3800
3800
3800
3800
3800
3800
3800
3800
3800
3800
3800
3800
3800
3800
3800
3800
3800
3800
3800
3800
3800
3800
3800
3800
3800
3800
3800
3800
3800
3800
3800
3800
3800
3800
3800
3800
3800
3800
3800
3800
3800
3800
3800
3800
3800
3800
3800
3800
3800
3800
3800
3800
3800
3800
3800
3800
3800
3800
3800
3800
3800
3800
3800
3800
3800
3800
3800
3800
3800
3800
3800
3800
3800
3800
3800
3800
3800
3800
3800
3800
3800
3800
3800
3800
3800
3800
3800
3800
3800
3800
3800
3800
3800
3800
3800
3800
3800
3800
3800
3800
3800
3800
3800
3800
3800
3800
3800
3800
3800
3800
3800
3800
3800
3800
3800
3800
3800
3800
3800
3800
3800
3800
3800
3800
3800
3800
3800
3800
3800
3800
3800
3800
3800
3800
3800
3800
3800
3800
3800
3800
3800
3800
3800
3800
3800
3800
3800
3800
3800
3800
3800
3800
3800
3800
3800
3800
3800
3800
3800
3800
3800
3800
3800
3800
3800
3800
3800
3800
3800
3800
3800
3800
3800
3800
3800
3800
3800
3800
3800
3800
3800
3800
3800
3800
3800
3800
3800
3800
3800
3800
3800
3800
3800
3800
3800
3800
3800
3800
3800
3800
3800
3800
3800
3800
3800
3800
3800
3800
3800
3800
3800
3800
3800
3800
3800
3800
3800
3800
3800
3800
3800
3800
3800
3800
3800
3800
3800
3800
3800
3800
3800
3800
3800
3800
3800
3800
3800
3800
3800
3800
3800
3800
3800
3800
3800
3800
3800
3800
3800
3800
3800
3800
3800
3800
3800
3800
3800
3800
3800
3800
3800
3800
3800
3800
3800
3800
3800
3800
3800
3800
3800
3800
3800
3800
3800
3800
3800
3800
3800
3800
3800
3800
3800
3800
3800
3800
3800
3800
3800
3800
3800
3800
3800
3800
3800
3800
3800
3800
3800
3800
3800
3800
3800
3800
3800
3800
3800
3800
3800
3800
3800
3800
3800
3800
3800
3800
3800
3800
3800
3800
3800
3800
3800
3800
3800
3800
3800
3800
3800
3800
3800
3800
3800
3800
3800
3800
3800
3800
3800
3800
3800
3800
3800
3800
3800
3800
3800
3800
3800
3800
3800
3800
3800
3800
3800
3800
3800
3800
3800
3800
3800
3800
3800
3800
3800
3800
3800
3800
3800
3800
3800
3800
3800
3800
3800
3800
3800
3800
3800
3800
3800
3800
3800
3800
3800
3800
3800
3800
3800
3800
3800
3800
3800
3800
3800
3800
3800
3800
3800
3800
3800
3800
3800
3800
3800
3800
3800
3800
3800
3800
3800
3800
3800
3800
3800
3800
3800
3800
3800
3800
3800
3800
3800
3800
3800
3800
3800
3800
3800
3800
3800
3800
3800
3800
3800
3800
3800
3800
3800
3800
3800
3800
3800
3800
3800
3800
3800
3800
3800
3800
3800
3800
3800
3800
3800
3800
3800
3800
3800
3800
3800
3800
3800
3800
3800
3800
3800
3800
3800
3800
3800
3800
3800
3800
3800
3800
3800
3800
3800
3800
3800
3800
3800
3800
3800
3800
3800
3800
3800
3800
3800
3800
3800
3800
3800
3800
3800
3800
3800
3800
3800
3800
3800
3800
3800
3800
3800
3800
3800
3800
3800
3800
3800
3800
3800
3800
3800
3800
3800
3800
3800
3800
3800
3800
3800
3800
3800
3800
3800
3800
3800
3800
3800
3800
3800
3800
3800
3800
3800
3800
3800
3800
3800
3800
3800
3800
3800
3800
3800
3800
3800
3800
3800
3800
3800
3800
3800
3800
3800
3800
3800
3800
3800
3800
3800
3800
3800
3800
3800
3800
3800
3800
3800
3800
3800
3800
3800
3800
3800
3800
3800
3800
3800
3800
3800
3800
3800
3800
3800
3800
3800
3800
3800
3800
3800
3800
3800
3800
3800
3800
3800
3800
3800
3800
3800
3800
3800
3800
3800
3800
3800
3800
3800
3800
3800
3800
3800
3800
3800
3800
3800
3800
3800
3800
3800
3800
3800
3800
3800
3800
3800
3800
3800
3800
3800
3800
3800
3800
3800
3800
3800
3800
3800
3800
3800
3800
3800
3800
3800
3800
3800
3800
3800
3800
3800
3800
3800
3800
3800
3800
3800
3800
3800
3800
3800
3800
3800
3800
3800
3800
3800
3800
3800
3800
3800
3800
3800
3800
3800
3800
3800
3800
3800
3800
3800
3800
3800
3800
3800
3800
3800
3800
3800
3800
3800
3800
3800
3800
3800
3800
3800
3800
3800
3800
3800
3800
3800
3800
3800
3800
3800
3800
3800
3800
3800
3800
3800
3800
3800
3800
3800
3800
3800
3800
3800
3800
3800
3800
3800
3800
3800
3800
3800
3800
3800
3800
3800
3800
3800
3800
3800
3800
3800
3800
3800
3800
3800
3800
3800
3800
3800
3800
3800
3800
3800
3800
3800
3800
3800
3800
3800
3800
3800
3800
3800
3800
3800
3800
3800
3800
3800
3800
3800
3800
3800
3800
3800
3800
3800
3800
3800
3800
3800
3800
3800
3800
3800
3800
3800
3800
3800
3800
3800
3800
3800
3800
3800
3800
3800
3800
3800
3800
3800
3800
3800
3800
3800
3800
3800
3800
3800
3800
3800
3800
3800
3800
3800
3800
3800
3800
3800
3800
3800
3800
3800
3800
3800
3800
3800
3800
3800
3800
3800
3800
3800
3800
3800
3800
3800
3800
3800
3800
3800
3800
3800
3800
3800
3800
3800
3800
3800
3800
3800
3800
3800
3800
3800
3800
3800
3800
3800
3800
3800
3800
3800
3800
3800
3800
3800
3800
3800
3800
3800
3800
3800
3800
3800
3800
3800
3800
3800
3800
3800
3800
3800
3800
3800
3800
3800
3800
3800
3800
3800
3800
3800
3800
3800
3800
3800
3800
3800
3800
3800
3800
3800
3800
3800
3800
3800
3800
3800
3800
3800
3800
3800
3800
3800
3800
3800
3800
3800
3800
3800
3800
3800
3800
3800
3800
3800
3800
3800
3800
3800
3800
3800
3800
3800
3800
3800
3800
3800
3800
3800
3800
3800
3800
3800
3800
3800
3800
3800
3800
3800
3800
3800
3800
3800
3800
3800
3800
3800
3800
3800
3800
3800
3800
3800
3800
3800
3800
3800
3800
3800
3800
3800
3800
3800
3800
3800
3800
3800
3800
3800
3800
3800
3800
3800
3800
3800
3800
3800
3800
3800
3800
3800
3800
3800
3800
3800
3800
3800
3800
3800
3800
3800
3800
3800
3800
3800
3800
3800
3800
3800
3800
3800
3800
3800
3800
3800
3800
3800
3800
3800
3800
3800
3800
3800
3800
3800
3800
3800
3800
3800
3800
3800
3800
3800
3800
3800
3800
3800
3800
3800
3800
3800
3800
3800
3800
3800
3800
3800
3800
3800
3800
3800
3800
3800
3800
3800
3800
3800
3800
3800
3800
3800
3800
3800
3800
3800
3800
3800
3800
3800
3800
3800
3800
3800
3800
3800
3800
3800
3800
3800
3800
3800
3800
3800
3800
3800
3800
3800
3800
3800
3800
3800
3800
3800
3800
3800
3800
3800
3800
3800
3800
3800
3800
3800
3800
3800
3800
3800
3800
3800
3800
3800
3800
3800
3800
3800
3800
3800
3800
3800
3800
3800
3800
3800
3800
3800
3800
3800
3800
3800
3800
3800
3800
3800
3800
3800
3800
3800
3800
3800
3800
3800
3800
3800
3800
3800
3800
3800
3800
3800
3800
3800
3800
3800
3800
3800
3800
3800
3800
3800
3800
3800
3800
3800
3800
3800
3800
3800
3800
3800
3800
3800
3800
3800
3800
3800
3800
3800
3800
3800
3800
3800
3800
3800
3800
3800
3800
3800
3800
3800
3800
3800
3800
3800
3800
3800
3800
3800
3800
3800
3800
3800
3800
3800
3800
3800
3800
3800
3800
3800
3800
3800
3800
3800
3800
3800
3800
3800
3800
3800
3800
3800
3800
3800
3800
3800
3800
3800
3800
3800
3800
3800
3800
3800
3800
3800
3800
3800
3800
3800
3800
3800
3800
3800
3800
3800
3800
3800
3800
3800
3800
3800
3800
3800
3800
3800
3800
3800
3800
3800
3800
3800
3800
3800
3800
3800
3800
3800
3800
3800
3800
3800
3800
3800
3800
3800
3800
3800
3800
3800
3800
3800
3800
3800
3800
3800
3800
3800
3800
3800
3800
3800
3800
3800
3800
37FF
37FF
37FF
37FF
37FF
37FF
37FF
37FF
37FF
37FF
37FF
37FF
37FF
37FF
37FF
37FF
37FF
37FF
37FF
37FF
37FF
37FF
37FF
37FF
37FF
37FF
37FF
37FF
37FF
37FF
37FF
37FF
37FF
37FF
37FF
37FF
37FF
37FF
37FF
37FF
37FF
37FF
37FF
37FF
37FF
37FF
37FF
37FF
37FF
37FF
37FF
37FF
37FF
37FF
37FF
37FF
37FF
37FF
37FF
37FF
37FF
37FF
37FF
37FF
37FF
37FF
37FF
37FF
37FF
37FF
37FF
37FF
37FF
37FF
37FF
37FF
37FF
37FF
37FF
37FF
37FF
37FF
37FF
37FF
37FF
37FF
37FF
37FF
37FF
37FF
37FF
37FF
37FF
37FF
37FF
37FF
37FF
37FF
37FF
37FF
37FF
37FF
37FF
37FF
37FF
37FF
37FF
37FF
37FF
37FF
37FF
37FF
37FF
37FF
37FF
37FF
37FF
37FF
37FF
37FF
37FF
37FF
37FF
37FF
37FF
37FF
37FF
37FF
37FF
37FF
37FF
37FF
37FF
37FF
37FF
37FF
37FF
37FF
37FF
37FF
37FF
37FF
37FF
37FF
37FF
37FF
37FF
37FF
37FF
37FF
37FF
37FF
37FF
37FF
37FF
37FF
37FF
37FF
37FF
37FF
37FF
37FF
37FF
37FF
37FF
37FF
37FF
37FF
37FF
37FF
37FF
37FF
37FF
37FF
37FF
37FF
37FF
37FF
37FF
37FF
37FF
37FF
37FF
37FF
37FF
37FF
37FF
37FF
37FF
37FF
37FF
37FF
37FF
37FF
37FF
37FF
37FF
37FF
37FF
37FF
37FF
37FF
37FF
37FF
37FF
37FF
37FF
37FF
37FF
37FF
37FF
37FF
37FF
37FF
37FF
37FF
37FF
37FF
37FF
37FF
37FF
37FF
37FF
37FF
37FF
37FF
37FF
37FF
37FF
37FF
37FF
37FF
37FF
37FF
37FF
37FF
37FF
37FF
37FF
37FF
37FF
37FF
37FF
37FF
37FF
37FF
37FF
37FF
37FF
37FF
37FF
37FF
37FF
37FF
37FF
37FF
37FF
37FF
37FF
37FF
37FF
37FF
37FF
37FF
37FF
37FF
37FF
37FF
37FF
37FF
37FF
37FF
37FF
37FF
37FF
37FF
37FF
37FF
37FF
37FF
37FF
37FF
37FF
37FF
37FF
37FF
37FF
37FF
37FF
37FF
37FF
37FF
37FF
37FF
37FF
37FF
37FF
37FF
37FF
37FF
37FF
37FF
37FF
37FF
37FF
37FF
37FF
37FF
37FF
37FF
37FF
37FF
37FF
37FF
37FF
37FF
37FF
37FF
37FF
37FF
37FF
37FF
37FF
37FF
37FF
37FF
37FF
37FF
37FF
37FF
37FF
37FF
37FF
37FF
37FF
37FF
37FF
37FF
37FF
37FF
37FF
37FF
37FF
37FF
37FF
37FF
37FF
37FF
37FF
37FF
37FF
37FF
37FF
37FF
37FF
37FF
37FF
37FF
37FF
37FF
37FF
37FF
37FF
37FF
37FF
37FF
37FF
37FF
37FF
37FF
37FF
37FF
37FF
37FF
37FF
37FF
37FF
37FF
37FF
37FF
37FF
37FF
37FF
37FF
37FF
37FF
37FF
37FF
37FF
37FF
37FF
37FF
37FF
37FF
37FF
37FF
37FF
37FF
37FF
37FF
37FF
37FF
37FF
37FF
37FF
37FF
37FF
37FF
37FF
37FF
37FF
37FF
37FF
37FF
37FF
37FF
37FF
37FF
37FF
37FF
37FF
37FF
37FF
37FF
37FF
37FF
37FF
37FF
37FF
37FF
37FF
37FF
37FF
37FF
37FF
37FF
37FF
37FF
37FF
37FF
37FF
37FF
37FF
37FF
37FF
37FF
37FF
37FF
37FF
37FF
37FF
37FF
37FF
37FF
37FF
37FF
37FF
37FF
37FF
37FF
37FF
37FF
37FF
37FF
37FF
37FF
37FF
37FF
37FF
37FF
37FF
37FF
37FF
37FF
37FF
37FF
37FF
37FF
37FF
37FF
37FF
37FF
37FF
37FF
37FF
37FF
37FF
37FF
37FF
37FF
37FF
37FF
37FF
37FF
37FF
37FF
37FF
37FF
37FF
37FF
37FF
37FF
37FF
37FF
37FF
37FF
37FF
37FF
37FF
37FF
37FF
37FF
37FF
37FF
37FF
37FF
37FF
37FF
37FF
37FF
37FF
37FF
37FF
37FF
37FF
37FF
37FF
37FF
37FF
37FF
37FF
37FF
37FF
37FF
37FF
37FF
37FF
37FF
37FF
37FF
37FF
37FF
37FF
37FF
37FF
37FF
37FF
37FF
37FF
37FF
37FF
37FF
37FF
37FF
37FF
37FF
37FF
37FF
37FF
37FF
37FF
37FF
37FF
37FF
37FF
37FF
37FF
37FF
37FF
37FF
37FF
37FF
37FF
37FF
37FF
37FF
37FF
37FF
37FF
37FF
37FF
37FF
37FF
37FF
37FF
37FF
37FF
37FF
37FF
37FF
37FF
37FF
37FF
37FF
37FF
37FF
37FF
37FF
37FF
37FF
37FF
37FF
37FF
37FF
37FF
37FF
37FF
37FF
37FF
37FF
37FF
37FF
37FF
37FF
37FF
37FF
37FF
37FF
37FF
37FF
37FF
37FF
37FF
37FF
37FF
37FF
37FF
37FF
37FF
37FF
37FF
37FF
37FF
37FF
37FF
37FF
37FF
37FF
37FF
37FF
37FF
37FF
37FF
37FF
37FF
37FF
37FF
37FF
37FF
37FF
37FF
37FF
37FF
37FF
37FF
37FF
37FF
37FF
37FF
37FF
37FF
37FF
37FF
37FF
37FF
37FF
37FF
37FF
37FF
37FF
37FF
37FF
37FF
37FF
37FF
37FF
37FF
37FF
37FF
37FF
37FF
37FF
37FF
37FF
37FF
37FF
37FF
37FF
37FF
37FF
37FF
37FF
37FF
37FF
37FF
37FF
37FF
37FF
37FF
37FF
37FF
37FF
37FF
37FF
37FF
37FF
37FF
37FF
37FF
37FF
37FF
37FF
37FF
37FF
37FF
37FF
37FF
37FF
37FF
37FF
37FF
37FF
37FF
37FF
37FF
37FF
37FF
37FF
37FF
37FF
37FF
37FF
37FF
37FF
37FF
37FF
37FF
37FF
37FF
37FF
37FF
37FF
37FF
37FF
37FF
37FF
37FF
37FF
37FF
37FF
37FF
37FF
37FF
37FF
37FF
37FF
37FF
37FF
37FF
37FF
37FF
37FF
37FF
37FF
37FF
37FF
37FF
37FF
37FF
37FF
37FF
37FF
37FF
37FF
37FF
37FF
37FF
37FF
37FF
37FF
37FF
37FF
37FF
37FF
37FF
37FF
37FF
37FF
37FF
37FF
37FF
37FF
37FF
37FF
37FF
37FF
37FF
37FF
37FF
37FF
37FF
37FF
37FF
37FF
37FF
37FF
37FF
37FF
37FF
37FF
37FF
37FF
37FF
37FF
37FF
37FF
37FF
37FF
37FF
37FF
37FF
37FF
37FF
37FF
37FF
37FF
37FF
37FF
37FF
37FF
37FF
37FF
37FF
37FF
37FF
37FF
37FF
37FF
37FF
37FF
37FF
37FF
37FF
37FF
37FF
37FF
37FF
37FF
37FF
37FF
37FF
37FF
37FF
37FF
37FF
37FF
37FF
37FF
37FF
37FF
37FF
37FF
37FF
37FF
37FF
37FF
37FF
37FF
37FF
37FF
37FF
37FF
37FF
37FF
37FF
37FF
37FF
37FF
37FF
37FF
37FF
37FF
37FF
37FF
37FF
37FF
37FF
37FF
37FF
37FF
37FF
37FF
37FF
37FF
37FF
37FF
37FF
37FF
37FF
37FF
37FF
37FF
37FF
37FF
37FF
37FF
37FF
37FF
37FF
37FF
37FF
37FF
37FF
37FF
37FF
37FF
37FF
37FF
37FF
37FF
37FF
37FF
37FF
37FF
37FF
37FF
37FF
37FF
37FF
37FF
37FF
37FF
37FF
37FF
37FF
37FF
37FF
37FF
37FF
37FF
37FF
37FF
37FF
37FF
37FF
37FF
37FF
37FF
37FF
37FF
37FF
37FF
37FF
37FF
37FF
37FF
37FF
37FF
37FF
37FF
37FF
37FF
37FF
37FF
37FF
37FF
37FF
37FF
37FF
37FF
37FF
37FF
37FF
37FF
37FF
37FF
37FF
37FF
37FF
37FF
37FF
37FF
37FF
37FF
37FF
37FF
37FF
37FF
37FF
37FF
37FF
37FF
37FF
37FF
37FF
37FF
37FF
37FF
37FF
37FF
37FF
37FF
37FF
37FF
37FF
37FF
37FF
37FF
37FF
37FF
37FF
37FF
37FF
37FF
37FF
37FF
37FF
37FF
37FF
37FF
37FF
37FF
37FF
37FF
37FF
37FF
37FF
37FF
37FF
37FF
37FF
37FF
37FF
37FF
37FF
37FF
37FF
37FF
37FF
37FF
37FF
37FF
37FF
37FF
37FF
37FF
37FF
37FF
37FF
37FF
37FF
37FF
37FF
37FF
37FF
37FF
37FF
37FF
37FF
37FF
37FF
37FF
37FF
37FF
37FF
37FF
37FF
37FF
37FF
37FF
37FF
37FF
37FF
37FF
37FF
37FF
37FF
37FF
37FF
37FF
37FF
37FF
37FF
37FF
37FF
37FF
37FF
37FF
37FF
37FF
37FF
37FF
37FF
37FF
37FF
37FF
37FF
37FF
37FF
37FF
37FF
37FF
37FF
37FF
37FF
37FF
37FF
37FF
37FF
37FF
37FF
37FF
37FF
37FF
37FF
37FF
37FF
37FF
37FF
37FF
37FF
37FF
37FF
37FF
37FF
37FF
37FF
37FF
37FF
37FF
37FF
37FF
37FF
37FF
37FF
37FF
37FF
37FF
37FF
37FF
37FF
37FF
37FF
37FF
37FF
37FF
37FF
37FF
37FF
37FF
37FF
37FF
37FF
37FF
37FF
37FF
37FF
37FF
37FF
37FF
37FF
37FF
37FF
37FF
37FF
37FF
37FF
37FF
37FF
37FF
37FF
37FF
37FF
37FF
37FF
37FF
37FF
37FF
37FF
37FF
37FF
37FF
37FF
37FF
37FF
37FF
37FF
37FF
37FF
37FF
37FF
37FF
37FF
37FF
37FF
37FF
37FF
37FF
37FF
37FF
37FF
37FF
37FF
37FF
37FF
37FF
37FF
37FF
37FF
37FF
37FF
37FF
37FF
37FF
37FF
37FF
37FF
37FF
37FF
37FF
37FF
37FF
37FF
37FF
37FF
37FF
37FF
37FF
37FF
37FF
37FF
37FF
37FF
37FF
37FF
37FF
37FF
37FF
37FF
37FF
37FF
37FF
37FF
37FF
37FF
37FF
37FF
37FF
37FF
37FF
37FF
37FF
37FF
37FF
37FF
37FF
37FF
37FF
37FF
37FF
37FF
37FF
37FF
37FF
37FF
37FF
37FF
37FF
37FF
37FF
37FF
37FF
37FF
37FF
37FF
37FF
37FF
37FF
37FF
37FF
37FF
37FF
37FF
37FF
37FF
37FF
37FF
37FF
37FF
37FF
37FF
37FF
37FF
37FF
37FF
37FF
37FF
37FF
37FF
37FF
37FF
37FF
37FF
37FF
37FF
37FF
37FF
37FF
37FF
37FF
37FF
37FF
37FF
37FF
37FF
37FF
37FF
37FF
37FF
37FF
37FF
37FF
37FF
37FF
37FF
37FF
37FF
37FF
37FF
37FF
37FF
37FF
37FF
37FF
37FF
37FF
37FF
37FF
37FF
37FF
37FF
37FF
37FF
37FF
37FF
37FF
37FF
37FF
37FF
37FF
37FF
37FF
37FF
37FF
37FF
37FF
37FF
37FF
37FF
37FF
37FF
37FF
37FF
37FF
37FF
37FF
37FF
37FF
37FF
37FF
37FF
37FF
37FF
37FF
37FF
37FF
37FF
37FF
37FF
37FF
37FF
37FF
37FF
37FF
37FF
37FF
37FF
37FF
37FF
37FF
37FF
37FF
37FF
37FF
37FF
37FF
37FF
37FF
37FF
37FF
37FF
37FF
37FF
37FF
37FF
37FF
37FF
37FF
37FF
37FF
37FF
37FF
37FF
37FF
37FF
37FF
37FF
37FF
37FF
37FF
37FF
37FF
37FF
37FF
37FF
37FF
37FF
37FF
37FF
37FF
37FF
37FF
37FF
37FF
37FF
37FF
37FF
37FF
37FF
37FF
37FF
37FF
37FF
37FF
37FF
37FF
37FF
37FF
37FF
37FF
37FF
37FF
37FF
37FF
37FF
37FF
37FF
37FF
37FF
37FF
37FF
37FF
37FF
37FF
37FF
37FF
37FF
37FF
37FF
37FF
37FF
37FF
37FF
37FF
37FF
37FF
37FF
37FF
37FF
37FF
37FF
37FF
37FF
37FF
37FF
37FF
37FF
37FF
37FF
37FF
37FF
37FF
37FF
37FF
37FF
37FF
37FF
37FF
37FF
37FF
37FF
37FF
37FF
37FF
37FF
37FF
37FF
37FF
37FF
37FF
37FF
37FF
37FF
37FF
37FF
37FF
37FF
37FF
37FF
37FF
37FF
37FF
37FF
37FF
37FF
37FF
37FF
37FF
37FF
37FF
37FF
37FF
37FF
37FF
37FF
37FF
37FE
37FE
37FE
37FE
37FE
37FE
37FE
37FE
37FE
37FE
37FE
37FE
37FE
37FE
37FE
37FE
37FE
37FE
37FE
37FE
37FE
37FE
37FE
37FE
37FE
37FE
37FE
37FE
37FE
37FE
37FE
37FE
37FE
37FE
37FE
37FE
37FE
37FE
37FE
37FE
37FE
37FE
37FE
37FE
37FE
37FE
37FE
37FE
37FE
37FE
37FE
37FE
37FE
37FE
37FE
37FE
37FE
37FE
37FE
37FE
37FE
37FE
37FE
37FE
37FE
37FE
37FE
37FE
37FE
37FE
37FE
37FE
37FE
37FE
37FE
37FE
37FE
37FE
37FE
37FE
37FE
37FE
37FE
37FE
37FE
37FE
37FE
37FE
37FE
37FE
37FE
37FE
37FE
37FE
37FE
37FE
37FE
37FE
37FE
37FE
37FE
37FE
37FE
37FE
37FE
37FE
37FE
37FE
37FE
37FE
37FE
37FE
37FE
37FE
37FE
37FE
37FE
37FE
37FE
37FE
37FE
37FE
37FE
37FE
37FE
37FE
37FE
37FE
37FE
37FE
37FE
37FE
37FE
37FE
37FE
37FE
37FE
37FE
37FE
37FE
37FE
37FE
37FE
37FE
37FE
37FE
37FE
37FE
37FE
37FE
37FE
37FE
37FE
37FE
37FE
37FE
37FE
37FE
37FE
37FE
37FE
37FE
37FE
37FE
37FE
37FE
37FE
37FE
37FE
37FE
37FE
37FE
37FE
37FE
37FE
37FE
37FE
37FE
37FE
37FE
37FE
37FE
37FE
37FE
37FE
37FE
37FE
37FE
37FE
37FE
37FE
37FE
37FE
37FE
37FE
37FE
37FE
37FE
37FE
37FE
37FE
37FE
37FE
37FE
37FE
37FE
37FE
37FE
37FE
37FE
37FE
37FE
37FE
37FE
37FE
37FE
37FE
37FE
37FE
37FE
37FE
37FE
37FE
37FE
37FE
37FE
37FE
37FE
37FE
37FE
37FE
37FE
37FE
37FE
37FE
37FE
37FE
37FE
37FE
37FE
37FE
37FE
37FE
37FE
37FE
37FE
37FE
37FE
37FE
37FE
37FE
37FE
37FE
37FE
37FE
37FE
37FE
37FE
37FE
37FE
37FE
37FE
37FE
37FE
37FE
37FE
37FE
37FE
37FE
37FE
37FE
37FE
37FE
37FE
37FE
37FE
37FE
37FE
37FE
37FE
37FE
37FE
37FE
37FE
37FE
37FE
37FE
37FE
37FE
37FE
37FE
37FE
37FE
37FE
37FE
37FE
37FE
37FE
37FE
37FE
37FE
37FE
37FE
37FE
37FE
37FE
37FE
37FE
37FE
37FE
37FE
37FE
37FE
37FE
37FE
37FE
37FE
37FE
37FE
37FE
37FE
37FE
37FE
37FE
37FE
37FE
37FE
37FE
37FE
37FE
37FE
37FE
37FE
37FE
37FE
37FE
37FE
37FE
37FE
37FE
37FE
37FE
37FE
37FE
37FE
37FE
37FE
37FE
37FE
37FE
37FE
37FE
37FE
37FE
37FE
37FE
37FE
37FE
37FE
37FE
37FE
37FE
37FE
37FE
37FE
37FE
37FE
37FE
37FE
37FE
37FE
37FE
37FE
37FE
37FE
37FE
37FE
37FE
37FE
37FE
37FE
37FE
37FE
37FE
37FE
37FE
37FE
37FE
37FE
37FE
37FE
37FE
37FE
37FE
37FE
37FE
37FE
37FE
37FE
37FE
37FE
37FE
37FE
37FE
37FE
37FE
37FE
37FE
37FE
37FE
37FE
37FE
37FE
37FE
37FE
37FE
37FE
37FE
37FE
37FE
37FE
37FE
37FE
37FE
37FE
37FE
37FE
37FE
37FE
37FE
37FE
37FE
37FE
37FE
37FE
37FE
37FE
37FE
37FE
37FE
37FE
37FE
37FE
37FE
37FE
37FE
37FE
37FE
37FE
37FE
37FE
37FE
37FE
37FE
37FE
37FE
37FE
37FE
37FE
37FE
37FE
37FE
37FE
37FE
37FE
37FE
37FE
37FE
37FE
37FE
37FE
37FE
37FE
37FE
37FE
37FE
37FE
37FE
37FE
37FE
37FE
37FE
37FE
37FE
37FE
37FE
37FE
37FE
37FE
37FE
37FE
37FE
37FE
37FE
37FE
37FE
37FE
37FE
37FE
37FE
37FE
37FE
37FE
37FE
37FE
37FE
37FE
37FE
37FE
37FE
37FE
37FE
37FE
37FE
37FE
37FE
37FE
37FE
37FE
37FE
37FE
37FE
37FE
37FE
37FE
37FE
37FE
37FE
37FE
37FE
37FE
37FE
37FE
37FE
37FE
37FE
37FE
37FE
37FE
37FE
37FE
37FE
37FE
37FE
37FE
37FE
37FE
37FE
37FE
37FE
37FE
37FE
37FE
37FE
37FE
37FE
37FE
37FE
37FE
37FE
37FE
37FE
37FE
37FE
37FE
37FE
37FE
37FE
37FE
37FE
37FE
37FE
37FE
37FE
37FE
37FE
37FE
37FE
37FE
37FE
37FE
37FE
37FE
37FE
37FE
37FE
37FE
37FE
37FE
37FE
37FE
37FE
37FE
37FE
37FE
37FE
37FE
37FE
37FE
37FE
37FE
37FE
37FE
37FE
37FE
37FE
37FE
37FE
37FE
37FE
37FE
37FE
37FE
37FE
37FE
37FE
37FE
37FE
37FE
37FE
37FE
37FE
37FE
37FE
37FE
37FE
37FE
37FE
37FE
37FE
37FE
37FE
37FE
37FE
37FE
37FE
37FE
37FE
37FE
37FE
37FE
37FE
37FE
37FE
37FE
37FE
37FE
37FE
37FE
37FE
37FE
37FE
37FE
37FE
37FE
37FE
37FE
37FE
37FE
37FE
37FE
37FE
37FE
37FE
37FE
37FE
37FE
37FE
37FE
37FE
37FE
37FE
37FE
37FE
37FE
37FE
37FE
37FE
37FE
37FE
37FE
37FE
37FE
37FE
37FE
37FE
37FE
37FE
37FE
37FE
37FE
37FE
37FE
37FE
37FE
37FE
37FE
37FE
37FE
37FE
37FE
37FE
37FE
37FE
37FE
37FE
37FE
37FE
37FE
37FE
37FE
37FE
37FE
37FE
37FE
37FE
37FE
37FE
37FE
37FE
37FE
37FE
37FE
37FE
37FE
37FE
37FE
37FE
37FE
37FE
37FE
37FE
37FE
37FE
37FE
37FE
37FE
37FE
37FE
37FE
37FE
37FE
37FE
37FE
37FE
37FE
37FE
37FE
37FE
37FE
37FE
37FE
37FE
37FE
37FE
37FE
37FE
37FE
37FE
37FE
37FE
37FE
37FE
37FE
37FE
37FE
37FE
37FE
37FD
37FD
37FD
37FD
37FD
37FD
37FD
37FD
37FD
37FD
37FD
37FD
37FD
37FD
37FD
37FD
37FD
37FD
37FD
37FD
37FD
37FD
37FD
37FD
37FD
37FD
37FD
37FD
37FD
37FD
37FD
37FD
37FD
37FD
37FD
37FD
37FD
37FD
37FD
37FD
37FD
37FD
37FD
37FD
37FD
37FD
37FD
37FD
37FD
37FD
37FD
37FD
37FD
37FD
37FD
37FD
37FD
37FD
37FD
37FD
37FD
37FD
37FD
37FD
37FD
37FD
37FD
37FD
37FD
37FD
37FD
37FD
37FD
37FD
37FD
37FD
37FD
37FD
37FD
37FD
37FD
37FD
37FD
37FD
37FD
37FD
37FD
37FD
37FD
37FD
37FD
37FD
37FD
37FD
37FD
37FD
37FD
37FD
37FD
37FD
37FD
37FD
37FD
37FD
37FD
37FD
37FD
37FD
37FD
37FD
37FD
37FD
37FD
37FD
37FD
37FD
37FD
37FD
37FD
37FD
37FD
37FD
37FD
37FD
37FD
37FD
37FD
37FD
37FD
37FD
37FD
37FD
37FD
37FD
37FD
37FD
37FD
37FD
37FD
37FD
37FD
37FD
37FD
37FD
37FD
37FD
37FD
37FD
37FD
37FD
37FD
37FD
37FD
37FD
37FD
37FD
37FD
37FD
37FD
37FD
37FD
37FD
37FD
37FD
37FD
37FD
37FD
37FD
37FD
37FD
37FD
37FD
37FD
37FD
37FD
37FD
37FD
37FD
37FD
37FD
37FD
37FD
37FD
37FD
37FD
37FD
37FD
37FD
37FD
37FD
37FD
37FD
37FD
37FD
37FD
37FD
37FD
37FD
37FD
37FD
37FD
37FD
37FD
37FD
37FD
37FD
37FD
37FD
37FD
37FD
37FD
37FD
37FD
37FD
37FD
37FD
37FD
37FD
37FD
37FD
37FD
37FD
37FD
37FD
37FD
37FD
37FD
37FD
37FD
37FD
37FD
37FD
37FD
37FD
37FD
37FD
37FD
37FD
37FD
37FD
37FD
37FD
37FD
37FD
37FD
37FD
37FD
37FD
37FD
37FD
37FD
37FD
37FD
37FD
37FD
37FD
37FD
37FD
37FD
37FD
37FD
37FD
37FD
37FD
37FD
37FD
37FD
37FD
37FD
37FD
37FD
37FD
37FD
37FD
37FD
37FD
37FD
37FD
37FD
37FD
37FD
37FD
37FD
37FD
37FD
37FD
37FD
37FD
37FD
37FD
37FD
37FD
37FD
37FD
37FD
37FD
37FD
37FD
37FD
37FD
37FD
37FD
37FD
37FD
37FD
37FD
37FD
37FD
37FD
37FD
37FD
37FD
37FD
37FD
37FD
37FD
37FD
37FD
37FD
37FD
37FD
37FD
37FD
37FD
37FD
37FD
37FD
37FD
37FD
37FD
37FD
37FD
37FD
37FD
37FD
37FD
37FD
37FD
37FD
37FD
37FD
37FD
37FD
37FD
37FD
37FD
37FD
37FD
37FD
37FD
37FD
37FD
37FD
37FD
37FD
37FD
37FD
37FD
37FD
37FD
37FD
37FD
37FD
37FD
37FD
37FD
37FD
37FD
37FD
37FD
37FD
37FD
37FD
37FD
37FD
37FD
37FD
37FD
37FD
37FD
37FD
37FD
37FD
37FD
37FD
37FD
37FD
37FD
37FD
37FD
37FD
37FD
37FD
37FD
37FD
37FD
37FD
37FD
37FD
37FD
37FD
37FD
37FD
37FD
37FD
37FD
37FD
37FD
37FD
37FD
37FD
37FD
37FD
37FD
37FD
37FD
37FD
37FD
37FD
37FD
37FD
37FD
37FD
37FD
37FD
37FD
37FD
37FD
37FD
37FD
37FD
37FD
37FD
37FD
37FD
37FD
37FD
37FD
37FD
37FD
37FD
37FD
37FD
37FD
37FD
37FD
37FD
37FD
37FD
37FD
37FD
37FD
37FD
37FD
37FD
37FD
37FD
37FD
37FD
37FD
37FD
37FD
37FD
37FD
37FD
37FD
37FD
37FD
37FD
37FD
37FD
37FD
37FD
37FD
37FD
37FD
37FD
37FD
37FD
37FD
37FD
37FD
37FD
37FD
37FD
37FD
37FD
37FD
37FD
37FD
37FD
37FD
37FD
37FD
37FD
37FD
37FD
37FD
37FD
37FD
37FD
37FD
37FD
37FD
37FD
37FD
37FD
37FD
37FD
37FD
37FD
37FD
37FC
37FC
37FC
37FC
37FC
37FC
37FC
37FC
37FC
37FC
37FC
37FC
37FC
37FC
37FC
37FC
37FC
37FC
37FC
37FC
37FC
37FC
37FC
37FC
37FC
37FC
37FC
37FC
37FC
37FC
37FC
37FC
37FC
37FC
37FC
37FC
37FC
37FC
37FC
37FC
37FC
37FC
37FC
37FC
37FC
37FC
37FC
37FC
37FC
37FC
37FC
37FC
37FC
37FC
37FC
37FC
37FC
37FC
37FC
37FC
37FC
37FC
37FC
37FC
37FC
37FC
37FC
37FC
37FC
37FC
37FC
37FC
37FC
37FC
37FC
37FC
37FC
37FC
37FC
37FC
37FC
37FC
37FC
37FC
37FC
37FC
37FC
37FC
37FC
37FC
37FC
37FC
37FC
37FC
37FC
37FC
37FC
37FC
37FC
37FC
37FC
37FC
37FC
37FC
37FC
37FC
37FC
37FC
37FC
37FC
37FC
37FC
37FC
37FC
37FC
37FC
37FC
37FC
37FC
37FC
37FC
37FC
37FC
37FC
37FC
37FC
37FC
37FC
37FC
37FC
37FC
37FC
37FC
37FC
37FC
37FC
37FC
37FC
37FC
37FC
37FC
37FC
37FC
37FC
37FC
37FC
37FC
37FC
37FC
37FC
37FC
37FC
37FC
37FC
37FC
37FC
37FC
37FC
37FC
37FC
37FC
37FC
37FC
37FC
37FC
37FC
37FC
37FC
37FC
37FC
37FC
37FC
37FC
37FC
37FC
37FC
37FC
37FC
37FC
37FC
37FC
37FC
37FC
37FC
37FC
37FC
37FC
37FC
37FC
37FC
37FC
37FC
37FC
37FC
37FC
37FC
37FC
37FC
37FC
37FC
37FC
37FC
37FC
37FC
37FC
37FC
37FC
37FC
37FC
37FC
37FC
37FC
37FC
37FC
37FC
37FC
37FC
37FC
37FC
37FC
37FC
37FC
37FC
37FC
37FC
37FC
37FC
37FC
37FC
37FC
37FC
37FC
37FC
37FC
37FC
37FC
37FC
37FC
37FC
37FC
37FC
37FC
37FC
37FC
37FC
37FC
37FC
37FC
37FC
37FC
37FC
37FC
37FC
37FC
37FC
37FC
37FC
37FC
37FC
37FC
37FC
37FC
37FC
37FC
37FC
37FC
37FC
37FC
37FC
37FC
37FC
37FC
37FC
37FC
37FC
37FC
37FC
37FC
37FC
37FC
37FC
37FC
37FC
37FC
37FC
37FC
37FC
37FC
37FC
37FC
37FC
37FC
37FC
37FC
37FC
37FC
37FC
37FC
37FC
37FC
37FC
37FC
37FC
37FC
37FC
37FC
37FC
37FC
37FC
37FC
37FC
37FC
37FC
37FC
37FC
37FC
37FC
37FC
37FC
37FC
37FC
37FC
37FC
37FC
37FC
37FC
37FC
37FC
37FC
37FC
37FC
37FC
37FC
37FC
37FC
37FC
37FC
37FC
37FC
37FC
37FC
37FC
37FC
37FC
37FC
37FC
37FC
37FC
37FC
37FC
37FC
37FC
37FC
37FC
37FC
37FC
37FC
37FC
37FC
37FC
37FC
37FC
37FC
37FC
37FC
37FC
37FC
37FC
37FC
37FC
37FC
37FC
37FC
37FC
37FC
37FC
37FC
37FC
37FC
37FC
37FC
37FC
37FC
37FC
37FB
37FB
37FB
37FB
37FB
37FB
37FB
37FB
37FB
37FB
37FB
37FB
37FB
37FB
37FB
37FB
37FB
37FB
37FB
37FB
37FB
37FB
37FB
37FB
37FB
37FB
37FB
37FB
37FB
37FB
37FB
37FB
37FB
37FB
37FB
37FB
37FB
37FB
37FB
37FB
37FB
37FB
37FB
37FB
37FB
37FB
37FB
37FB
37FB
37FB
37FB
37FB
37FB
37FB
37FB
37FB
37FB
37FB
37FB
37FB
37FB
37FB
37FB
37FB
37FB
37FB
37FB
37FB
37FB
37FB
37FB
37FB
37FB
37FB
37FB
37FB
37FB
37FB
37FB
37FB
37FB
37FB
37FB
37FB
37FB
37FB
37FB
37FB
37FB
37FB
37FB
37FB
37FB
37FB
37FB
37FB
37FB
37FB
37FB
37FB
37FB
37FB
37FB
37FB
37FB
37FB
37FB
37FB
37FB
37FB
37FB
37FB
37FB
37FB
37FB
37FB
37FB
37FB
37FB
37FB
37FB
37FB
37FB
37FB
37FB
37FB
37FB
37FB
37FB
37FB
37FB
37FB
37FB
37FB
37FB
37FB
37FB
37FB
37FB
37FB
37FB
37FB
37FB
37FB
37FB
37FB
37FB
37FB
37FB
37FB
37FB
37FB
37FB
37FB
37FB
37FB
37FB
37FB
37FB
37FB
37FB
37FB
37FB
37FB
37FB
37FB
37FB
37FB
37FB
37FB
37FB
37FB
37FB
37FB
37FB
37FB
37FB
37FB
37FB
37FB
37FB
37FB
37FB
37FB
37FB
37FB
37FB
37FB
37FB
37FB
37FB
37FB
37FB
37FB
37FB
37FB
37FB
37FB
37FB
37FB
37FB
37FB
37FB
37FB
37FB
37FB
37FB
37FB
37FB
37FB
37FB
37FB
37FB
37FB
37FB
37FB
37FB
37FB
37FB
37FB
37FB
37FB
37FB
37FB
37FB
37FB
37FB
37FB
37FB
37FB
37FB
37FB
37FB
37FB
37FB
37FB
37FB
37FB
37FB
37FB
37FB
37FB
37FB
37FB
37FB
37FB
37FB
37FB
37FB
37FB
37FB
37FB
37FB
37FB
37FB
37FB
37FA
37FA
37FA
37FA
37FA
37FA
37FA
37FA
37FA
37FA
37FA
37FA
37FA
37FA
37FA
37FA
37FA
37FA
37FA
37FA
37FA
37FA
37FA
37FA
37FA
37FA
37FA
37FA
37FA
37FA
37FA
37FA
37FA
37FA
37FA
37FA
37FA
37FA
37FA
37FA
37FA
37FA
37FA
37FA
37FA
37FA
37FA
37FA
37FA
37FA
37FA
37FA
37FA
37FA
37FA
37FA
37FA
37FA
37FA
37FA
37FA
37FA
37FA
37FA
37FA
37FA
37FA
37FA
37FA
37FA
37FA
37FA
37FA
37FA
37FA
37FA
37FA
37FA
37FA
37FA
37FA
37FA
37FA
37FA
37FA
37FA
37FA
37FA
37FA
37FA
37FA
37FA
37FA
37FA
37FA
37FA
37FA
37FA
37FA
37FA
37FA
37FA
37FA
37FA
37FA
37FA
37FA
37FA
37FA
37FA
37FA
37FA
37FA
37FA
37FA
37FA
37FA
37FA
37FA
37FA
37FA
37FA
37FA
37FA
37FA
37FA
37FA
37FA
37FA
37FA
37FA
37FA
37FA
37FA
37FA
37FA
37FA
37FA
37FA
37FA
37FA
37FA
37FA
37FA
37FA
37FA
37FA
37FA
37FA
37FA
37FA
37FA
37FA
37FA
37FA
37FA
37FA
37FA
37FA
37FA
37FA
37FA
37FA
37FA
37FA
37FA
37FA
37FA
37FA
37FA
37FA
37FA
37FA
37FA
37FA
37FA
37FA
37FA
37FA
37FA
37FA
37FA
37FA
37FA
37FA
37FA
37FA
37FA
37FA
37FA
37FA
37FA
37FA
37FA
37FA
37FA
37FA
37FA
37FA
37FA
37FA
37FA
37FA
37FA
37FA
37FA
37FA
37FA
37FA
37FA
37FA
37FA
37FA
37FA
37FA
37FA
37FA
37FA
37FA
37FA
37FA
37FA
37FA
37FA
37FA
37FA
37FA
37FA
37FA
37FA
37FA
37FA
37FA
37FA
37FA
37FA
37FA
37FA
37FA
37FA
37FA
37FA
37FA
37FA
37FA
37FA
37FA
37FA
37FA
37FA
37FA
37FA
37FA
37FA
37FA
37FA
37F9
37F9
37F9
37F9
37F9
37F9
37F9
37F9
37F9
37F9
37F9
37F9
37F9
37F9
37F9
37F9
37F9
37F9
37F9
37F9
37F9
37F9
37F9
37F9
37F9
37F9
37F9
37F9
37F9
37F9
37F9
37F9
37F9
37F9
37F9
37F9
37F9
37F9
37F9
37F9
37F9
37F9
37F9
37F9
37F9
37F9
37F9
37F9
37F9
37F9
37F9
37F9
37F9
37F9
37F9
37F9
37F9
37F9
37F9
37F9
37F9
37F9
37F9
37F9
37F9
37F9
37F9
37F9
37F9
37F9
37F9
37F9
37F9
37F9
37F9
37F9
37F9
37F9
37F9
37F9
37F9
37F9
37F9
37F9
37F9
37F9
37F9
37F9
37F9
37F9
37F9
37F9
37F9
37F9
37F9
37F9
37F9
37F9
37F9
37F9
37F9
37F9
37F9
37F9
37F9
37F9
37F9
37F9
37F9
37F9
37F9
37F9
37F9
37F9
37F9
37F9
37F9
37F9
37F9
37F9
37F9
37F9
37F9
37F9
37F9
37F9
37F9
37F9
37F9
37F9
37F9
37F9
37F9
37F9
37F9
37F9
37F9
37F9
37F9
37F9
37F9
37F9
37F9
37F9
37F9
37F9
37F9
37F9
37F9
37F9
37F9
37F9
37F9
37F9
37F9
37F9
37F9
37F9
37F9
37F9
37F9
37F9
37F9
37F9
37F9
37F9
37F9
37F9
37F9
37F9
37F9
37F9
37F9
37F9
37F9
37F9
37F9
37F9
37F9
37F9
37F9
37F9
37F9
37F9
37F9
37F9
37F9
37F9
37F9
37F9
37F9
37F9
37F9
37F9
37F9
37F9
37F9
37F9
37F9
37F9
37F9
37F9
37F9
37F9
37F9
37F9
37F9
37F9
37F9
37F9
37F9
37F9
37F9
37F9
37F9
37F9
37F9
37F9
37F9
37F9
37F9
37F9
37F9
37F9
37F9
37F9
37F9
37F9
37F9
37F9
37F9
37F9
37F9
37F9
37F9
37F9
37F9
37F9
37F9
37F9
37F9
37F9
37F9
37F9
37F9
37F9
37F9
37F9
37F9
37F9
37F9
37F9
37F9
37F9
37F9
37F9
37F8
37F8
37F8
37F8
37F8
37F8
37F8
37F8
37F8
37F8
37F8
37F8
37F8
37F8
37F8
37F8
37F8
37F8
37F8
37F8
37F8
37F8
37F8
37F8
37F8
37F8
37F8
37F8
37F8
37F8
37F8
37F8
37F8
37F8
37F8
37F8
37F8
37F8
37F8
37F8
37F8
37F8
37F8
37F8
37F8
37F8
37F8
37F8
37F8
37F8
37F8
37F8
37F8
37F8
37F8
37F8
37F8
37F8
37F8
37F8
37F8
37F8
37F8
37F8
37F8
37F8
37F8
37F8
37F8
37F8
37F8
37F8
37F8
37F8
37F8
37F8
37F8
37F8
37F8
37F8
37F8
37F8
37F8
37F8
37F8
37F8
37F8
37F8
37F8
37F8
37F8
37F8
37F8
37F8
37F8
37F8
37F8
37F8
37F8
37F8
37F8
37F8
37F8
37F8
37F8
37F8
37F8
37F8
37F8
37F8
37F8
37F8
37F8
37F8
37F8
37F8
37F8
37F8
37F8
37F8
37F8
37F8
37F8
37F8
37F8
37F8
37F8
37F8
37F8
37F8
37F8
37F8
37F8
37F8
37F8
37F8
37F8
37F8
37F8
37F8
37F8
37F8
37F8
37F8
37F8
37F8
37F8
37F8
37F8
37F8
37F8
37F8
37F8
37F8
37F8
37F8
37F8
37F8
37F8
37F8
37F8
37F8
37F8
37F8
37F8
37F8
37F8
37F8
37F8
37F8
37F8
37F8
37F8
37F8
37F8
37F8
37F8
37F8
37F8
37F8
37F8
37F8
37F8
37F8
37F8
37F8
37F8
37F8
37F8
37F8
37F8
37F8
37F7
37F7
37F7
37F7
37F7
37F7
37F7
37F7
37F7
37F7
37F7
37F7
37F7
37F7
37F7
37F7
37F7
37F7
37F7
37F7
37F7
37F7
37F7
37F7
37F7
37F7
37F7
37F7
37F7
37F7
37F7
37F7
37F7
37F7
37F7
37F7
37F7
37F7
37F7
37F7
37F7
37F7
37F7
37F7
37F7
37F7
37F7
37F7
37F7
37F7
37F7
37F7
37F7
37F7
37F7
37F7
37F7
37F7
37F7
37F7
37F7
37F7
37F7
37F7
37F7
37F7
37F7
37F7
37F7
37F7
37F7
37F7
37F7
37F7
37F7
37F7
37F7
37F7
37F7
37F7
37F7
37F7
37F7
37F7
37F7
37F7
37F7
37F7
37F7
37F7
37F7
37F7
37F7
37F7
37F7
37F7
37F7
37F7
37F7
37F7
37F7
37F7
37F7
37F7
37F7
37F7
37F7
37F7
37F7
37F7
37F7
37F7
37F7
37F7
37F7
37F7
37F7
37F7
37F7
37F7
37F7
37F7
37F7
37F7
37F7
37F7
37F7
37F7
37F6
37F6
37F6
37F6
37F6
37F6
37F6
37F6
37F6
37F6
37F6
37F6
37F6
37F6
37F6
37F6
37F6
37F6
37F6
37F6
37F6
37F6
37F6
37F6
37F6
37F6
37F6
37F6
37F6
37F6
37F6
37F6
37F6
37F6
37F6
37F6
37F6
37F6
37F6
37F6
37F6
37F6
37F6
37F6
37F6
37F6
37F6
37F6
37F6
37F6
37F6
37F6
37F6
37F6
37F6
37F6
37F6
37F6
37F6
37F6
37F6
37F6
37F6
37F6
37F6
37F6
37F6
37F6
37F6
37F6
37F6
37F6
37F6
37F6
37F6
37F6
37F6
37F6
37F6
37F6
37F6
37F6
37F6
37F6
37F6
37F6
37F6
37F6
37F6
37F6
37F6
37F6
37F6
37F6
37F6
37F6
37F6
37F6
37F6
37F6
37F6
37F6
37F6
37F6
37F6
37F6
37F6
37F6
37F6
37F6
37F6
37F6
37F6
37F6
37F6
37F6
37F6
37F6
37F6
37F6
37F6
37F6
37F6
37F6
37F6
37F6
37F6
37F6
37F5
37F5
37F5
37F5
37F5
37F5
37F5
37F5
37F5
37F5
37F5
37F5
37F5
37F5
37F5
37F5
37F5
37F5
37F5
37F5
37F5
37F5
37F5
37F5
37F5
37F5
37F5
37F5
37F5
37F5
37F5
37F5
37F5
37F5
37F5
37F5
37F5
37F5
37F5
37F5
37F5
37F5
37F5
37F5
37F5
37F5
37F5
37F5
37F5
37F5
37F5
37F5
37F5
37F5
37F5
37F5
37F5
37F5
37F5
37F5
37F5
37F5
37F5
37F5
37F5
37F5
37F5
37F5
37F5
37F5
37F5
37F5
37F5
37F5
37F5
37F5
37F5
37F5
37F5
37F5
37F5
37F5
37F5
37F5
37F5
37F5
37F5
37F5
37F5
37F5
37F5
37F5
37F5
37F5
37F5
37F5
37F5
37F5
37F5
37F5
37F5
37F5
37F5
37F5
37F5
37F5
37F5
37F5
37F5
37F5
37F5
37F5
37F5
37F5
37F5
37F5
37F5
37F5
37F5
37F5
37F5
37F5
37F5
37F5
37F5
37F5
37F5
37F5
37F4
37F4
37F4
37F4
37F4
37F4
37F4
37F4
37F4
37F4
37F4
37F4
37F4
37F4
37F4
37F4
37F4
37F4
37F4
37F4
37F4
37F4
37F4
37F4
37F4
37F4
37F4
37F4
37F4
37F4
37F4
37F4
37F4
37F4
37F4
37F4
37F4
37F4
37F4
37F4
37F4
37F4
37F4
37F4
37F4
37F4
37F4
37F4
37F4
37F4
37F4
37F4
37F4
37F4
37F4
37F4
37F4
37F4
37F4
37F4
37F4
37F4
37F4
37F4
37F4
37F4
37F4
37F4
37F4
37F4
37F4
37F4
37F4
37F4
37F4
37F4
37F4
37F4
37F4
37F4
37F4
37F4
37F4
37F4
37F4
37F4
37F4
37F4
37F4
37F4
37F4
37F4
37F4
37F4
37F4
37F4
37F4
37F4
37F4
37F4
37F4
37F4
37F4
37F4
37F4
37F4
37F4
37F4
37F4
37F4
37F4
37F4
37F4
37F4
37F4
37F4
37F4
37F4
37F4
37F4
37F4
37F4
37F4
37F4
37F4
37F4
37F4
37F4
37F3
37F3
37F3
37F3
37F3
37F3
37F3
37F3
37F3
37F3
37F3
37F3
37F3
37F3
37F3
37F3
37F3
37F3
37F3
37F3
37F3
37F3
37F3
37F3
37F3
37F3
37F3
37F3
37F3
37F3
37F3
37F3
37F3
37F3
37F3
37F3
37F3
37F3
37F3
37F3
37F3
37F3
37F3
37F3
37F3
37F3
37F3
37F3
37F3
37F3
37F3
37F3
37F3
37F3
37F3
37F3
37F3
37F3
37F3
37F3
37F3
37F3
37F3
37F3
37F3
37F3
37F3
37F3
37F3
37F3
37F3
37F3
37F3
37F3
37F3
37F3
37F3
37F3
37F3
37F3
37F3
37F3
37F3
37F3
37F3
37F3
37F3
37F3
37F3
37F3
37F3
37F3
37F3
37F3
37F3
37F3
37F3
37F3
37F3
37F3
37F3
37F3
37F3
37F3
37F3
37F3
37F3
37F3
37F3
37F3
37F3
37F3
37F3
37F3
37F3
37F3
37F3
37F3
37F3
37F3
37F3
37F3
37F3
37F3
37F3
37F3
37F3
37F3
37F2
37F2
37F2
37F2
37F2
37F2
37F2
37F2
37F2
37F2
37F2
37F2
37F2
37F2
37F2
37F2
37F2
37F2
37F2
37F2
37F2
37F2
37F2
37F2
37F2
37F2
37F2
37F2
37F2
37F2
37F2
37F2
37F2
37F2
37F2
37F2
37F2
37F2
37F2
37F2
37F2
37F2
37F2
37F2
37F2
37F2
37F2
37F2
37F2
37F2
37F2
37F2
37F2
37F2
37F2
37F2
37F2
37F2
37F2
37F2
37F2
37F2
37F2
37F2
37F2
37F2
37F2
37F2
37F2
37F2
37F2
37F2
37F2
37F2
37F2
37F2
37F2
37F2
37F2
37F2
37F2
37F2
37F2
37F2
37F2
37F2
37F2
37F2
37F2
37F2
37F2
37F2
37F2
37F2
37F2
37F2
37F2
37F2
37F2
37F2
37F2
37F2
37F2
37F2
37F2
37F2
37F2
37F2
37F2
37F2
37F2
37F2
37F2
37F2
37F2
37F2
37F2
37F2
37F2
37F2
37F2
37F2
37F2
37F2
37F2
37F2
37F2
37F2
37F1
37F1
37F1
37F1
37F1
37F1
37F1
37F1
37F1
37F1
37F1
37F1
37F1
37F1
37F1
37F1
37F1
37F1
37F1
37F1
37F1
37F1
37F1
37F1
37F1
37F1
37F1
37F1
37F1
37F1
37F1
37F1
37F1
37F1
37F1
37F1
37F1
37F1
37F1
37F1
37F1
37F1
37F1
37F1
37F1
37F1
37F1
37F1
37F1
37F1
37F1
37F1
37F1
37F1
37F1
37F1
37F1
37F1
37F1
37F1
37F1
37F1
37F1
37F1
37F1
37F1
37F1
37F1
37F1
37F1
37F1
37F1
37F1
37F1
37F1
37F1
37F1
37F1
37F1
37F1
37F1
37F1
37F1
37F1
37F1
37F1
37F1
37F1
37F1
37F1
37F1
37F1
37F1
37F1
37F1
37F1
37F1
37F1
37F1
37F1
37F1
37F1
37F1
37F1
37F1
37F1
37F1
37F1
37F1
37F1
37F1
37F1
37F1
37F1
37F1
37F1
37F1
37F1
37F1
37F1
37F1
37F1
37F1
37F1
37F1
37F1
37F1
37F1
37F0
37F0
37F0
37F0
37F0
37F0
37F0
37F0
37F0
37F0
37F0
37F0
37F0
37F0
37F0
37F0
37F0
37F0
37F0
37F0
37F0
37F0
37F0
37F0
37F0
37F0
37F0
37F0
37F0
37F0
37F0
37F0
37F0
37F0
37F0
37F0
37F0
37F0
37F0
37F0
37F0
37F0
37F0
37F0
37F0
37F0
37F0
37F0
37F0
37F0
37F0
37F0
37F0
37F0
37F0
37F0
37F0
37F0
37F0
37F0
37F0
37F0
37F0
37F0
37F0
37F0
37F0
37F0
37F0
37F0
37F0
37F0
37F0
37F0
37F0
37F0
37F0
37F0
37F0
37F0
37F0
37F0
37F0
37F0
37F0
37F0
37F0
37F0
37F0
37F0
37F0
37F0
37F0
37F0
37F0
37F0
37EF
37EF
37EF
37EF
37EF
37EF
37EF
37EF
37EF
37EF
37EF
37EF
37EF
37EF
37EF
37EF
37EF
37EF
37EF
37EF
37EF
37EF
37EF
37EF
37EF
37EF
37EF
37EF
37EF
37EF
37EF
37EF
37EF
37EF
37EF
37EF
37EF
37EF
37EF
37EF
37EF
37EF
37EF
37EF
37EF
37EF
37EF
37EF
37EF
37EF
37EF
37EF
37EF
37EF
37EF
37EF
37EF
37EF
37EF
37EF
37EF
37EF
37EF
37EF
37EE
37EE
37EE
37EE
37EE
37EE
37EE
37EE
37EE
37EE
37EE
37EE
37EE
37EE
37EE
37EE
37EE
37EE
37EE
37EE
37EE
37EE
37EE
37EE
37EE
37EE
37EE
37EE
37EE
37EE
37EE
37EE
37EE
37EE
37EE
37EE
37EE
37EE
37EE
37EE
37EE
37EE
37EE
37EE
37EE
37EE
37EE
37EE
37EE
37EE
37EE
37EE
37EE
37EE
37EE
37EE
37EE
37EE
37EE
37EE
37EE
37EE
37EE
37EE
37ED
37ED
37ED
37ED
37ED
37ED
37ED
37ED
37ED
37ED
37ED
37ED
37ED
37ED
37ED
37ED
37ED
37ED
37ED
37ED
37ED
37ED
37ED
37ED
37ED
37ED
37ED
37ED
37ED
37ED
37ED
37ED
37ED
37ED
37ED
37ED
37ED
37ED
37ED
37ED
37ED
37ED
37ED
37ED
37ED
37ED
37ED
37ED
37ED
37ED
37ED
37ED
37ED
37ED
37ED
37ED
37ED
37ED
37ED
37ED
37ED
37ED
37ED
37ED
37EC
37EC
37EC
37EC
37EC
37EC
37EC
37EC
37EC
37EC
37EC
37EC
37EC
37EC
37EC
37EC
37EC
37EC
37EC
37EC
37EC
37EC
37EC
37EC
37EC
37EC
37EC
37EC
37EC
37EC
37EC
37EC
37EC
37EC
37EC
37EC
37EC
37EC
37EC
37EC
37EC
37EC
37EC
37EC
37EC
37EC
37EC
37EC
37EC
37EC
37EC
37EC
37EC
37EC
37EC
37EC
37EC
37EC
37EC
37EC
37EC
37EC
37EC
37EC
37EB
37EB
37EB
37EB
37EB
37EB
37EB
37EB
37EB
37EB
37EB
37EB
37EB
37EB
37EB
37EB
37EB
37EB
37EB
37EB
37EB
37EB
37EB
37EB
37EB
37EB
37EB
37EB
37EB
37EB
37EB
37EB
37EB
37EB
37EB
37EB
37EB
37EB
37EB
37EB
37EB
37EB
37EB
37EB
37EB
37EB
37EB
37EB
37EB
37EB
37EB
37EB
37EB
37EB
37EB
37EB
37EB
37EB
37EB
37EB
37EB
37EB
37EB
37EB
37EA
37EA
37EA
37EA
37EA
37EA
37EA
37EA
37EA
37EA
37EA
37EA
37EA
37EA
37EA
37EA
37EA
37EA
37EA
37EA
37EA
37EA
37EA
37EA
37EA
37EA
37EA
37EA
37EA
37EA
37EA
37EA
37EA
37EA
37EA
37EA
37EA
37EA
37EA
37EA
37EA
37EA
37EA
37EA
37EA
37EA
37EA
37EA
37EA
37EA
37EA
37EA
37EA
37EA
37EA
37EA
37EA
37EA
37EA
37EA
37EA
37EA
37EA
37EA
37E9
37E9
37E9
37E9
37E9
37E9
37E9
37E9
37E9
37E9
37E9
37E9
37E9
37E9
37E9
37E9
37E9
37E9
37E9
37E9
37E9
37E9
37E9
37E9
37E9
37E9
37E9
37E9
37E9
37E9
37E9
37E9
37E9
37E9
37E9
37E9
37E9
37E9
37E9
37E9
37E9
37E9
37E9
37E9
37E9
37E9
37E9
37E9
37E9
37E9
37E9
37E9
37E9
37E9
37E9
37E9
37E9
37E9
37E9
37E9
37E9
37E9
37E9
37E9
37E8
37E8
37E8
37E8
37E8
37E8
37E8
37E8
37E8
37E8
37E8
37E8
37E8
37E8
37E8
37E8
37E8
37E8
37E8
37E8
37E8
37E8
37E8
37E8
37E8
37E8
37E8
37E8
37E8
37E8
37E8
37E8
37E8
37E8
37E8
37E8
37E8
37E8
37E8
37E8
37E8
37E8
37E8
37E8
37E8
37E8
37E8
37E8
37E8
37E8
37E8
37E8
37E8
37E8
37E8
37E8
37E8
37E8
37E8
37E8
37E8
37E8
37E8
37E8
37E7
37E7
37E7
37E7
37E7
37E7
37E7
37E7
37E7
37E7
37E7
37E7
37E7
37E7
37E7
37E7
37E7
37E7
37E7
37E7
37E7
37E7
37E7
37E7
37E7
37E7
37E7
37E7
37E7
37E7
37E7
37E7
37E7
37E7
37E7
37E7
37E7
37E7
37E7
37E7
37E7
37E7
37E7
37E7
37E7
37E7
37E7
37E7
37E7
37E7
37E7
37E7
37E7
37E7
37E7
37E7
37E7
37E7
37E7
37E7
37E7
37E7
37E7
37E7
37E6
37E6
37E6
37E6
37E6
37E6
37E6
37E6
37E6
37E6
37E6
37E6
37E6
37E6
37E6
37E6
37E6
37E6
37E6
37E6
37E6
37E6
37E6
37E6
37E6
37E6
37E6
37E6
37E6
37E6
37E6
37E6
37E6
37E6
37E6
37E6
37E6
37E6
37E6
37E6
37E6
37E6
37E6
37E6
37E6
37E6
37E6
37E6
37E6
37E6
37E6
37E6
37E6
37E6
37E6
37E6
37E6
37E6
37E6
37E6
37E6
37E6
37E6
37E6
37E5
37E5
37E5
37E5
37E5
37E5
37E5
37E5
37E5
37E5
37E5
37E5
37E5
37E5
37E5
37E5
37E5
37E5
37E5
37E5
37E5
37E5
37E5
37E5
37E5
37E5
37E5
37E5
37E5
37E5
37E5
37E5
37E5
37E5
37E5
37E5
37E5
37E5
37E5
37E5
37E5
37E5
37E5
37E5
37E5
37E5
37E5
37E5
37E5
37E5
37E5
37E5
37E5
37E5
37E5
37E5
37E5
37E5
37E5
37E5
37E5
37E5
37E5
37E5
37E4
37E4
37E4
37E4
37E4
37E4
37E4
37E4
37E4
37E4
37E4
37E4
37E4
37E4
37E4
37E4
37E4
37E4
37E4
37E4
37E4
37E4
37E4
37E4
37E4
37E4
37E4
37E4
37E4
37E4
37E4
37E4
37E4
37E4
37E4
37E4
37E4
37E4
37E4
37E4
37E4
37E4
37E4
37E4
37E4
37E4
37E4
37E4
37E4
37E4
37E4
37E4
37E4
37E4
37E4
37E4
37E4
37E4
37E4
37E4
37E4
37E4
37E4
37E4
37E3
37E3
37E3
37E3
37E3
37E3
37E3
37E3
37E3
37E3
37E3
37E3
37E3
37E3
37E3
37E3
37E3
37E3
37E3
37E3
37E3
37E3
37E3
37E3
37E3
37E3
37E3
37E3
37E3
37E3
37E3
37E3
37E3
37E3
37E3
37E3
37E3
37E3
37E3
37E3
37E3
37E3
37E3
37E3
37E3
37E3
37E3
37E3
37E3
37E3
37E3
37E3
37E3
37E3
37E3
37E3
37E3
37E3
37E3
37E3
37E3
37E3
37E3
37E3
37E2
37E2
37E2
37E2
37E2
37E2
37E2
37E2
37E2
37E2
37E2
37E2
37E2
37E2
37E2
37E2
37E2
37E2
37E2
37E2
37E2
37E2
37E2
37E2
37E2
37E2
37E2
37E2
37E2
37E2
37E2
37E2
37E2
37E2
37E2
37E2
37E2
37E2
37E2
37E2
37E2
37E2
37E2
37E2
37E2
37E2
37E2
37E2
37E2
37E2
37E2
37E2
37E2
37E2
37E2
37E2
37E2
37E2
37E2
37E2
37E2
37E2
37E2
37E2
37E1
37E1
37E1
37E1
37E1
37E1
37E1
37E1
37E1
37E1
37E1
37E1
37E1
37E1
37E1
37E1
37E1
37E1
37E1
37E1
37E1
37E1
37E1
37E1
37E1
37E1
37E1
37E1
37E1
37E1
37E1
37E1
37E1
37E1
37E1
37E1
37E1
37E1
37E1
37E1
37E1
37E1
37E1
37E1
37E1
37E1
37E1
37E1
37E1
37E1
37E1
37E1
37E1
37E1
37E1
37E1
37E1
37E1
37E1
37E1
37E1
37E1
37E1
37E1
37E0
37E0
37E0
37E0
37E0
37E0
37E0
37E0
37E0
37E0
37E0
37E0
37E0
37E0
37E0
37E0
37E0
37E0
37E0
37E0
37E0
37E0
37E0
37E0
37E0
37E0
37E0
37E0
37E0
37E0
37E0
37E0
37E0
37E0
37E0
37E0
37E0
37E0
37E0
37E0
37E0
37E0
37E0
37E0
37E0
37E0
37E0
37E0
37DF
37DF
37DF
37DF
37DF
37DF
37DF
37DF
37DF
37DF
37DF
37DF
37DF
37DF
37DF
37DF
37DF
37DF
37DF
37DF
37DF
37DF
37DF
37DF
37DF
37DF
37DF
37DF
37DF
37DF
37DF
37DF
37DE
37DE
37DE
37DE
37DE
37DE
37DE
37DE
37DE
37DE
37DE
37DE
37DE
37DE
37DE
37DE
37DE
37DE
37DE
37DE
37DE
37DE
37DE
37DE
37DE
37DE
37DE
37DE
37DE
37DE
37DE
37DE
37DD
37DD
37DD
37DD
37DD
37DD
37DD
37DD
37DD
37DD
37DD
37DD
37DD
37DD
37DD
37DD
37DD
37DD
37DD
37DD
37DD
37DD
37DD
37DD
37DD
37DD
37DD
37DD
37DD
37DD
37DD
37DD
37DC
37DC
37DC
37DC
37DC
37DC
37DC
37DC
37DC
37DC
37DC
37DC
37DC
37DC
37DC
37DC
37DC
37DC
37DC
37DC
37DC
37DC
37DC
37DC
37DC
37DC
37DC
37DC
37DC
37DC
37DC
37DC
37DB
37DB
37DB
37DB
37DB
37DB
37DB
37DB
37DB
37DB
37DB
37DB
37DB
37DB
37DB
37DB
37DB
37DB
37DB
37DB
37DB
37DB
37DB
37DB
37DB
37DB
37DB
37DB
37DB
37DB
37DB
37DB
37DA
37DA
37DA
37DA
37DA
37DA
37DA
37DA
37DA
37DA
37DA
37DA
37DA
37DA
37DA
37DA
37DA
37DA
37DA
37DA
37DA
37DA
37DA
37DA
37DA
37DA
37DA
37DA
37DA
37DA
37DA
37DA
37D9
37D9
37D9
37D9
37D9
37D9
37D9
37D9
37D9
37D9
37D9
37D9
37D9
37D9
37D9
37D9
37D9
37D9
37D9
37D9
37D9
37D9
37D9
37D9
37D9
37D9
37D9
37D9
37D9
37D9
37D9
37D9
37D8
37D8
37D8
37D8
37D8
37D8
37D8
37D8
37D8
37D8
37D8
37D8
37D8
37D8
37D8
37D8
37D8
37D8
37D8
37D8
37D8
37D8
37D8
37D8
37D8
37D8
37D8
37D8
37D8
37D8
37D8
37D8
37D7
37D7
37D7
37D7
37D7
37D7
37D7
37D7
37D7
37D7
37D7
37D7
37D7
37D7
37D7
37D7
37D7
37D7
37D7
37D7
37D7
37D7
37D7
37D7
37D7
37D7
37D7
37D7
37D7
37D7
37D7
37D7
37D6
37D6
37D6
37D6
37D6
37D6
37D6
37D6
37D6
37D6
37D6
37D6
37D6
37D6
37D6
37D6
37D6
37D6
37D6
37D6
37D6
37D6
37D6
37D6
37D6
37D6
37D6
37D6
37D6
37D6
37D6
37D6
37D5
37D5
37D5
37D5
37D5
37D5
37D5
37D5
37D5
37D5
37D5
37D5
37D5
37D5
37D5
37D5
37D5
37D5
37D5
37D5
37D5
37D5
37D5
37D5
37D5
37D5
37D5
37D5
37D5
37D5
37D5
37D5
37D4
37D4
37D4
37D4
37D4
37D4
37D4
37D4
37D4
37D4
37D4
37D4
37D4
37D4
37D4
37D4
37D4
37D4
37D4
37D4
37D4
37D4
37D4
37D4
37D4
37D4
37D4
37D4
37D4
37D4
37D4
37D4
37D3
37D3
37D3
37D3
37D3
37D3
37D3
37D3
37D3
37D3
37D3
37D3
37D3
37D3
37D3
37D3
37D3
37D3
37D3
37D3
37D3
37D3
37D3
37D3
37D3
37D3
37D3
37D3
37D3
37D3
37D3
37D3
37D2
37D2
37D2
37D2
37D2
37D2
37D2
37D2
37D2
37D2
37D2
37D2
37D2
37D2
37D2
37D2
37D2
37D2
37D2
37D2
37D2
37D2
37D2
37D2
37D2
37D2
37D2
37D2
37D2
37D2
37D2
37D2
37D1
37D1
37D1
37D1
37D1
37D1
37D1
37D1
37D1
37D1
37D1
37D1
37D1
37D1
37D1
37D1
37D1
37D1
37D1
37D1
37D1
37D1
37D1
37D1
37D1
37D1
37D1
37D1
37D1
37D1
37D1
37D1
37D0
37D0
37D0
37D0
37D0
37D0
37D0
37D0
37D0
37D0
37D0
37D0
37D0
37D0
37D0
37D0
37D0
37D0
37D0
37D0
37D0
37D0
37D0
37D0
37D0
37D0
37D0
37D0
37D0
37D0
37D0
37D0
37CF
37CF
37CF
37CF
37CF
37CF
37CF
37CF
37CF
37CF
37CF
37CF
37CF
37CF
37CF
37CF
37CF
37CF
37CF
37CF
37CF
37CF
37CF
37CF
37CF
37CF
37CF
37CF
37CF
37CF
37CF
37CF
37CE
37CE
37CE
37CE
37CE
37CE
37CE
37CE
37CE
37CE
37CE
37CE
37CE
37CE
37CE
37CE
37CE
37CE
37CE
37CE
37CE
37CE
37CE
37CE
37CE
37CE
37CE
37CE
37CE
37CE
37CE
37CE
37CD
37CD
37CD
37CD
37CD
37CD
37CD
37CD
37CD
37CD
37CD
37CD
37CD
37CD
37CD
37CD
37CD
37CD
37CD
37CD
37CD
37CD
37CD
37CD
37CD
37CD
37CD
37CD
37CD
37CD
37CD
37CD
37CC
37CC
37CC
37CC
37CC
37CC
37CC
37CC
37CC
37CC
37CC
37CC
37CC
37CC
37CC
37CC
37CC
37CC
37CC
37CC
37CC
37CC
37CC
37CC
37CC
37CC
37CC
37CC
37CC
37CC
37CC
37CC
37CB
37CB
37CB
37CB
37CB
37CB
37CB
37CB
37CB
37CB
37CB
37CB
37CB
37CB
37CB
37CB
37CB
37CB
37CB
37CB
37CB
37CB
37CB
37CB
37CB
37CB
37CB
37CB
37CB
37CB
37CB
37CB
37CA
37CA
37CA
37CA
37CA
37CA
37CA
37CA
37CA
37CA
37CA
37CA
37CA
37CA
37CA
37CA
37CA
37CA
37CA
37CA
37CA
37CA
37CA
37CA
37CA
37CA
37CA
37CA
37CA
37CA
37CA
37CA
37C9
37C9
37C9
37C9
37C9
37C9
37C9
37C9
37C9
37C9
37C9
37C9
37C9
37C9
37C9
37C9
37C9
37C9
37C9
37C9
37C9
37C9
37C9
37C9
37C9
37C9
37C9
37C9
37C9
37C9
37C9
37C9
37C8
37C8
37C8
37C8
37C8
37C8
37C8
37C8
37C8
37C8
37C8
37C8
37C8
37C8
37C8
37C8
37C8
37C8
37C8
37C8
37C8
37C8
37C8
37C8
37C8
37C8
37C8
37C8
37C8
37C8
37C8
37C8
37C7
37C7
37C7
37C7
37C7
37C7
37C7
37C7
37C7
37C7
37C7
37C7
37C7
37C7
37C7
37C7
37C7
37C7
37C7
37C7
37C7
37C7
37C7
37C7
37C7
37C7
37C7
37C7
37C7
37C7
37C7
37C7
37C6
37C6
37C6
37C6
37C6
37C6
37C6
37C6
37C6
37C6
37C6
37C6
37C6
37C6
37C6
37C6
37C6
37C6
37C6
37C6
37C6
37C6
37C6
37C6
37C6
37C6
37C6
37C6
37C6
37C6
37C6
37C6
37C5
37C5
37C5
37C5
37C5
37C5
37C5
37C5
37C5
37C5
37C5
37C5
37C5
37C5
37C5
37C5
37C5
37C5
37C5
37C5
37C5
37C5
37C5
37C5
37C5
37C5
37C5
37C5
37C5
37C5
37C5
37C5
37C4
37C4
37C4
37C4
37C4
37C4
37C4
37C4
37C4
37C4
37C4
37C4
37C4
37C4
37C4
37C4
37C4
37C4
37C4
37C4
37C4
37C4
37C4
37C4
37C4
37C4
37C4
37C4
37C4
37C4
37C4
37C4
37C3
37C3
37C3
37C3
37C3
37C3
37C3
37C3
37C3
37C3
37C3
37C3
37C3
37C3
37C3
37C3
37C3
37C3
37C3
37C3
37C3
37C3
37C3
37C3
37C3
37C3
37C3
37C3
37C3
37C3
37C3
37C3
37C2
37C2
37C2
37C2
37C2
37C2
37C2
37C2
37C2
37C2
37C2
37C2
37C2
37C2
37C2
37C2
37C2
37C2
37C2
37C2
37C2
37C2
37C2
37C2
37C2
37C2
37C2
37C2
37C2
37C2
37C2
37C2
37C1
37C1
37C1
37C1
37C1
37C1
37C1
37C1
37C1
37C1
37C1
37C1
37C1
37C1
37C1
37C1
37C1
37C1
37C1
37C1
37C1
37C1
37C1
37C1
37C1
37C1
37C1
37C1
37C1
37C1
37C1
37C1
37C0
37C0
37C0
37C0
37C0
37C0
37C0
37C0
37C0
37C0
37C0
37C0
37C0
37C0
37C0
37C0
37C0
37C0
37C0
37C0
37C0
37C0
37C0
37C0
37BF
37BF
37BF
37BF
37BF
37BF
37BF
37BF
37BF
37BF
37BF
37BF
37BF
37BF
37BF
37BF
37BE
37BE
37BE
37BE
37BE
37BE
37BE
37BE
37BE
37BE
37BE
37BE
37BE
37BE
37BE
37BE
37BD
37BD
37BD
37BD
37BD
37BD
37BD
37BD
37BD
37BD
37BD
37BD
37BD
37BD
37BD
37BD
37BC
37BC
37BC
37BC
37BC
37BC
37BC
37BC
37BC
37BC
37BC
37BC
37BC
37BC
37BC
37BC
37BB
37BB
37BB
37BB
37BB
37BB
37BB
37BB
37BB
37BB
37BB
37BB
37BB
37BB
37BB
37BB
37BA
37BA
37BA
37BA
37BA
37BA
37BA
37BA
37BA
37BA
37BA
37BA
37BA
37BA
37BA
37BA
37B9
37B9
37B9
37B9
37B9
37B9
37B9
37B9
37B9
37B9
37B9
37B9
37B9
37B9
37B9
37B9
37B8
37B8
37B8
37B8
37B8
37B8
37B8
37B8
37B8
37B8
37B8
37B8
37B8
37B8
37B8
37B8
37B7
37B7
37B7
37B7
37B7
37B7
37B7
37B7
37B7
37B7
37B7
37B7
37B7
37B7
37B7
37B7
37B6
37B6
37B6
37B6
37B6
37B6
37B6
37B6
37B6
37B6
37B6
37B6
37B6
37B6
37B6
37B6
37B5
37B5
37B5
37B5
37B5
37B5
37B5
37B5
37B5
37B5
37B5
37B5
37B5
37B5
37B5
37B5
37B4
37B4
37B4
37B4
37B4
37B4
37B4
37B4
37B4
37B4
37B4
37B4
37B4
37B4
37B4
37B4
37B3
37B3
37B3
37B3
37B3
37B3
37B3
37B3
37B3
37B3
37B3
37B3
37B3
37B3
37B3
37B3
37B2
37B2
37B2
37B2
37B2
37B2
37B2
37B2
37B2
37B2
37B2
37B2
37B2
37B2
37B2
37B2
37B1
37B1
37B1
37B1
37B1
37B1
37B1
37B1
37B1
37B1
37B1
37B1
37B1
37B1
37B1
37B1
37B0
37B0
37B0
37B0
37B0
37B0
37B0
37B0
37B0
37B0
37B0
37B0
37B0
37B0
37B0
37B0
37AF
37AF
37AF
37AF
37AF
37AF
37AF
37AF
37AF
37AF
37AF
37AF
37AF
37AF
37AF
37AF
37AE
37AE
37AE
37AE
37AE
37AE
37AE
37AE
37AE
37AE
37AE
37AE
37AE
37AE
37AE
37AE
37AD
37AD
37AD
37AD
37AD
37AD
37AD
37AD
37AD
37AD
37AD
37AD
37AD
37AD
37AD
37AD
37AC
37AC
37AC
37AC
37AC
37AC
37AC
37AC
37AC
37AC
37AC
37AC
37AC
37AC
37AC
37AC
37AB
37AB
37AB
37AB
37AB
37AB
37AB
37AB
37AB
37AB
37AB
37AB
37AB
37AB
37AB
37AB
37AA
37AA
37AA
37AA
37AA
37AA
37AA
37AA
37AA
37AA
37AA
37AA
37AA
37AA
37AA
37AA
37A9
37A9
37A9
37A9
37A9
37A9
37A9
37A9
37A9
37A9
37A9
37A9
37A9
37A9
37A9
37A9
37A8
37A8
37A8
37A8
37A8
37A8
37A8
37A8
37A8
37A8
37A8
37A8
37A8
37A8
37A8
37A8
37A7
37A7
37A7
37A7
37A7
37A7
37A7
37A7
37A7
37A7
37A7
37A7
37A7
37A7
37A7
37A7
37A6
37A6
37A6
37A6
37A6
37A6
37A6
37A6
37A6
37A6
37A6
37A6
37A6
37A6
37A6
37A6
37A5
37A5
37A5
37A5
37A5
37A5
37A5
37A5
37A5
37A5
37A5
37A5
37A5
37A5
37A5
37A5
37A4
37A4
37A4
37A4
37A4
37A4
37A4
37A4
37A4
37A4
37A4
37A4
37A4
37A4
37A4
37A4
37A4
37A3
37A3
37A3
37A3
37A3
37A3
37A3
37A3
37A3
37A3
37A3
37A3
37A3
37A3
37A3
37A3
37A2
37A2
37A2
37A2
37A2
37A2
37A2
37A2
37A2
37A2
37A2
37A2
37A2
37A2
37A2
37A2
37A1
37A1
37A1
37A1
37A1
37A1
37A1
37A1
37A1
37A1
37A1
37A1
37A1
37A1
37A1
37A1
37A0
37A0
37A0
37A0
37A0
37A0
37A0
37A0
37A0
37A0
37A0
37A0
37A0
37A0
37A0
37A0
379F
379F
379F
379F
379F
379F
379F
379F
379F
379F
379F
379F
379F
379F
379F
379F
379E
379E
379E
379E
379E
379E
379E
379E
379E
379E
379E
379E
379E
379E
379E
379E
379D
379D
379D
379D
379D
379D
379D
379D
379D
379D
379D
379D
379D
379D
379D
379D
379C
379C
379C
379C
379C
379C
379C
379C
379C
379C
379C
379C
379C
379C
379C
379C
379B
379B
379B
379B
379B
379B
379B
379B
379B
379B
379B
379B
379B
379B
379B
379B
379A
379A
379A
379A
379A
379A
379A
379A
379A
379A
379A
379A
379A
379A
379A
379A
3799
3799
3799
3799
3799
3799
3799
3799
3799
3799
3799
3799
3799
3799
3799
3799
3798
3798
3798
3798
3798
3798
3798
3798
3798
3798
3798
3798
3798
3798
3798
3798
3797
3797
3797
3797
3797
3797
3797
3797
3797
3797
3797
3797
3797
3797
3797
3797
3796
3796
3796
3796
3796
3796
3796
3796
3796
3796
3796
3796
3796
3796
3796
3796
3795
3795
3795
3795
3795
3795
3795
3795
3795
3795
3795
3795
3795
3795
3795
3795
3794
3794
3794
3794
3794
3794
3794
3794
3794
3794
3794
3794
3794
3794
3794
3794
3793
3793
3793
3793
3793
3793
3793
3793
3793
3793
3793
3793
3793
3793
3793
3793
3792
3792
3792
3792
3792
3792
3792
3792
3792
3792
3792
3792
3792
3792
3792
3792
3791
3791
3791
3791
3791
3791
3791
3791
3791
3791
3791
3791
3791
3791
3791
3791
3790
3790
3790
3790
3790
3790
3790
3790
3790
3790
3790
3790
3790
3790
3790
3790
378F
378F
378F
378F
378F
378F
378F
378F
378F
378F
378F
378F
378F
378F
378F
378F
378E
378E
378E
378E
378E
378E
378E
378E
378E
378E
378E
378E
378E
378E
378E
378E
378D
378D
378D
378D
378D
378D
378D
378D
378D
378D
378D
378D
378D
378D
378D
378D
378C
378C
378C
378C
378C
378C
378C
378C
378C
378C
378C
378C
378C
378C
378C
378C
378C
378B
378B
378B
378B
378B
378B
378B
378B
378B
378B
378B
378B
378B
378B
378B
378B
378A
378A
378A
378A
378A
378A
378A
378A
378A
378A
378A
378A
378A
378A
378A
378A
3789
3789
3789
3789
3789
3789
3789
3789
3789
3789
3789
3789
3789
3789
3789
3789
3788
3788
3788
3788
3788
3788
3788
3788
3788
3788
3788
3788
3788
3788
3788
3788
3787
3787
3787
3787
3787
3787
3787
3787
3787
3787
3787
3787
3787
3787
3787
3787
3786
3786
3786
3786
3786
3786
3786
3786
3786
3786
3786
3786
3786
3786
3786
3786
3785
3785
3785
3785
3785
3785
3785
3785
3785
3785
3785
3785
3785
3785
3785
3785
3784
3784
3784
3784
3784
3784
3784
3784
3784
3784
3784
3784
3784
3784
3784
3784
3783
3783
3783
3783
3783
3783
3783
3783
3783
3783
3783
3783
3783
3783
3783
3783
3782
3782
3782
3782
3782
3782
3782
3782
3782
3782
3782
3782
3782
3782
3782
3782
3781
3781
3781
3781
3781
3781
3781
3781
3781
3781
3781
3781
3781
3781
3781
3781
3780
3780
3780
3780
3780
3780
3780
3780
3780
3780
3780
377F
377F
377F
377F
377F
377F
377F
377F
377E
377E
377E
377E
377E
377E
377E
377E
377D
377D
377D
377D
377D
377D
377D
377D
377C
377C
377C
377C
377C
377C
377C
377C
377B
377B
377B
377B
377B
377B
377B
377B
377A
377A
377A
377A
377A
377A
377A
377A
3779
3779
3779
3779
3779
3779
3779
3779
3778
3778
3778
3778
3778
3778
3778
3778
3777
3777
3777
3777
3777
3777
3777
3777
3776
3776
3776
3776
3776
3776
3776
3776
3775
3775
3775
3775
3775
3775
3775
3775
3774
3774
3774
3774
3774
3774
3774
3774
3773
3773
3773
3773
3773
3773
3773
3773
3772
3772
3772
3772
3772
3772
3772
3772
3771
3771
3771
3771
3771
3771
3771
3771
3770
3770
3770
3770
3770
3770
3770
3770
376F
376F
376F
376F
376F
376F
376F
376F
376E
376E
376E
376E
376E
376E
376E
376E
376E
376D
376D
376D
376D
376D
376D
376D
376D
376C
376C
376C
376C
376C
376C
376C
376C
376B
376B
376B
376B
376B
376B
376B
376B
376A
376A
376A
376A
376A
376A
376A
376A
3769
3769
3769
3769
3769
3769
3769
3769
3768
3768
3768
3768
3768
3768
3768
3768
3767
3767
3767
3767
3767
3767
3767
3767
3766
3766
3766
3766
3766
3766
3766
3766
3765
3765
3765
3765
3765
3765
3765
3765
3764
3764
3764
3764
3764
3764
3764
3764
3763
3763
3763
3763
3763
3763
3763
3763
3762
3762
3762
3762
3762
3762
3762
3762
3761
3761
3761
3761
3761
3761
3761
3761
3760
3760
3760
3760
3760
3760
3760
3760
375F
375F
375F
375F
375F
375F
375F
375F
375E
375E
375E
375E
375E
375E
375E
375E
375D
375D
375D
375D
375D
375D
375D
375D
375C
375C
375C
375C
375C
375C
375C
375C
375B
375B
375B
375B
375B
375B
375B
375B
375A
375A
375A
375A
375A
375A
375A
375A
3759
3759
3759
3759
3759
3759
3759
3759
3758
3758
3758
3758
3758
3758
3758
3758
3758
3757
3757
3757
3757
3757
3757
3757
3757
3756
3756
3756
3756
3756
3756
3756
3756
3755
3755
3755
3755
3755
3755
3755
3755
3754
3754
3754
3754
3754
3754
3754
3754
3753
3753
3753
3753
3753
3753
3753
3753
3752
3752
3752
3752
3752
3752
3752
3752
3751
3751
3751
3751
3751
3751
3751
3751
3750
3750
3750
3750
3750
3750
3750
3750
374F
374F
374F
374F
374F
374F
374F
374F
374E
374E
374E
374E
374E
374E
374E
374E
374D
374D
374D
374D
374D
374D
374D
374D
374C
374C
374C
374C
374C
374C
374C
374C
374B
374B
374B
374B
374B
374B
374B
374B
374A
374A
374A
374A
374A
374A
374A
374A
3749
3749
3749
3749
3749
3749
3749
3749
3748
3748
3748
3748
3748
3748
3748
3748
3748
3747
3747
3747
3747
3747
3747
3747
3747
3746
3746
3746
3746
3746
3746
3746
3746
3745
3745
3745
3745
3745
3745
3745
3745
3744
3744
3744
3744
3744
3744
3744
3744
3743
3743
3743
3743
3743
3743
3743
3743
3742
3742
3742
3742
3742
3742
3742
3742
3741
3741
3741
3741
3741
3741
3741
3741
3740
3740
3740
3740
3740
3740
3740
3740
373F
373F
373F
373F
373F
373F
373F
373F
373E
373E
373E
373E
373E
373E
373E
373E
373D
373D
373D
373D
373D
373D
373D
373D
373C
373C
373C
373C
373C
373C
373C
373C
373B
373B
373B
373B
373B
373B
373B
373B
373A
373A
373A
373A
373A
373A
373A
373A
373A
3739
3739
3739
3739
3739
3739
3739
3739
3738
3738
3738
3738
3738
3738
3738
3738
3737
3737
3737
3737
3737
3737
3737
3737
3736
3736
3736
3736
3736
3736
3736
3736
3735
3735
3735
3735
3735
3735
3735
3735
3734
3734
3734
3734
3734
3734
3734
3734
3733
3733
3733
3733
3733
3733
3733
3733
3732
3732
3732
3732
3732
3732
3732
3732
3731
3731
3731
3731
3731
3731
3731
3731
3730
3730
3730
3730
3730
3730
3730
3730
372F
372F
372F
372F
372F
372F
372F
372F
372E
372E
372E
372E
372E
372E
372E
372E
372D
372D
372D
372D
372D
372D
372D
372D
372D
372C
372C
372C
372C
372C
372C
372C
372C
372B
372B
372B
372B
372B
372B
372B
372B
372A
372A
372A
372A
372A
372A
372A
372A
3729
3729
3729
3729
3729
3729
3729
3729
3728
3728
3728
3728
3728
3728
3728
3728
3727
3727
3727
3727
3727
3727
3727
3727
3726
3726
3726
3726
3726
3726
3726
3726
3725
3725
3725
3725
3725
3725
3725
3725
3724
3724
3724
3724
3724
3724
3724
3724
3723
3723
3723
3723
3723
3723
3723
3723
3722
3722
3722
3722
3722
3722
3722
3722
3722
3721
3721
3721
3721
3721
3721
3721
3721
3720
3720
3720
3720
3720
3720
3720
3720
371F
371F
371F
371F
371F
371F
371F
371F
371E
371E
371E
371E
371E
371E
371E
371E
371D
371D
371D
371D
371D
371D
371D
371D
371C
371C
371C
371C
371C
371C
371C
371C
371B
371B
371B
371B
371B
371B
371B
371B
371A
371A
371A
371A
371A
371A
371A
371A
3719
3719
3719
3719
3719
3719
3719
3719
3718
3718
3718
3718
3718
3718
3718
3718
3718
3717
3717
3717
3717
3717
3717
3717
3717
3716
3716
3716
3716
3716
3716
3716
3716
3715
3715
3715
3715
3715
3715
3715
3715
3714
3714
3714
3714
3714
3714
3714
3714
3713
3713
3713
3713
3713
3713
3713
3713
3712
3712
3712
3712
3712
3712
3712
3712
3711
3711
3711
3711
3711
3711
3711
3711
3710
3710
3710
3710
3710
3710
3710
3710
370F
370F
370F
370F
370F
370F
370F
370F
370F
370E
370E
370E
370E
370E
370E
370E
370E
370D
370D
370D
370D
370D
370D
370D
370D
370C
370C
370C
370C
370C
370C
370C
370C
370B
370B
370B
370B
370B
370B
370B
370B
370A
370A
370A
370A
370A
370A
370A
370A
3709
3709
3709
3709
3709
3709
3709
3709
3708
3708
3708
3708
3708
3708
3708
3708
3707
3707
3707
3707
3707
3707
3707
3707
3706
3706
3706
3706
3706
3706
3706
3706
3706
3705
3705
3705
3705
3705
3705
3705
3705
3704
3704
3704
3704
3704
3704
3704
3704
3703
3703
3703
3703
3703
3703
3703
3703
3702
3702
3702
3702
3702
3702
3702
3702
3701
3701
3701
3701
3701
3700
3700
3700
3700
36FF
36FF
36FF
36FF
36FE
36FE
36FE
36FE
36FD
36FD
36FD
36FD
36FC
36FC
36FC
36FC
36FB
36FB
36FB
36FB
36FA
36FA
36FA
36FA
36F9
36F9
36F9
36F9
36F8
36F8
36F8
36F8
36F7
36F7
36F7
36F7
36F7
36F6
36F6
36F6
36F6
36F5
36F5
36F5
36F5
36F4
36F4
36F4
36F4
36F3
36F3
36F3
36F3
36F2
36F2
36F2
36F2
36F1
36F1
36F1
36F1
36F0
36F0
36F0
36F0
36EF
36EF
36EF
36EF
36EE
36EE
36EE
36EE
36ED
36ED
36ED
36ED
36EC
36EC
36EC
36EC
36EB
36EB
36EB
36EB
36EA
36EA
36EA
36EA
36E9
36E9
36E9
36E9
36E9
36E8
36E8
36E8
36E8
36E7
36E7
36E7
36E7
36E6
36E6
36E6
36E6
36E5
36E5
36E5
36E5
36E4
36E4
36E4
36E4
36E3
36E3
36E3
36E3
36E2
36E2
36E2
36E2
36E1
36E1
36E1
36E1
36E0
36E0
36E0
36E0
36DF
36DF
36DF
36DF
36DE
36DE
36DE
36DE
36DD
36DD
36DD
36DD
36DC
36DC
36DC
36DC
36DC
36DB
36DB
36DB
36DB
36DA
36DA
36DA
36DA
36D9
36D9
36D9
36D9
36D8
36D8
36D8
36D8
36D7
36D7
36D7
36D7
36D6
36D6
36D6
36D6
36D5
36D5
36D5
36D5
36D4
36D4
36D4
36D4
36D3
36D3
36D3
36D3
36D2
36D2
36D2
36D2
36D1
36D1
36D1
36D1
36D1
36D0
36D0
36D0
36D0
36CF
36CF
36CF
36CF
36CE
36CE
36CE
36CE
36CD
36CD
36CD
36CD
36CC
36CC
36CC
36CC
36CB
36CB
36CB
36CB
36CA
36CA
36CA
36CA
36C9
36C9
36C9
36C9
36C8
36C8
36C8
36C8
36C7
36C7
36C7
36C7
36C6
36C6
36C6
36C6
36C6
36C5
36C5
36C5
36C5
36C4
36C4
36C4
36C4
36C3
36C3
36C3
36C3
36C2
36C2
36C2
36C2
36C1
36C1
36C1
36C1
36C0
36C0
36C0
36C0
36BF
36BF
36BF
36BF
36BE
36BE
36BE
36BE
36BD
36BD
36BD
36BD
36BC
36BC
36BC
36BC
36BC
36BB
36BB
36BB
36BB
36BA
36BA
36BA
36BA
36B9
36B9
36B9
36B9
36B8
36B8
36B8
36B8
36B7
36B7
36B7
36B7
36B6
36B6
36B6
36B6
36B5
36B5
36B5
36B5
36B4
36B4
36B4
36B4
36B3
36B3
36B3
36B3
36B2
36B2
36B2
36B2
36B2
36B1
36B1
36B1
36B1
36B0
36B0
36B0
36B0
36AF
36AF
36AF
36AF
36AE
36AE
36AE
36AE
36AD
36AD
36AD
36AD
36AC
36AC
36AC
36AC
36AB
36AB
36AB
36AB
36AA
36AA
36AA
36AA
36A9
36A9
36A9
36A9
36A9
36A8
36A8
36A8
36A8
36A7
36A7
36A7
36A7
36A6
36A6
36A6
36A6
36A5
36A5
36A5
36A5
36A4
36A4
36A4
36A4
36A3
36A3
36A3
36A3
36A2
36A2
36A2
36A2
36A1
36A1
36A1
36A1
36A1
36A0
36A0
36A0
36A0
369F
369F
369F
369F
369E
369E
369E
369E
369D
369D
369D
369D
369C
369C
369C
369C
369B
369B
369B
369B
369A
369A
369A
369A
3699
3699
3699
3699
3699
3698
3698
3698
3698
3697
3697
3697
3697
3696
3696
3696
3696
3695
3695
3695
3695
3694
3694
3694
3694
3693
3693
3693
3693
3692
3692
3692
3692
3691
3691
3691
3691
3691
3690
3690
3690
3690
368F
368F
368F
368F
368E
368E
368E
368E
368D
368D
368D
368D
368C
368C
368C
368C
368B
368B
368B
368B
368A
368A
368A
368A
368A
3689
3689
3689
3689
3688
3688
3688
3688
3687
3687
3687
3687
3686
3686
3686
3686
3685
3685
3685
3685
3684
3684
3684
3684
3683
3683
3683
3683
3683
3682
3682
3682
3682
3681
3681
3681
3681
3680
3680
3680
3680
367F
367F
367F
367F
367E
367E
367E
367E
367D
367D
367D
367D
367C
367C
367C
367C
367C
367B
367B
367B
367B
367A
367A
367A
367A
3679
3679
3679
3679
3678
3678
3678
3678
3677
3677
3677
3677
3676
3676
3676
3676
3675
3675
3675
3675
3675
3674
3674
3674
3674
3673
3673
3673
3673
3672
3672
3672
3672
3671
3671
3671
3671
3670
3670
3670
3670
366F
366F
366F
366F
366F
366E
366E
366E
366E
366D
366D
366D
366D
366C
366C
366C
366C
366B
366B
366B
366B
366A
366A
366A
366A
3669
3669
3669
3669
3669
3668
3668
3668
3668
3667
3667
3667
3667
3666
3666
3666
3666
3665
3665
3665
3665
3664
3664
3664
3664
3663
3663
3663
3663
3663
3662
3662
3662
3662
3661
3661
3661
3661
3660
3660
3660
3660
365F
365F
365F
365F
365E
365E
365E
365E
365D
365D
365D
365D
365D
365C
365C
365C
365C
365B
365B
365B
365B
365A
365A
365A
365A
3659
3659
3659
3659
3658
3658
3658
3658
3657
3657
3657
3657
3657
3656
3656
3656
3656
3655
3655
3655
3655
3654
3654
3654
3654
3653
3653
3653
3653
3652
3652
3652
3652
3652
3651
3651
3651
3651
3650
3650
3650
3650
364F
364F
364F
364F
364E
364E
364E
364E
364D
364D
364D
364D
364C
364C
364C
364C
364C
364B
364B
364B
364B
364A
364A
364A
364A
3649
3649
3649
3649
3648
3648
3648
3648
3647
3647
3647
3647
3647
3646
3646
3646
3646
3645
3645
3645
3645
3644
3644
3644
3644
3643
3643
3643
3643
3642
3642
3642
3642
3642
3641
3641
3641
3641
3640
3640
3640
3640
363F
363F
363F
363F
363E
363E
363E
363E
363D
363D
363D
363D
363D
363C
363C
363C
363C
363B
363B
363B
363B
363A
363A
363A
363A
3639
3639
3639
3639
3638
3638
3638
3638
3638
3637
3637
3637
3637
3636
3636
3636
3636
3635
3635
3635
3635
3634
3634
3634
3634
3634
3633
3633
3633
3633
3632
3632
3632
3632
3631
3631
3631
3631
3630
3630
3630
3630
362F
362F
362F
362F
362F
362E
362E
362E
362E
362D
362D
362D
362D
362C
362C
362C
362C
362B
362B
362B
362B
362A
362A
362A
362A
362A
3629
3629
3629
3629
3628
3628
3628
3628
3627
3627
3627
3627
3626
3626
3626
3626
3626
3625
3625
3625
3625
3624
3624
3624
3624
3623
3623
3623
3623
3622
3622
3622
3622
3622
3621
3621
3621
3621
3620
3620
3620
3620
361F
361F
361F
361F
361E
361E
361E
361E
361D
361D
361D
361D
361D
361C
361C
361C
361C
361B
361B
361B
361B
361A
361A
361A
361A
3619
3619
3619
3619
3619
3618
3618
3618
3618
3617
3617
3617
3617
3616
3616
3616
3616
3615
3615
3615
3615
3615
3614
3614
3614
3614
3613
3613
3613
3613
3612
3612
3612
3612
3611
3611
3611
3611
3611
3610
3610
3610
3610
360F
360F
360F
360F
360E
360E
360E
360E
360D
360D
360D
360D
360D
360C
360C
360C
360C
360B
360B
360B
360B
360A
360A
3609
3609
3609
3608
3608
3607
3607
3606
3606
3605
3605
3604
3604
3603
3603
3602
3602
3601
3601
3601
3600
3600
35FF
35FF
35FE
35FE
35FD
35FD
35FC
35FC
35FB
35FB
35FA
35FA
35FA
35F9
35F9
35F8
35F8
35F7
35F7
35F6
35F6
35F5
35F5
35F4
35F4
35F3
35F3
35F3
35F2
35F2
35F1
35F1
35F0
35F0
35EF
35EF
35EE
35EE
35ED
35ED
35EC
35EC
35EC
35EB
35EB
35EA
35EA
35E9
35E9
35E8
35E8
35E7
35E7
35E6
35E6
35E5
35E5
35E5
35E4
35E4
35E3
35E3
35E2
35E2
35E1
35E1
35E0
35E0
35DF
35DF
35DE
35DE
35DE
35DD
35DD
35DC
35DC
35DB
35DB
35DA
35DA
35D9
35D9
35D8
35D8
35D8
35D7
35D7
35D6
35D6
35D5
35D5
35D4
35D4
35D3
35D3
35D2
35D2
35D1
35D1
35D1
35D0
35D0
35CF
35CF
35CE
35CE
35CD
35CD
35CC
35CC
35CB
35CB
35CB
35CA
35CA
35C9
35C9
35C8
35C8
35C7
35C7
35C6
35C6
35C5
35C5
35C5
35C4
35C4
35C3
35C3
35C2
35C2
35C1
35C1
35C0
35C0
35BF
35BF
35BF
35BE
35BE
35BD
35BD
35BC
35BC
35BB
35BB
35BA
35BA
35BA
35B9
35B9
35B8
35B8
35B7
35B7
35B6
35B6
35B5
35B5
35B4
35B4
35B4
35B3
35B3
35B2
35B2
35B1
35B1
35B0
35B0
35AF
35AF
35AF
35AE
35AE
35AD
35AD
35AC
35AC
35AB
35AB
35AA
35AA
35A9
35A9
35A9
35A8
35A8
35A7
35A7
35A6
35A6
35A5
35A5
35A4
35A4
35A4
35A3
35A3
35A2
35A2
35A1
35A1
35A0
35A0
359F
359F
359F
359E
359E
359D
359D
359C
359C
359B
359B
359A
359A
359A
3599
3599
3598
3598
3597
3597
3596
3596
3595
3595
3595
3594
3594
3593
3593
3592
3592
3591
3591
3590
3590
3590
358F
358F
358E
358E
358D
358D
358C
358C
358B
358B
358B
358A
358A
3589
3589
3588
3588
3587
3587
3586
3586
3586
3585
3585
3584
3584
3583
3583
3582
3582
3581
3581
3581
3580
3580
357F
357F
357E
357E
357D
357D
357D
357C
357C
357B
357B
357A
357A
3579
3579
3578
3578
3578
3577
3577
3576
3576
3575
3575
3574
3574
3574
3573
3573
3572
3572
3571
3571
3570
3570
356F
356F
356F
356E
356E
356D
356D
356C
356C
356B
356B
356B
356A
356A
3569
3569
3568
3568
3567
3567
3567
3566
3566
3565
3565
3564
3564
3563
3563
3563
3562
3562
3561
3561
3560
3560
355F
355F
355E
355E
355E
355D
355D
355C
355C
355B
355B
355A
355A
355A
3559
3559
3558
3558
3557
3557
3556
3556
3556
3555
3555
3554
3554
3553
3553
3552
3552
3552
3551
3551
3550
3550
354F
354F
354E
354E
354E
354D
354D
354C
354C
354B
354B
354A
354A
354A
3549
3549
3548
3548
3547
3547
3547
3546
3546
3545
3545
3544
3544
3543
3543
3543
3542
3542
3541
3541
3540
3540
353F
353F
353F
353E
353E
353D
353D
353C
353C
353B
353B
353B
353A
353A
3539
3539
3538
3538
3538
3537
3537
3536
3536
3535
3535
3534
3534
3534
3533
3533
3532
3532
3531
3531
3531
3530
3530
352F
352F
352E
352E
352D
352D
352D
352C
352C
352B
352B
352A
352A
352A
3529
3529
3528
3528
3527
3527
3526
3526
3526
3525
3525
3524
3524
3523
3523
3523
3522
3522
3521
3521
3520
3520
351F
351F
351F
351E
351E
351D
351D
351C
351C
351C
351B
351B
351A
351A
3519
3519
3519
3518
3518
3517
3517
3516
3516
3515
3515
3515
3514
3514
3513
3513
3512
3512
3512
3511
3511
3510
3510
350F
350F
350F
350E
350E
350D
350D
350C
350C
350C
350B
350B
350A
350A
3509
3509
3509
3508
3508
3507
3507
3506
3506
3505
3505
3505
3504
3504
3503
3503
3502
3502
3502
3501
3501
3500
3500
34FF
34FF
34FF
34FE
34FE
34FD
34FD
34FC
34FC
34FC
34FB
34FB
34FA
34FA
34F9
34F9
34F9
34F8
34F8
34F7
34F7
34F6
34F6
34F6
34F5
34F5
34F4
34F4
34F3
34F3
34F3
34F2
34F2
34F1
34F1
34F0
34F0
34F0
34EF
34EF
34EE
34EE
34ED
34ED
34ED
34EC
34EC
34EB
34EB
34EB
34EA
34EA
34E9
34E9
34E8
34E8
34E8
34E7
34E7
34E6
34E6
34E5
34E5
34E5
34E4
34E4
34E3
34E3
34E2
34E2
34E2
34E1
34E1
34E0
34E0
34DF
34DF
34DF
34DE
34DE
34DD
34DD
34DD
34DC
34DC
34DB
34DB
34DA
34DA
34DA
34D9
34D9
34D8
34D8
34D7
34D7
34D7
34D6
34D6
34D5
34D5
34D4
34D4
34D4
34D3
34D3
34D2
34D2
34D2
34D1
34D1
34D0
34D0
34CF
34CF
34CF
34CE
34CE
34CD
34CD
34CC
34CC
34CC
34CB
34CB
34CA
34CA
34CA
34C9
34C9
34C8
34C8
34C7
34C7
34C7
34C6
34C6
34C5
34C5
34C5
34C4
34C4
34C3
34C3
34C2
34C2
34C2
34C1
34C1
34C0
34C0
34C0
34BF
34BF
34BE
34BE
34BD
34BD
34BD
34BC
34BC
34BB
34BB
34BB
34BA
34BA
34B9
34B9
34B8
34B8
34B8
34B7
34B7
34B6
34B6
34B6
34B5
34B5
34B4
34B4
34B3
34B3
34B3
34B2
34B2
34B1
34B1
34B1
34B0
34B0
34AF
34AF
34AE
34AE
34AE
34AD
34AD
34AC
34AC
34AC
34AB
34AB
34AA
34AA
34AA
34A9
34A9
34A8
34A8
34A7
34A7
34A7
34A6
34A6
34A5
34A5
34A5
34A4
34A4
34A3
34A3
34A3
34A2
34A2
34A1
34A1
34A0
34A0
34A0
349F
349F
349E
349E
349E
349D
349D
349C
349C
349C
349B
349B
349A
349A
3499
3499
3499
3498
3498
3497
3497
3497
3496
3496
3495
3495
3495
3494
3494
3493
3493
3493
3492
3492
3491
3491
3490
3490
3490
348F
348F
348E
348E
348E
348D
348D
348C
348C
348C
348B
348B
348A
348A
348A
3489
3489
3488
3488
3488
3487
3487
3486
3486
3485
3485
3485
3484
3484
3483
3483
3483
3482
3482
3481
3481
3481
3480
3480
347F
347F
347F
347E
347E
347D
347D
347D
347C
347C
347B
347B
347B
347A
347A
3479
3479
3479
3478
3478
3477
3477
3477
3476
3476
3475
3475
3475
3474
3474
3473
3473
3473
3472
3472
3471
3471
3471
3470
3470
346F
346F
346F
346E
346E
346D
346D
346D
346C
346C
346B
346B
346B
346A
346A
3469
3469
3469
3468
3468
3467
3467
3467
3466
3466
3465
3465
3465
3464
3464
3463
3463
3463
3462
3462
3461
3461
3461
3460
3460
345F
345F
345F
345E
345E
345D
345D
345D
345C
345C
345B
345B
345B
345A
345A
3459
3459
3459
3458
3458
3457
3457
3457
3456
3456
3455
3455
3455
3454
3454
3453
3453
3453
3452
3452
3452
3451
3451
3450
3450
3450
344F
344F
344E
344E
344E
344D
344C
344B
344A
344A
3449
3448
3447
3447
3446
3445
3444
3443
3443
3442
3441
3440
343F
343F
343E
343D
343C
343C
343B
343A
3439
3438
3438
3437
3436
3435
3435
3434
3433
3432
3432
3431
3430
342F
342E
342E
342D
342C
342B
342B
342A
3429
3428
3427
3427
3426
3425
3424
3424
3423
3422
3421
3421
3420
341F
341E
341E
341D
341C
341B
341A
341A
3419
3418
3417
3417
3416
3415
3414
3414
3413
3412
3411
3411
3410
340F
340E
340E
340D
340C
340B
340B
340A
3409
3408
3408
3407
3406
3405
3404
3404
3403
3402
3401
3401
3400
33FE
33FD
33FB
33FA
33F8
33F7
33F5
33F4
33F2
33F1
33F0
33EE
33ED
33EB
33EA
33E8
33E7
33E5
33E4
33E2
33E1
33DF
33DE
33DC
33DB
33D9
33D8
33D6
33D5
33D3
33D2
33D0
33CF
33CD
33CC
33CA
33C9
33C7
33C6
33C5
33C3
33C2
33C0
33BF
33BD
33BC
33BA
33B9
33B7
33B6
33B4
33B3
33B2
33B0
33AF
33AD
33AC
33AA
33A9
33A7
33A6
33A4
33A3
33A1
33A0
339F
339D
339C
339A
3399
3397
3396
3394
3393
3392
3390
338F
338D
338C
338A
3389
3387
3386
3385
3383
3382
3380
337F
337D
337C
337B
3379
3378
3376
3375
3373
3372
3371
336F
336E
336C
336B
3369
3368
3367
3365
3364
3362
3361
335F
335E
335D
335B
335A
3358
3357
3356
3354
3353
3351
3350
334E
334D
334C
334A
3349
3347
3346
3345
3343
3342
3340
333F
333E
333C
333B
3339
3338
3337
3335
3334
3332
3331
3330
332E
332D
332B
332A
3329
3327
3326
3325
3323
3322
3320
331F
331E
331C
331B
3319
3318
3317
3315
3314
3313
3311
3310
330E
330D
330C
330A
3309
3308
3306
3305
3303
3302
3301
32FF
32FE
32FD
32FB
32FA
32F9
32F7
32F6
32F4
32F3
32F2
32F0
32EF
32EE
32EC
32EB
32EA
32E8
32E7
32E6
32E4
32E3
32E1
32E0
32DF
32DD
32DC
32DB
32D9
32D8
32D7
32D5
32D4
32D3
32D1
32D0
32CF
32CD
32CC
32CB
32C9
32C8
32C7
32C5
32C4
32C3
32C1
32C0
32BF
32BD
32BC
32BB
32B9
32B8
32B7
32B5
32B4
32B3
32B1
32B0
32AF
32AD
32AC
32AB
32A9
32A8
32A7
32A5
32A4
32A3
32A2
32A0
329F
329E
329C
329B
329A
3298
3297
3296
3294
3293
3292
3290
328F
328E
328D
328B
328A
3289
3287
3286
3285
3283
3282
3281
3280
327E
327D
327C
327A
3279
3278
3277
3275
3274
3273
3271
3270
326F
326E
326C
326B
326A
3268
3267
3266
3265
3263
3262
3261
325F
325E
325D
325C
325A
3259
3258
3257
3255
3254
3253
3251
3250
324F
324E
324C
324B
324A
3249
3247
3246
3245
3244
3242
3241
3240
323F
323D
323C
323B
323A
3238
3237
3236
3235
3233
3232
3231
3230
322E
322D
322C
322B
3229
3228
3227
3226
3224
3223
3222
3221
321F
321E
321D
321C
321A
3219
3218
3217
3215
3214
3213
3212
3211
320F
320E
320D
320C
320A
3209
3208
3207
3206
3204
3203
3202
3201
31FF
31FE
31FD
31FC
31FB
31F9
31F8
31F7
31F6
31F4
31F3
31F2
31F1
31F0
31EE
31ED
31EC
31EB
31EA
31E8
31E7
31E6
31E5
31E4
31E2
31E1
31E0
31DF
31DE
31DC
31DB
31DA
31D9
31D8
31D6
31D5
31D4
31D3
31D2
31D0
31CF
31CE
31CD
31CC
31CB
31C9
31C8
31C7
31C6
31C5
31C3
31C2
31C1
31C0
31BF
31BE
31BC
31BB
31BA
31B9
31B8
31B6
31B5
31B4
31B3
31B2
31B1
31AF
31AE
31AD
31AC
31AB
31AA
31A8
31A7
31A6
31A5
31A4
31A3
31A1
31A0
319F
319E
319D
319C
319B
3199
3198
3197
3196
3195
3194
3192
3191
3190
318F
318E
318D
318C
318A
3189
3188
3187
3186
3185
3184
3182
3181
3180
317F
317E
317D
317C
317A
3179
3178
3177
3176
3175
3174
3173
3171
3170
316F
316E
316D
316C
316B
316A
3168
3167
3166
3165
3164
3163
3162
3161
315F
315E
315D
315C
315B
315A
3159
3158
3157
3155
3154
3153
3152
3151
3150
314F
314E
314D
314B
314A
3149
3148
3147
3146
3145
3144
3143
3142
3140
313F
313E
313D
313C
313B
313A
3139
3138
3137
3135
3134
3133
3132
3131
3130
312F
312E
312D
312C
312B
312A
3128
3127
3126
3125
3124
3123
3122
3121
3120
311F
311E
311D
311C
311A
3119
3118
3117
3116
3115
3114
3113
3112
3111
3110
310F
310E
310D
310C
310A
3109
3108
3107
3106
3105
3104
3103
3102
3101
3100
30FF
30FE
30FD
30FC
30FB
30FA
30F9
30F7
30F6
30F5
30F4
30F3
30F2
30F1
30F0
30EF
30EE
30ED
30EC
30EB
30EA
30E9
30E8
30E7
30E6
30E5
30E4
30E3
30E2
30E1
30E0
30DE
30DD
30DC
30DB
30DA
30D9
30D8
30D7
30D6
30D5
30D4
30D3
30D2
30D1
30D0
30CF
30CE
30CD
30CC
30CB
30CA
30C9
30C8
30C7
30C6
30C5
30C4
30C3
30C2
30C1
30C0
30BF
30BE
30BD
30BC
30BB
30BA
30B9
30B8
30B7
30B6
30B5
30B4
30B3
30B2
30B1
30B0
30AF
30AE
30AD
30AC
30AB
30AA
30A9
30A8
30A7
30A6
30A5
30A4
30A3
30A2
30A1
30A0
309F
309E
309D
309C
309B
309A
3099
3098
3097
3096
3095
3094
3093
3092
3091
3090
308F
308E
308D
308C
308B
308A
3089
3088
3087
3086
3085
3084
3083
3082
3082
3081
3080
307F
307E
307D
307C
307B
307A
3079
3078
3077
3076
3075
3074
3073
3072
3071
3070
306F
306E
306D
306C
306B
306A
306A
3069
3068
3067
3066
3065
3064
3063
3062
3061
3060
305F
305E
305D
305C
305B
305A
3059
3059
3058
3057
3056
3055
3054
3053
3052
3051
3050
304F
304E
304D
304C
304B
304A
304A
3049
3048
3047
3046
3045
3044
3043
3042
3041
3040
303F
303E
303E
303D
303C
303B
303A
3039
3038
3037
3036
3035
3034
3033
3033
3032
3031
3030
302F
302E
302D
302C
302B
302A
3029
3029
3028
3027
3026
3025
3024
3023
3022
3021
3020
3020
301F
301E
301D
301C
301B
301A
3019
3018
3018
3017
3016
3015
3014
3013
3012
3011
3010
3010
300F
300E
300D
300C
300B
300A
3009
3008
3008
3007
3006
3005
3004
3003
3002
3001
3001
2FFF
2FFE
2FFC
2FFA
2FF8
2FF7
2FF5
2FF3
2FF1
2FF0
2FEE
2FEC
2FEA
2FE9
2FE7
2FE5
2FE3
2FE2
2FE0
2FDE
2FDD
2FDB
2FD9
2FD7
2FD6
2FD4
2FD2
2FD1
2FCF
2FCD
2FCB
2FCA
2FC8
2FC6
2FC5
2FC3
2FC1
2FBF
2FBE
2FBC
2FBA
2FB9
2FB7
2FB5
2FB4
2FB2
2FB0
2FAE
2FAD
2FAB
2FA9
2FA8
2FA6
2FA4
2FA3
2FA1
2F9E
2F9A
2F97
2F94
2F90
2F8D
2F8A
2F86
2F83
2F80
2F7C
2F79
2F76
2F72
2F6F
2F6C
2F69
2F65
2F62
2F5F
2F5C
2F58
2F55
2F52
2F4F
2F4B
2F48
2F45
2F42
2F3E
2F3B
2F38
2F35
2F32
2F2E
2F2B
2F28
2F25
2F22
2F1F
2F1B
2F18
2F15
2F12
2F0F
2F0C
2F09
2F05
2F02
2EFF
2EFC
2EF9
2EF6
2EF3
2EF0
2EED
2EE9
2EE6
2EE3
2EE0
2EDD
2EDA
2ED7
2ED4
2ED1
2ECE
2ECB
2EC8
2EC5
2EC2
2EBF
2EBC
2EB9
2EB6
2EB3
2EB0
2EAD
2EAA
2EA7
2EA4
2EA1
2E9E
2E9B
2E98
2E95
2E92
2E8F
2E8C
2E89
2E86
2E83
2E80
2E7E
2E7B
2E78
2E75
2E72
2E6F
2E6C
2E69
2E66
2E63
2E61
2E5E
2E5B
2E58
2E55
2E52
2E4F
2E4D
2E4A
2E47
2E44
2E41
2E3E
2E3C
2E39
2E36
2E33
2E30
2E2E
2E2B
2E28
2E25
2E23
2E20
2E1D
2E1A
2E17
2E15
2E12
2E0F
2E0C
2E0A
2E07
2E04
2E02
2DFF
2DFC
2DF9
2DF7
2DF4
2DF1
2DEF
2DEC
2DE9
2DE7
2DE4
2DE1
2DDF
2DDC
2DD9
2DD7
2DD4
2DD1
2DCF
2DCC
2DC9
2DC7
2DC4
2DC1
2DBF
2DBC
2DBA
2DB7
2DB4
2DB2
2DAF
2DAD
2DAA
2DA7
2DA5
2DA2
2DA0
2D9D
2D9B
2D98
2D96
2D93
2D90
2D8E
2D8B
2D89
2D86
2D84
2D81
2D7F
2D7C
2D7A
2D77
2D75
2D72
2D70
2D6D
2D6B
2D68
2D66
2D63
2D61
2D5E
2D5C
2D5A
2D57
2D55
2D52
2D50
2D4D
2D4B
2D48
2D46
2D44
2D41
2D3F
2D3C
2D3A
2D38
2D35
2D33
2D30
2D2E
2D2C
2D29
2D27
2D25
2D22
2D20
2D1D
2D1B
2D19
2D16
2D14
2D12
2D0F
2D0D
2D0B
2D08
2D06
2D04
2D02
2CFF
2CFD
2CFB
2CF8
2CF6
2CF4
2CF1
2CEF
2CED
2CEB
2CE8
2CE6
2CE4
2CE2
2CDF
2CDD
2CDB
2CD9
2CD6
2CD4
2CD2
2CD0
2CCD
2CCB
2CC9
2CC7
2CC5
2CC2
2CC0
2CBE
2CBC
2CBA
2CB7
2CB5
2CB3
2CB1
2CAF
2CAD
2CAA
2CA8
2CA6
2CA4
2CA2
2CA0
2C9D
2C9B
2C99
2C97
2C95
2C93
2C91
2C8F
2C8C
2C8A
2C88
2C86
2C84
2C82
2C80
2C7E
2C7C
2C7A
2C78
2C75
2C73
2C71
2C6F
2C6D
2C6B
2C69
2C67
2C65
2C63
2C61
2C5F
2C5D
2C5B
2C59
2C57
2C55
2C53
2C51
2C4F
2C4D
2C4B
2C49
2C47
2C45
2C43
2C41
2C3F
2C3D
2C3B
2C39
2C37
2C35
2C33
2C31
2C2F
2C2D
2C2B
2C29
2C27
2C25
2C23
2C21
2C1F
2C1D
2C1C
2C1A
2C18
2C16
2C14
2C12
2C10
2C0E
2C0C
2C0A
2C09
2C07
2C05
2C03
2C01
2BFE
2BFA
2BF7
2BF3
2BEF
2BEC
2BE8
2BE4
2BE0
2BDD
2BD9
2BD5
2BD2
2BCE
2BCA
2BC7
2BC3
2BBF
2BBC
2BB8
2BB5
2BB1
2BAD
2BAA
2BA6
2BA3
2B9F
2B9B
2B98
2B94
2B91
2B8D
2B8A
2B86
2B82
2B7F
2B7B
2B78
2B74
2B71
2B6D
2B6A
2B66
2B63
2B5F
2B5C
2B58
2B55
2B52
2B4E
2B4B
2B47
2B44
2B40
2B3D
2B3A
2B36
2B33
2B2F
2B2C
2B29
2B25
2B22
2B1E
2B1B
2B18
2B14
2B11
2B0E
2B0A
2B07
2B04
2B00
2AFD
2AFA
2AF7
2AF3
2AF0
2AED
2AE9
2AE6
2AE3
2AE0
2ADC
2AD9
2AD6
2AD3
2ACF
2ACC
2AC9
2AC6
2AC3
2ABF
2ABC
2AB9
2AB6
2AB3
2AB0
2AAC
2AA9
2AA6
2AA3
2AA0
2A9D
2A99
2A96
2A93
2A90
2A8D
2A8A
2A87
2A84
2A81
2A7E
2A7A
2A77
2A74
2A71
2A6E
2A6B
2A68
2A65
2A62
2A5F
2A5C
2A59
2A56
2A53
2A50
2A4D
2A4A
2A47
2A44
2A41
2A3E
2A3B
2A38
2A35
2A32
2A2F
2A2C
2A29
2A26
2A23
2A21
2A1E
2A1B
2A18
2A15
2A12
2A0F
2A0C
2A09
2A07
2A04
2A01
29FE
29FB
29F8
29F5
29F3
29F0
29ED
29EA
29E7
29E4
29E2
29DF
29DC
29D9
29D6
29D4
29D1
29CE
29CB
29C9
29C6
29C3
29C0
29BE
29BB
29B8
29B5
29B3
29B0
29AD
29AB
29A8
29A5
29A2
29A0
299D
299A
2998
2995
2992
2990
298D
298A
2988
2985
2982
2980
297D
297B
2978
2975
2973
2970
296D
296B
2968
2966
2963
2961
295E
295B
2959
2956
2954
2951
294F
294C
294A
2947
2944
2942
293F
293D
293A
2938
2935
2933
2930
292E
292B
2929
2927
2924
2922
291F
291D
291A
2918
2915
2913
2910
290E
290C
2909
2907
2904
2902
2900
28FD
28FB
28F8
28F6
28F4
28F1
28EF
28EC
28EA
28E8
28E5
28E3
28E1
28DE
28DC
28DA
28D7
28D5
28D3
28D0
28CE
28CC
28C9
28C7
28C5
28C3
28C0
28BE
28BC
28B9
28B7
28B5
28B3
28B0
28AE
28AC
28AA
28A7
28A5
28A3
28A1
289E
289C
289A
2898
2896
2893
2891
288F
288D
288B
2888
2886
2884
2882
2880
287D
287B
2879
2877
2875
2873
2871
286E
286C
286A
2868
2866
2864
2862
2860
285D
285B
2859
2857
2855
2853
2851
284F
284D
284B
2849
2846
2844
2842
2840
283E
283C
283A
2838
2836
2834
2832
2830
282E
282C
282A
2828
2826
2824
2822
2820
281E
281C
281A
2818
2816
2814
2812
2810
280E
280C
280A
2808
2806
2804
2802
2800
27FD
27F9
27F5
27F1
27ED
27EA
27E6
27E2
27DE
27DA
27D7
27D3
27CF
27CB
27C7
27C4
27C0
27BC
27B8
27B5
27B1
27AD
27A9
27A6
27A2
279E
279B
2797
2793
2790
278C
2788
2785
2781
277D
277A
2776
2772
276F
276B
2768
2764
2760
275D
2759
2756
2752
274F
274B
2748
2744
2741
273D
2739
2736
2732
272F
272C
2728
2725
2721
271E
271A
2717
2713
2710
270C
2709
2706
2702
26FF
26FB
26F8
26F5
26F1
26EE
26EA
26E7
26E4
26E0
26DD
26DA
26D6
26D3
26D0
26CC
26C9
26C6
26C3
26BF
26BC
26B9
26B5
26B2
26AF
26AC
26A8
26A5
26A2
269F
269B
2698
2695
2692
268F
268B
2688
2685
2682
267F
267C
2678
2675
2672
266F
266C
2669
2666
2662
265F
265C
2659
2656
2653
2650
264D
264A
2647
2644
2641
263E
263B
2637
2634
2631
262E
262B
2628
2625
2622
261F
261C
2619
2616
2613
2611
260E
260B
2608
2605
2602
25FF
25FC
25F9
25F6
25F3
25F0
25ED
25EA
25E8
25E5
25E2
25DF
25DC
25D9
25D6
25D4
25D1
25CE
25CB
25C8
25C5
25C3
25C0
25BD
25BA
25B7
25B5
25B2
25AF
25AC
25A9
25A7
25A4
25A1
259E
259C
2599
2596
2593
2591
258E
258B
2589
2586
2583
2580
257E
257B
2578
2576
2573
2570
256E
256B
2568
2566
2563
2561
255E
255B
2559
2556
2553
2551
254E
254C
2549
2546
2544
2541
253F
253C
253A
2537
2535
2532
252F
252D
252A
2528
2525
2523
2520
251E
251B
2519
2516
2514
2511
250F
250C
250A
2507
2505
2502
2500
24FE
24FB
24F9
24F6
24F4
24F1
24EF
24ED
24EA
24E8
24E5
24E3
24E1
24DE
24DC
24D9
24D7
24D5
24D2
24D0
24CE
24CB
24C9
24C6
24C4
24C2
24BF
24BD
24BB
24B8
24B6
24B4
24B2
24AF
24AD
24AB
24A8
24A6
24A4
24A2
249F
249D
249B
2496
2492
248D
2489
2484
2480
247C
2477
2473
246E
246A
2466
2461
245D
2459
2455
2450
244C
2448
2444
243F
243B
2437
2433
242F
242B
2427
2423
241F
241A
2416
2412
240E
240A
2406
2403
23FD
23F5
23EE
23E6
23DE
23D6
23CF
23C7
23BF
23B8
23B0
23A8
23A1
2399
2392
238B
2383
237C
2374
236D
2366
235E
2357
2350
2349
2342
233A
2333
232C
2325
231E
2317
2310
2309
2302
22FB
22F5
22EE
22E7
22E0
22D9
22D3
22CC
22C5
22BE
22B8
22B1
22AB
22A4
229E
2297
2291
228A
2284
227D
2277
2270
226A
2264
225D
2257
2251
224B
2244
223E
2238
2232
222C
2226
2220
221A
2214
220E
2208
2202
21FC
21F6
21F0
21EA
21E4
21DF
21D9
21D3
21CD
21C8
21C2
21BC
21B7
21B1
21AB
21A6
21A0
219B
2195
218F
218A
2185
217F
217A
2174
216F
2169
2164
215F
215A
2154
214F
214A
2145
213F
213A
2135
2130
212B
2126
2120
211B
2116
2111
210C
2107
2102
20FD
20F9
20F4
20EF
20EA
20E5
20E0
20DB
20D7
20D2
20CD
20C8
20C3
20BF
20BA
20B5
20B1
20AC
20A7
20A3
209E
209A
2095
2091
208C
2088
2083
207F
207A
2076
2071
206D
2069
2064
2060
205C
2057
2053
204F
204A
2046
2042
203E
203A
2035
2031
202D
2029
2025
2021
201D
2019
2014
2010
200C
2008
2004
2000
1FF9
1FF1
1FE9
1FE1
1FDA
1FD2
1FCA
1FC2
1FBB
1FB3
1FAB
1FA4
1F9C
1F95
1F8D
1F86
1F7E
1F77
1F6F
1F68
1F61
1F59
1F52
1F4B
1F44
1F3C
1F35
1F2E
1F27
1F20
1F19
1F12
1F0B
1F04
1EFD
1EF6
1EEF
1EE8
1EE1
1EDA
1ED4
1ECD
1EC6
1EBF
1EB9
1EB2
1EAB
1EA5
1E9E
1E98
1E91
1E8B
1E84
1E7E
1E77
1E71
1E6A
1E64
1E5E
1E57
1E51
1E4B
1E45
1E3E
1E38
1E32
1E2C
1E26
1E20
1E1A
1E14
1E0E
1E08
1E02
1DFC
1DF6
1DF0
1DEA
1DE4
1DDE
1DD8
1DD3
1DCD
1DC7
1DC1
1DBC
1DB6
1DB0
1DAB
1DA5
1D9F
1D9A
1D94
1D8F
1D89
1D84
1D7E
1D79
1D73
1D6E
1D68
1D63
1D5E
1D58
1D53
1D4E
1D49
1D43
1D3E
1D39
1D34
1D2F
1D29
1D24
1D1F
1D1A
1D15
1D10
1D0B
1D06
1D01
1CFC
1CF7
1CF2
1CED
1CE8
1CE3
1CDF
1CDA
1CD5
1CD0
1CCB
1CC7
1CC2
1CBD
1CB8
1CB4
1CAF
1CAA
1CA6
1CA1
1C9D
1C98
1C93
1C8F
1C8A
1C86
1C81
1C7D
1C78
1C74
1C6F
1C6B
1C67
1C62
1C5E
1C5A
1C55
1C51
1C4D
1C48
1C44
1C40
1C3C
1C37
1C33
1C2F
1C2B
1C27
1C23
1C1F
1C1A
1C16
1C12
1C0E
1C0A
1C06
1C02
1BFD
1BF5
1BED
1BE5
1BDD
1BD5
1BCD
1BC6
1BBE
1BB6
1BAE
1BA7
1B9F
1B98
1B90
1B89
1B81
1B7A
1B72
1B6B
1B63
1B5C
1B55
1B4D
1B46
1B3F
1B38
1B31
1B29
1B22
1B1B
1B14
1B0D
1B06
1AFF
1AF8
1AF1
1AEA
1AE3
1ADD
1AD6
1ACF
1AC8
1AC1
1ABB
1AB4
1AAD
1AA7
1AA0
1A9A
1A93
1A8C
1A86
1A7F
1A79
1A72
1A6C
1A66
1A5F
1A59
1A53
1A4C
1A46
1A40
1A3A
1A33
1A2D
1A27
1A21
1A1B
1A15
1A0F
1A09
1A03
19FD
19F7
19F1
19EB
19E5
19DF
19D9
19D4
19CE
19C8
19C2
19BC
19B7
19B1
19AB
19A6
19A0
199B
1995
198F
198A
1984
197F
1979
1974
196F
1969
1964
195E
1959
1954
194E
1949
1944
193F
1939
1934
192F
192A
1925
1920
191B
1915
1910
190B
1906
1901
18FC
18F7
18F2
18ED
18E9
18E4
18DF
18DA
18D5
18D0
18CC
18C7
18C2
18BD
18B9
18B4
18AF
18AB
18A6
18A1
189D
1898
1893
188F
188A
1886
1881
187D
1878
1874
186F
186B
1867
1862
185E
185A
1855
1851
184D
1848
1844
1840
183C
1837
1833
182F
182B
1827
1823
181E
181A
1816
1812
180E
180A
1806
1802
17FC
17F4
17EC
17E4
17DC
17D5
17CD
17C5
17BD
17B6
17AE
17A6
179F
1797
1790
1788
1780
1779
1772
176A
1763
175B
1754
174D
1745
173E
1737
1730
1729
1722
171A
1713
170C
1705
16FE
16F7
16F0
16E9
16E3
16DC
16D5
16CE
16C7
16C1
16BA
16B3
16AC
16A6
169F
1699
1692
168B
1685
167E
1678
1672
166B
1665
165E
1658
1652
164B
1645
163F
1639
1632
162C
1626
1620
161A
1614
160E
1608
1602
15FC
15F6
15F0
15EA
15E4
15DE
15D8
15D2
15CD
15C7
15C1
15BB
15B6
15B0
15AA
15A5
159F
1599
1594
158E
1589
1583
157E
1578
1573
156D
1568
1563
155D
1558
1553
154D
1548
1543
153D
1538
1533
152E
1529
1524
151E
1519
1514
150F
150A
1505
1500
14FB
14F6
14F1
14EC
14E7
14E2
14DE
14D9
14D4
14CF
14CA
14C6
14C1
14BC
14B7
14B3
14AE
14A9
14A5
14A0
149B
1497
1492
148E
1489
1485
1480
147C
1477
1473
146E
146A
1465
1461
145D
1458
1454
1450
144B
1447
1443
143F
143A
1436
1432
142E
142A
1425
1421
141D
1419
1415
1411
140D
1409
1405
1401
13FA
13F2
13EA
13E2
13DA
13D2
13CA
13C3
13BB
13B3
13AC
13A4
139C
1395
138D
1386
137E
1377
136F
1368
1360
1359
1352
134A
1343
133C
1335
132D
1326
131F
1318
1311
130A
1303
12FC
12F5
12EE
12E7
12E0
12D9
12D3
12CC
12C5
12BE
12B8
12B1
12AA
12A4
129D
1296
1290
1289
1283
127C
1276
126F
1269
1262
125C
1256
124F
1249
1243
123D
1236
1230
122A
1224
121E
1218
1212
120C
1206
11FF
11FA
11F4
11EE
11E8
11E2
11DC
11D6
11D0
11CA
11C5
11BF
11B9
11B4
11AE
11A8
11A3
119D
1197
1192
118C
1187
1181
117C
1176
1171
116B
1166
1161
115B
1156
1150
114B
1146
1141
113B
1136
1131
112C
1127
1122
111C
1117
1112
110D
1108
1103
10FE
10F9
10F4
10EF
10EA
10E5
10E1
10DC
10D7
10D2
10CD
10C8
10C4
10BF
10BA
10B5
10B1
10AC
10A7
10A3
109E
109A
1095
1090
108C
1087
1083
107E
107A
1075
1071
106C
1068
1064
105F
105B
1057
1052
104E
104A
1045
1041
103D
1039
1034
1030
102C
1028
1024
1020
101B
1017
1013
100F
100B
1007
1003
0FFE
0FF6
0FEE
0FE6
0FDF
0FD7
0FCF
0FC7
0FBF
0FB8
0FB0
0FA8
0FA1
0F99
0F91
0F8A
0F82
0F7B
0F73
0F6C
0F65
0F5D
0F56
0F4E
0F47
0F40
0F39
0F31
0F2A
0F23
0F1C
0F15
0F0E
0F07
0F00
0EF9
0EF2
0EEB
0EE4
0EDD
0ED6
0ED0
0EC9
0EC2
0EBB
0EB5
0EAE
0EA7
0EA1
0E9A
0E93
0E8D
0E86
0E80
0E79
0E73
0E6C
0E66
0E60
0E59
0E53
0E4D
0E46
0E40
0E3A
0E34
0E2D
0E27
0E21
0E1B
0E15
0E0F
0E09
0E03
0DFD
0DF7
0DF1
0DEB
0DE5
0DDF
0DD9
0DD3
0DCE
0DC8
0DC2
0DBC
0DB7
0DB1
0DAB
0DA6
0DA0
0D9A
0D95
0D8F
0D8A
0D84
0D7F
0D74
0D69
0D5E
0D53
0D49
0D3E
0D34
0D29
0D1F
0D15
0D0B
0D01
0CF7
0CED
0CE3
0CD9
0CD0
0CC6
0CBD
0CB3
0CAA
0CA1
0C97
0C8E
0C85
0C7C
0C73
0C6A
0C61
0C59
0C50
0C48
0C3F
0C37
0C2E
0C26
0C1E
0C15
0C0D
0C05
0BFA
0BEA
0BDB
0BCB
0BBB
0BAC
0B9D
0B8E
0B7F
0B70
0B61
0B52
0B44
0B35
0B27
0B19
0B0A
0AFC
0AEE
0AE1
0AD3
0AC5
0AB8
0AAA
0A9D
0A90
0A83
0A76
0A69
0A5C
0A50
0A43
0A37
0A2A
0A1E
0A12
0A06
09FA
09EE
09E2
09D6
09CB
09BF
09B4
09A8
099D
0992
0987
097C
0971
0966
095B
0951
0946
093B
0931
0927
091C
0912
0908
08FE
08F4
08EA
08E1
08D7
08CD
08C4
08BA
08B1
08A7
089E
0895
088C
0883
087A
0871
0868
085F
0856
084E
0845
083D
0834
082C
0824
081B
0813
080B
0803
07F6
07E6
07D7
07C7
07B7
07A8
0799
078A
077B
076C
075D
074E
0740
0731
0723
0715
0707
06F9
06EB
06DD
06CF
06C2
06B4
06A7
069A
068D
0680
0673
0666
0659
064C
0640
0633
0627
061B
060F
0603
05F7
05EB
05DF
05D3
05C8
05BC
05B1
05A5
059A
058F
0584
0579
056E
0563
0558
054E
0543
0539
052E
0524
051A
0510
0505
04FB
04F2
04E8
04DE
04D4
04CB
04C1
04B8
04AE
04A5
049C
0492
0489
0480
0477
046E
0466
045D
0454
044C
0443
043B
0432
042A
0421
0419
0411
0409
0401
03F9
03F1
03E9
03E1
03DA
03D2
03CA
03C3
03BB
03B4
03AD
03A5
039E
0397
0390
0388
0381
037A
0374
036D
0366
035F
0358
0352
034B
0345
033E
0338
0331
032B
0324
031E
0318
0312
030C
0306
0300
02FA
02F4
02EE
02E8
02E2
02DC
02D7
02D1
02CC
02C6
02C0
02BB
02B5
02B0
02AB
02A5
02A0
029B
0296
0291
028B
0286
0281
027C
0277
0273
026E
0269
0264
025F
025B
0256
0251
024D
0248
0243
023F
023A
0236
0232
022D
0229
0225
0220
021C
0218
0214
0210
020B
0207
0203
01FF
01FB
01F7
01F4
01F0
01EC
01E8
01E4
01E0
01DD
01D9
01D5
01D2
01CE
01CA
01C7
01C3
01C0
01BC
01B9
01B5
01B2
01AF
01AB
01A8
01A5
01A1
019E
019B
0198
0195
0191
018E
018B
0188
0185
0182
017F
017C
0179
0176
0173
0170
016D
016B
0168
0165
0162
015F
015D
015A
0157
0155
0152
014F
014D
014A
0148
0145
0143
0140
013E
013B
0139
0136
0134
0131
012F
012D
012A
0128
0126
0123
0121
011F
011D
011A
0118
0116
0114
0112
0110
010D
010B
0109
0107
0105
0103
0101
00FF
00FD
00FB
00F9
00F7
00F5
00F3
00F2
00F0
00EE
00EC
00EA
00E8
00E6
00E5
00E3
00E1
00DF
00DE
00DC
00DA
00D9
00D7
00D5
00D4
00D2
00D0
00CF
00CD
00CB
00CA
00C8
00C7
00C5
00C4
00C2
00C1
00BF
00BE
00BC
00BB
00B9
00B8
00B6
00B5
00B4
00B2
00B1
00AF
00AE
00AD
00AB
00AA
00A9
00A7
00A6
00A5
00A3
00A2
00A1
00A0
009E
009D
009C
009B
009A
0098
0097
0096
0095
0094
0093
0091
0090
008F
008E
008D
008C
008B
008A
0089
0087
0086
0085
0084
0083
0082
0081
0080
007F
007E
007D
007C
007B
007A
0079
0079
0078
0077
0076
0075
0074
0073
0072
0071
0070
006F
006F
006E
006D
006C
006B
006A
006A
0069
0068
0067
0066
0065
0065
0064
0063
0062
0062
0061
0060
005F
005F
005E
005D
005C
005C
005B
005A
005A
0059
0058
0057
0057
0056
0055
0055
0054
0053
0053
0052
0052
0051
0050
0050
004F
004E
004E
004D
004D
004C
004B
004B
004A
004A
0049
0049
0048
0047
0047
0046
0046
0045
0045
0044
0044
0043
0043
0042
0042
0041
0041
0040
0040
003F
003F
003E
003E
003D
003D
003C
003C
003B
003B
003A
003A
0039
0039
0038
0038
0038
0037
0037
0036
0036
0035
0035
0035
0034
0034
0033
0033
0033
0032
0032
0031
0031
0031
0030
0030
0030
002F
002F
002E
002E
002E
002D
002D
002D
002C
002C
002C
002B
002B
002B
002A
002A
002A
0029
0029
0029
0028
0028
0028
0027
0027
0027
0027
0026
0026
0026
0025
0025
0025
0024
0024
0024
0024
0023
0023
0023
0023
0022
0022
0022
0021
0021
0021
0021
0020
0020
0020
0020
001F
001F
001F
001F
001E
001E
001E
001E
001E
001D
001D
001D
001D
001C
001C
001C
001C
001C
001B
001B
001B
001B
001A
001A
001A
001A
001A
0019
0019
0019
0019
0019
0018
0018
0018
0018
0018
0018
0017
0017
0017
0017
0017
0016
0016
0016
0016
0016
0016
0015
0015
0015
0015
0015
0015
0014
0014
0014
0014
0014
0014
0014
0013
0013
0013
0013
0013
0013
0012
0012
0012
0012
0012
0012
0012
0011
0011
0011
0011
0011
0011
0011
0011
0010
0010
0010
0010
0010
0010
0010
0010
000F
000F
000F
000F
000F
000F
000F
000F
000F
000E
000E
000E
000E
000E
000E
000E
000E
000E
000D
000D
000D
000D
000D
000D
000D
000D
000D
000D
000C
000C
000C
000C
000C
000C
000C
000C
000C
000C
000B
000B
000B
000B
000B
000B
000B
000B
000B
000B
000B
000B
000A
000A
000A
000A
000A
000A
000A
000A
000A
000A
000A
000A
000A
0009
0009
0009
0009
0009
0009
0009
0009
0009
0009
0009
0009
0009
0009
0008
0008
0008
0008
0008
0008
0008
0008
0008
0008
0008
0008
0008
0008
0008
0008
0007
0007
0007
0007
0007
0007
0007
0007
0007
0007
0007
0007
0007
0007
0007
0007
0007
0007
0006
0006
0006
0006
0006
0006
0006
0006
0006
0006
0006
0006
0006
0006
0006
0006
0006
0006
0006
0006
0006
0006
0005
0005
0005
0005
0005
0005
0005
0005
0005
0005
0005
0005
0005
0005
0005
0005
0005
0005
0005
0005
0005
0005
0005
0005
0005
0004
0004
0004
0004
0004
0004
0004
0004
0004
0004
0004
0004
0004
0004
0004
0004
0004
0004
0004
0004
0004
0004
0004
0004
0004
0004
0004
0004
0004
0004
0004
0004
0003
0003
0003
0003
0003
0003
0003
0003
0003
0003
0003
0003
0003
0003
0003
0003
0003
0003
0003
0003
0003
0003
0003
0003
0003
0003
0003
0003
0003
0003
0003
0003
0003
0003
0003
0003
0003
0003
0003
0003
0003
0003
0003
0003
0002
0002
0002
0002
0002
0002
0002
0002
0002
0002
0002
0002
0002
0002
0002
0002
0002
0002
0002
0002
0002
0002
0002
0002
0002
0002
0002
0002
0002
0002
0002
0002
0002
0002
0002
0002
0002
0002
0002
0002
0002
0002
0002
0002
0002
0002
0002
0002
0002
0002
0001
0001
0001
0001
0001
0001
0001
0001
0001
0001
0001
0001
0001
0001
0001
0001
0001
0001
0001
0001
0001
0001
0001
0001
0001
0001
0001
0001
0001
0001
0001
0001
0001
0001
0001
0001
0001
0001
0001
0001
0001
0001
0001
0001
0001
0001
0001
0001
0001
0001
0001
0001
0001
0001
0001
0001
0001
0001
0001
0001
0001
0001
0001
0001
0001
0001
0001
0001
0001
0001
0001
0000
0000
0000
0000
0000
0000
0000
0000
0000
0000
0000
0000
0000
0000
0000
0000
0000
0000
0000
0000
0000
0000
0000
0000
0000
0000
0000
0000
0000
0000
0000
0000
0000
0000
0000
0000
0000
0000
0000
0000
0000
0000
0000
0000
0000
0000
0000
0000
0000
0000
0000
0000
0000
0000
0000
0000
0000
0000
0000
0000
0000
0000
0000
0000
0000
0000
0000
0000
0000
0000
0000
0000
0000
0000
0000
0000
0000
0000
0000
0000
0000
0000
0000
0000
0000
0000
0000
0000
0000
0000
0000
0000
0000
0000
0000
0000
0000
0000
0000
0000
0000
0000
0000
0000
0000
0000
0000
0000
0000
0000
0000
0000
0000
0000
0000
0000
0000
0000
0000
0000
0000
0000
0000
0000
0000
0000
0000
0000
0000
0000
0000
0000
0000
0000
0000
0000
0000
0000
0000
0000
0000
0000
0000
0000
0000
0000
0000
0000
0000
0000
0000
0000
0000
0000
0000
0000
0000
0000
0000
0000
0000
0000
0000
0000
0000
0000
0000
0000
0000
0000
0000
0000
0000
0000
0000
0000
0000
0000
0000
0000
0000
0000
0000
0000
0000
0000
0000
0000
0000
0000
0000
0000
0000
0000
0000
0000
0000
0000
0000
0000
0000
0000
0000
0000
0000
0000
0000
0000
0000
0000
0000
0000
0000
0000
0000
0000
0000
0000
0000
0000
0000
0000
0000
0000
0000
0000
0000
0000
0000
0000
0000
0000
0000
0000
0000
0000
0000
0000
0000
0000
0000
0000
0000
0000
0000
0000
0000
0000
0000
0000
0000
0000
0000
0000
0000
0000
0000
0000
0000
0000
0000
0000
0000
0000
0000
0000
0000
0000
0000
0000
0000
0000
0000
0000
0000
0000
0000
0000
0000
0000
0000
0000
0000
0000
0000
0000
0000
0000
0000
0000
0000
0000
0000
0000
0000
0000
0000
0000
0000
0000
0000
0000
0000
0000
0000
0000
0000
0000
0000
0000
0000
0000
0000
0000
0000
0000
0000
0000
0000
0000
0000
0000
0000
0000
0000
0000
0000
0000
0000
0000
0000
0000
0000
0000
0000
0000
0000
0000
0000
0000
0000
0000
0000
0000
0000
0000
0000
0000
0000
0000
0000
0000
0000
0000
0000
0000
0000
0000
0000
0000
0000
0000
0000
0000
0000
0000
0000
0000
0000
0000
0000
0000
0000
0000
0000
0000
0000
0000
0000
0000
0000
0000
0000
0000
0000
0000
0000
0000
0000
0000
0000
0000
0000
0000
0000
0000
0000
0000
0000
0000
0000
0000
0000
0000
0000
0000
0000
0000
0000
0000
0000
0000
0000
0000
0000
0000
0000
0000
0000
0000
0000
0000
0000
0000
0000
0000
0000
0000
0000
0000
0000
0000
0000
0000
0000
0000
0000
0000
0000
0000
0000
0000
0000
0000
0000
0000
0000
0000
0000
0000
0000
0000
0000
0000
0000
0000
0000
0000
0000
0000
0000
0000
0000
0000
0000
0000
0000
0000
0000
0000
0000
0000
0000
0000
0000
0000
0000
0000
0000
0000
0000
0000
0000
0000
0000
0000
0000
0000
0000
0000
0000
0000
0000
0000
0000
0000
0000
0000
0000
0000
0000
0000
0000
0000
0000
0000
0000
0000
0000
0000
0000
0000
0000
0000
0000
0000
0000
0000
0000
0000
0000
0000
0000
0000
0000
0000
0000
0000
0000
0000
0000
0000
0000
0000
0000
0000
0000
0000
0000
0000
0000
0000
0000
0000
0000
0000
0000
0000
0000
0000
0000
0000
0000
0000
0000
0000
0000
0000
0000
0000
0000
0000
0000
0000
0000
0000
0000
0000
0000
0000
0000
0000
0000
0000
0000
0000
0000
0000
0000
0000
0000
0000
0000
0000
0000
0000
0000
0000
0000
0000
0000
0000
0000
0000
0000
0000
0000
0000
0000
0000
0000
0000
0000
0000
0000
0000
0000
0000
0000
0000
0000
0000
0000
0000
0000
0000
0000
0000
0000
0000
0000
0000
0000
0000
0000
0000
0000
0000
0000
0000
0000
0000
0000
0000
0000
0000
0000
0000
0000
0000
0000
0000
0000
0000
0000
0000
0000
0000
0000
0000
0000
0000
0000
0000
0000
0000
0000
0000
0000
0000
0000
0000
0000
0000
0000
0000
0000
0000
0000
0000
0000
0000
0000
0000
0000
0000
0000
0000
0000
0000
0000
0000
0000
0000
0000
0000
0000
0000
0000
0000
0000
0000
0000
0000
0000
0000
0000
0000
0000
0000
0000
0000
0000
0000
0000
0000
0000
0000
0000
0000
0000
0000
0000
0000
0000
0000
0000
0000
0000
0000
0000
0000
0000
0000
0000
0000
0000
0000
0000
0000
0000
0000
0000
0000
0000
0000
0000
0000
0000
0000
0000
0000
0000
0000
0000
0000
0000
0000
0000
0000
0000
0000
0000
0000
0000
0000
0000
0000
0000
0000
0000
0000
0000
0000
0000
0000
0000
0000
0000
0000
0000
0000
0000
0000
0000
0000
0000
0000
0000
0000
0000
0000
0000
0000
0000
0000
0000
0000
0000
0000
0000
0000
0000
0000
0000
0000
0000
0000
0000
0000
0000
0000
0000
0000
0000
0000
0000
0000
0000
0000
0000
0000
0000
0000
0000
0000
0000
0000
0000
0000
0000
0000
0000
0000
0000
0000
0000
0000
0000
0000
0000
0000
0000
0000
0000
0000
0000
0000
0000
0000
0000
0000
0000
0000
0000
0000
0000
0000
0000
0000
0000
0000
0000
0000
0000
0000
0000
0000
0000
0000
0000
0000
0000
0000
0000
0000
0000
0000
0000
0000
0000
0000
0000
0000
0000
0000
0000
0000
0000
0000
0000
0000
0000
0000
0000
0000
0000
0000
0000
0000
0000
0000
0000
0000
0000
0000
0000
0000
0000
0000
0000
0000
0000
0000
0000
0000
0000
0000
0000
0000
0000
0000
0000
0000
0000
0000
0000
0000
0000
0000
0000
0000
0000
0000
0000
0000
0000
0000
0000
0000
0000
0000
0000
0000
0000
0000
0000
0000
0000
0000
0000
0000
0000
0000
0000
0000
0000
0000
0000
0000
0000
0000
0000
0000
0000
0000
0000
0000
0000
0000
0000
0000
0000
0000
0000
0000
0000
0000
0000
0000
0000
0000
0000
0000
0000
0000
0000
0000
0000
0000
0000
0000
0000
0000
0000
0000
0000
0000
0000
0000
0000
0000
0000
0000
0000
0000
0000
0000
0000
0000
0000
0000
0000
0000
0000
0000
0000
0000
0000
0000
0000
0000
0000
0000
0000
0000
0000
0000
0000
0000
0000
0000
0000
0000
0000
0000
0000
0000
0000
0000
0000
0000
0000
0000
0000
0000
0000
0000
0000
0000
0000
0000
0000
0000
0000
0000
0000
0000
0000
0000
0000
0000
0000
0000
0000
0000
0000
0000
0000
0000
0000
0000
0000
0000
0000
0000
0000
0000
0000
0000
0000
0000
0000
0000
0000
0000
0000
0000
0000
0000
0000
0000
0000
0000
0000
0000
0000
0000
0000
0000
0000
0000
0000
0000
0000
0000
0000
0000
0000
0000
0000
0000
0000
0000
0000
0000
0000
0000
0000
0000
0000
0000
0000
0000
0000
0000
0000
0000
0000
0000
0000
0000
0000
0000
0000
0000
0000
0000
0000
0000
0000
0000
0000
0000
0000
0000
0000
0000
0000
0000
0000
0000
0000
0000
0000
0000
0000
0000
0000
0000
0000
0000
0000
0000
0000
0000
0000
0000
0000
0000
0000
0000
0000
0000
0000
0000
0000
0000
0000
0000
0000
0000
0000
0000
0000
0000
0000
0000
0000
0000
0000
0000
0000
0000
0000
0000
0000
0000
0000
0000
0000
0000
0000
0000
0000
0000
0000
0000
0000
0000
0000
0000
0000
0000
0000
0000
0000
0000
0000
0000
0000
0000
0000
0000
0000
0000
0000
0000
0000
0000
0000
0000
0000
0000
0000
0000
0000
0000
0000
0000
0000
0000
0000
0000
0000
0000
0000
0000
0000
0000
0000
0000
0000
0000
0000
0000
0000
0000
0000
0000
0000
0000
0000
0000
0000
0000
0000
0000
0000
0000
0000
0000
0000
0000
0000
0000
0000
0000
0000
0000
0000
0000
0000
0000
0000
0000
0000
0000
0000
0000
0000
0000
0000
0000
0000
0000
0000
0000
0000
0000
0000
0000
0000
0000
0000
0000
0000
0000
0000
0000
0000
0000
0000
0000
0000
0000
0000
0000
0000
0000
0000
0000
0000
0000
0000
0000
0000
0000
0000
0000
0000
0000
0000
0000
0000
0000
0000
0000
0000
0000
0000
0000
0000
0000
0000
0000
0000
0000
0000
0000
0000
0000
0000
0000
0000
0000
0000
0000
0000
0000
0000
0000
0000
0000
0000
0000
0000
0000
0000
0000
0000
0000
0000
0000
0000
0000
0000
0000
0000
0000
0000
0000
0000
0000
0000
0000
0000
0000
0000
0000
0000
0000
0000
0000
0000
0000
0000
0000
0000
0000
0000
0000
0000
0000
0000
0000
0000
0000
0000
0000
0000
0000
0000
0000
0000
0000
0000
0000
0000
0000
0000
0000
0000
0000
0000
0000
0000
0000
0000
0000
0000
0000
0000
0000
0000
0000
0000
0000
0000
0000
0000
0000
0000
0000
0000
0000
0000
0000
0000
0000
0000
0000
0000
0000
0000
0000
0000
0000
0000
0000
0000
0000
0000
0000
0000
0000
0000
0000
0000
0000
0000
0000
0000
0000
0000
0000
0000
0000
0000
0000
0000
0000
0000
0000
0000
0000
0000
0000
0000
0000
0000
0000
0000
0000
0000
0000
0000
0000
0000
0000
0000
0000
0000
0000
0000
0000
0000
0000
0000
0000
0000
0000
0000
0000
0000
0000
0000
0000
0000
0000
0000
0000
0000
0000
0000
0000
0000
0000
0000
0000
0000
0000
0000
0000
0000
0000
0000
0000
0000
0000
0000
0000
0000
0000
0000
0000
0000
0000
0000
0000
0000
0000
0000
0000
0000
0000
0000
0000
0000
0000
0000
0000
0000
0000
0000
0000
0000
0000
0000
0000
0000
0000
0000
0000
0000
0000
0000
0000
0000
0000
0000
0000
0000
0000
0000
0000
0000
0000
0000
0000
0000
0000
0000
0000
0000
0000
0000
0000
0000
0000
0000
0000
0000
0000
0000
0000
0000
0000
0000
0000
0000
0000
0000
0000
0000
0000
0000
0000
0000
0000
0000
0000
0000
0000
0000
0000
0000
0000
0000
0000
0000
0000
0000
0000
0000
0000
0000
0000
0000
0000
0000
0000
0000
0000
0000
0000
0000
0000
0000
0000
0000
0000
0000
0000
0000
0000
0000
0000
0000
0000
0000
0000
0000
0000
0000
0000
0000
0000
0000
0000
0000
0000
0000
0000
0000
0000
0000
0000
0000
0000
0000
0000
0000
0000
0000
0000
0000
0000
0000
0000
0000
0000
0000
0000
0000
0000
0000
0000
0000
0000
0000
0000
0000
0000
0000
0000
0000
0000
0000
0000
0000
0000
0000
0000
0000
0000
0000
0000
0000
0000
0000
0000
0000
0000
0000
0000
0000
0000
0000
0000
0000
0000
0000
0000
0000
0000
0000
0000
0000
0000
0000
0000
0000
0000
0000
0000
0000
0000
0000
0000
0000
0000
0000
0000
0000
0000
0000
0000
0000
0000
0000
0000
0000
0000
0000
0000
0000
0000
0000
0000
0000
0000
0000
0000
0000
0000
0000
0000
0000
0000
0000
0000
0000
0000
0000
0000
0000
0000
0000
0000
0000
0000
0000
0000
0000
0000
0000
0000
0000
0000
0000
0000
0000
0000
0000
0000
0000
0000
0000
0000
0000
0000
0000
0000
0000
0000
0000
0000
0000
0000
0000
0000
0000
0000
0000
0000
0000
0000
0000
0000
0000
0000
0000
0000
0000
0000
0000
0000
0000
0000
0000
0000
0000
0000
0000
0000
0000
0000
0000
0000
0000
0000
0000
0000
0000
0000
0000
0000
0000
0000
0000
0000
0000
0000
0000
0000
0000
0000
0000
0000
0000
0000
0000
0000
0000
0000
0000
0000
0000
0000
0000
0000
0000
0000
0000
0000
0000
0000
0000
0000
0000
0000
0000
0000
0000
0000
0000
0000
0000
0000
0000
0000
0000
0000
0000
0000
0000
0000
0000
0000
0000
0000
0000
0000
0000
0000
0000
0000
0000
0000
0000
0000
0000
0000
0000
0000
0000
0000
0000
0000
0000
0000
0000
0000
0000
0000
0000
0000
0000
0000
0000
0000
0000
0000
0000
0000
0000
0000
0000
0000
0000
0000
0000
0000
0000
0000
0000
0000
0000
0000
0000
0000
0000
0000
0000
0000
0000
0000
0000
0000
0000
0000
0000
0000
0000
0000
0000
0000
0000
0000
0000
0000
0000
0000
0000
0000
0000
0000
0000
0000
0000
0000
0000
0000
0000
0000
0000
0000
0000
0000
0000
0000
0000
0000
0000
0000
0000
0000
0000
0000
0000
0000
0000
0000
0000
0000
0000
0000
0000
0000
0000
0000
0000
0000
0000
0000
0000
0000
0000
0000
0000
0000
0000
0000
0000
0000
0000
0000
0000
0000
0000
0000
0000
0000
0000
0000
0000
0000
0000
0000
0000
0000
0000
0000
0000
0000
0000
0000
0000
0000
0000
0000
0000
0000
0000
0000
0000
0000
0000
0000
0000
0000
0000
0000
0000
0000
0000
0000
0000
0000
0000
0000
0000
0000
0000
0000
0000
0000
0000
0000
0000
0000
0000
0000
0000
0000
0000
0000
0000
0000
0000
0000
0000
0000
0000
0000
0000
0000
0000
0000
0000
0000
0000
0000
0000
0000
0000
0000
0000
0000
0000
0000
0000
0000
0000
0000
0000
0000
0000
0000
0000
0000
0000
0000
0000
0000
0000
0000
0000
0000
0000
0000
0000
0000
0000
0000
0000
0000
0000
0000
0000
0000
0000
0000
0000
0000
0000
0000
0000
0000
0000
0000
0000
0000
0000
0000
0000
0000
0000
0000
0000
0000
0000
0000
0000
0000
0000
0000
0000
0000
0000
0000
0000
0000
0000
0000
0000
0000
0000
0000
0000
0000
0000
0000
0000
0000
0000
0000
0000
0000
0000
0000
0000
0000
0000
0000
0000
0000
0000
0000
0000
0000
0000
0000
0000
0000
0000
0000
0000
0000
0000
0000
0000
0000
0000
0000
0000
0000
0000
0000
0000
0000
0000
0000
0000
0000
0000
0000
0000
0000
0000
0000
0000
0000
0000
0000
0000
0000
0000
0000
0000
0000
0000
0000
0000
0000
0000
0000
0000
0000
0000
0000
0000
0000
0000
0000
0000
0000
0000
0000
0000
0000
0000
0000
0000
0000
0000
0000
0000
0000
0000
0000
0000
0000
0000
0000
0000
0000
0000
0000
0000
0000
0000
0000
0000
0000
0000
0000
0000
0000
0000
0000
0000
0000
0000
0000
0000
0000
0000
0000
0000
0000
0000
0000
0000
0000
0000
0000
0000
0000
0000
0000
0000
0000
0000
0000
0000
0000
0000
0000
0000
0000
0000
0000
0000
0000
0000
0000
0000
0000
0000
0000
0000
0000
0000
0000
0000
0000
0000
0000
0000
0000
0000
0000
0000
0000
0000
0000
0000
0000
0000
0000
0000
0000
0000
0000
0000
0000
0000
0000
0000
0000
0000
0000
0000
0000
0000
0000
0000
0000
0000
0000
0000
0000
0000
0000
0000
0000
0000
0000
0000
0000
0000
0000
0000
0000
0000
0000
0000
0000
0000
0000
0000
0000
0000
0000
0000
0000
0000
0000
0000
0000
0000
0000
0000
0000
0000
0000
0000
0000
0000
0000
0000
0000
0000
0000
0000
0000
0000
0000
0000
0000
0000
0000
0000
0000
0000
0000
0000
0000
0000
0000
0000
0000
0000
0000
0000
0000
0000
0000
0000
0000
0000
0000
0000
0000
0000
0000
0000
0000
0000
0000
0000
0000
0000
0000
0000
0000
0000
0000
0000
0000
0000
0000
0000
0000
0000
0000
0000
0000
0000
0000
0000
0000
0000
0000
0000
0000
0000
0000
0000
0000
0000
0000
0000
0000
0000
0000
0000
0000
0000
0000
0000
0000
0000
0000
0000
0000
0000
0000
0000
0000
0000
0000
0000
0000
0000
0000
0000
0000
0000
0000
0000
0000
0000
0000
0000
0000
0000
0000
0000
0000
0000
0000
0000
0000
0000
0000
0000
0000
0000
0000
0000
0000
0000
0000
0000
0000
0000
0000
0000
0000
0000
0000
0000
0000
0000
0000
0000
0000
0000
0000
0000
0000
0000
0000
0000
0000
0000
0000
0000
0000
0000
0000
0000
0000
0000
0000
0000
0000
0000
0000
0000
0000
0000
0000
0000
0000
0000
0000
0000
0000
0000
0000
0000
0000
0000
0000
0000
0000
0000
0000
0000
0000
0000
0000
0000
0000
0000
0000
0000
0000
0000
0000
0000
0000
0000
0000
0000
0000
0000
0000
0000
0000
0000
0000
0000
0000
0000
0000
0000
0000
0000
0000
0000
0000
0000
0000
0000
0000
0000
0000
0000
0000
0000
0000
0000
0000
0000
0000
0000
0000
0000
0000
0000
0000
0000
0000
0000
0000
0000
0000
0000
0000
0000
0000
0000
0000
0000
0000
0000
0000
0000
0000
0000
0000
0000
0000
0000
0000
0000
0000
0000
0000
0000
0000
0000
0000
0000
0000
0000
0000
0000
0000
0000
0000
0000
0000
0000
0000
0000
0000
0000
0000
0000
0000
0000
0000
0000
0000
0000
0000
0000
0000
0000
0000
0000
0000
0000
0000
0000
0000
0000
0000
0000
0000
0000
0000
0000
0000
0000
0000
0000
0000
0000
0000
0000
0000
0000
0000
0000
0000
0000
0000
0000
0000
0000
0000
0000
0000
0000
0000
0000
0000
0000
0000
0000
0000
0000
0000
0000
0000
0000
0000
0000
0000
0000
0000
0000
0000
0000
0000
0000
0000
0000
0000
0000
0000
0000
0000
0000
0000
0000
0000
0000
0000
0000
0000
0000
0000
0000
0000
0000
0000
0000
0000
0000
0000
0000
0000
0000
0000
0000
0000
0000
0000
0000
0000
0000
0000
0000
0000
0000
0000
0000
0000
0000
0000
0000
0000
0000
0000
0000
0000
0000
0000
0000
0000
0000
0000
0000
0000
0000
0000
0000
0000
0000
0000
0000
0000
0000
0000
0000
0000
0000
0000
0000
0000
0000
0000
0000
0000
0000
0000
0000
0000
0000
0000
0000
0000
0000
0000
0000
0000
0000
0000
0000
0000
0000
0000
0000
0000
0000
0000
0000
0000
0000
0000
0000
0000
0000
0000
0000
0000
0000
0000
0000
0000
0000
0000
0000
0000
0000
0000
0000
0000
0000
0000
0000
0000
0000
0000
0000
0000
0000
0000
0000
0000
0000
0000
0000
0000
0000
0000
0000
0000
0000
0000
0000
0000
0000
0000
0000
0000
0000
0000
0000
0000
0000
0000
0000
0000
0000
0000
0000
0000
0000
0000
0000
0000
0000
0000
0000
0000
0000
0000
0000
0000
0000
0000
0000
0000
0000
0000
0000
0000
0000
0000
0000
0000
0000
0000
0000
0000
0000
0000
0000
0000
0000
0000
0000
0000
0000
0000
0000
0000
0000
0000
0000
0000
0000
0000
0000
0000
0000
0000
0000
0000
0000
0000
0000
0000
0000
0000
0000
0000
0000
0000
0000
0000
0000
0000
0000
0000
0000
0000
0000
0000
0000
0000
0000
0000
0000
0000
0000
0000
0000
0000
0000
0000
0000
0000
0000
0000
0000
0000
0000
0000
0000
0000
0000
0000
0000
0000
0000
0000
0000
0000
0000
0000
0000
0000
0000
0000
0000
0000
0000
0000
0000
0000
0000
0000
0000
0000
0000
0000
0000
0000
0000
0000
0000
0000
0000
0000
0000
0000
0000
0000
0000
0000
0000
0000
0000
0000
0000
0000
0000
0000
0000
0000
0000
0000
0000
0000
0000
0000
0000
0000
0000
0000
0000
0000
0000
0000
0000
0000
0000
0000
0000
0000
0000
0000
0000
0000
0000
0000
0000
0000
0000
0000
0000
0000
0000
0000
0000
0000
0000
0000
0000
0000
0000
0000
0000
0000
0000
0000
0000
0000
0000
0000
0000
0000
0000
0000
0000
0000
0000
0000
0000
0000
0000
0000
0000
0000
0000
0000
0000
0000
0000
0000
0000
0000
0000
0000
0000
0000
0000
0000
0000
0000
0000
0000
0000
0000
0000
0000
0000
0000
0000
0000
0000
0000
0000
0000
0000
0000
0000
0000
0000
0000
0000
0000
0000
0000
0000
0000
0000
0000
0000
0000
0000
0000
0000
0000
0000
0000
0000
0000
0000
0000
0000
0000
0000
0000
0000
0000
0000
0000
0000
0000
0000
0000
0000
0000
0000
0000
0000
0000
0000
0000
0000
0000
0000
0000
0000
0000
0000
0000
0000
0000
0000
0000
0000
0000
0000
0000
0000
0000
0000
0000
0000
0000
0000
0000
0000
0000
0000
0000
0000
0000
0000
0000
0000
0000
0000
0000
0000
0000
0000
0000
0000
0000
0000
0000
0000
0000
0000
0000
0000
0000
0000
0000
0000
0000
0000
0000
0000
0000
0000
0000
0000
0000
0000
0000
0000
0000
0000
0000
0000
0000
0000
0000
0000
0000
0000
0000
0000
0000
0000
0000
0000
0000
0000
0000
0000
0000
0000
0000
0000
0000
0000
0000
0000
0000
0000
0000
0000
0000
0000
0000
0000
0000
0000
0000
0000
0000
0000
0000
0000
0000
0000
0000
0000
0000
0000
0000
0000
0000
0000
0000
0000
0000
0000
0000
0000
0000
0000
0000
0000
0000
0000
0000
0000
0000
0000
0000
0000
0000
0000
0000
0000
0000
0000
0000
0000
0000
0000
0000
0000
0000
0000
0000
0000
0000
0000
0000
0000
0000
0000
0000
0000
0000
0000
0000
0000
0000
0000
0000
0000
0000
0000
0000
0000
0000
0000
0000
0000
0000
0000
0000
0000
0000
0000
0000
0000
0000
0000
0000
0000
0000
0000
0000
0000
0000
0000
0000
0000
0000
0000
0000
0000
0000
0000
0000
0000
0000
0000
0000
0000
0000
0000
0000
0000
0000
0000
0000
0000
0000
0000
0000
0000
0000
0000
0000
0000
0000
0000
0000
0000
0000
0000
0000
0000
0000
0000
0000
0000
0000
0000
0000
0000
0000
0000
0000
0000
0000
0000
0000
0000
0000
0000
0000
0000
0000
0000
0000
0000
0000
0000
0000
0000
0000
0000
0000
0000
0000
0000
0000
0000
0000
0000
0000
0000
0000
0000
0000
0000
0000
0000
0000
0000
0000
0000
0000
0000
0000
0000
0000
0000
0000
0000
0000
0000
0000
0000
0000
0000
0000
0000
0000
0000
0000
0000
0000
0000
0000
0000
0000
0000
0000
0000
0000
0000
0000
0000
0000
0000
0000
0000
0000
0000
0000
0000
0000
0000
0000
0000
0000
0000
0000
0000
0000
0000
0000
0000
0000
0000
0000
0000
0000
0000
0000
0000
0000
0000
0000
0000
0000
0000
0000
0000
0000
0000
0000
0000
0000
0000
0000
0000
0000
0000
0000
0000
0000
0000
0000
0000
0000
0000
0000
0000
0000
0000
0000
0000
0000
0000
0000
0000
0000
0000
0000
0000
0000
0000
0000
0000
0000
0000
0000
0000
0000
0000
0000
0000
0000
0000
0000
0000
0000
0000
0000
0000
0000
0000
0000
0000
0000
0000
0000
0000
0000
0000
0000
0000
0000
0000
0000
0000
0000
0000
0000
0000
0000
0000
0000
0000
0000
0000
0000
0000
0000
0000
0000
0000
0000
0000
0000
0000
0000
0000
0000
0000
0000
0000
0000
0000
0000
0000
0000
0000
0000
0000
0000
0000
0000
0000
0000
0000
0000
0000
0000
0000
0000
0000
0000
0000
0000
0000
0000
0000
0000
0000
0000
0000
0000
0000
0000
0000
0000
0000
0000
0000
0000
0000
0000
0000
0000
0000
0000
0000
0000
0000
0000
0000
0000
0000
0000
0000
0000
0000
0000
0000
0000
0000
0000
0000
0000
0000
0000
0000
0000
0000
0000
0000
0000
0000
0000
0000
0000
0000
0000
0000
0000
0000
0000
0000
0000
0000
0000
0000
0000
0000
0000
0000
0000
0000
0000
0000
0000
0000
0000
0000
0000
0000
0000
0000
0000
0000
0000
0000
0000
0000
0000
0000
0000
0000
0000
0000
0000
0000
0000
0000
0000
0000
0000
0000
0000
0000
0000
0000
0000
0000
0000
0000
0000
0000
0000
0000
0000
0000
0000
0000
0000
0000
0000
0000
0000
0000
0000
0000
0000
0000
0000
0000
0000
0000
0000
0000
0000
0000
0000
0000
0000
0000
0000
0000
0000
0000
0000
0000
0000
0000
0000
0000
0000
0000
0000
0000
0000
0000
0000
0000
0000
0000
0000
0000
0000
0000
0000
0000
0000
0000
0000
0000
0000
0000
0000
0000
0000
0000
0000
0000
0000
0000
0000
0000
0000
0000
0000
0000
0000
0000
0000
0000
0000
0000
0000
0000
0000
0000
0000
0000
0000
0000
0000
0000
0000
0000
0000
0000
0000
0000
0000
0000
0000
0000
0000
0000
0000
0000
0000
0000
0000
0000
0000
0000
0000
0000
0000
0000
0000
0000
0000
0000
0000
0000
0000
0000
0000
0000
0000
0000
0000
0000
0000
0000
0000
0000
0000
0000
0000
0000
0000
0000
0000
0000
0000
0000
0000
0000
0000
0000
0000
0000
0000
0000
0000
0000
0000
0000
0000
0000
0000
0000
0000
0000
0000
0000
0000
0000
0000
0000
0000
0000
0000
0000
0000
0000
0000
0000
0000
0000
0000
0000
0000
0000
0000
0000
0000
0000
0000
0000
0000
0000
0000
0000
0000
0000
0000
0000
0000
0000
0000
0000
0000
0000
0000
0000
0000
0000
0000
0000
0000
0000
0000
0000
0000
0000
0000
0000
0000
0000
0000
0000
0000
0000
0000
0000
0000
0000
0000
0000
0000
0000
0000
0000
0000
0000
0000
0000
0000
0000
0000
0000
0000
0000
0000
0000
0000
0000
0000
0000
0000
0000
0000
0000
0000
0000
0000
0000
0000
0000
0000
0000
0000
0000
0000
0000
0000
0000
0000
0000
0000
0000
0000
0000
0000
0000
0000
0000
0000
0000
0000
0000
0000
0000
0000
0000
0000
0000
0000
0000
0000
0000
0000
0000
0000
0000
0000
0000
0000
0000
0000
0000
0000
0000
0000
0000
0000
0000
0000
0000
0000
0000
0000
0000
0000
0000
0000
0000
0000
0000
0000
0000
0000
0000
0000
0000
0000
0000
0000
0000
0000
0000
0000
0000
0000
0000
0000
0000
0000
0000
0000
0000
0000
0000
0000
0000
0000
0000
0000
0000
0000
0000
0000
0000
0000
0000
0000
0000
0000
0000
0000
0000
0000
0000
0000
0000
0000
0000
0000
0000
0000
0000
0000
0000
0000
0000
0000
0000
0000
0000
0000
0000
0000
0000
0000
0000
0000
0000
0000
0000
0000
0000
0000
0000
0000
0000
0000
0000
0000
0000
0000
0000
0000
0000
0000
0000
0000
0000
0000
0000
0000
0000
0000
0000
0000
0000
0000
0000
0000
0000
0000
0000
0000
0000
0000
0000
0000
0000
0000
0000
0000
0000
0000
0000
0000
0000
0000
0000
0000
0000
0000
0000
0000
0000
0000
0000
0000
0000
0000
0000
0000
0000
0000
0000
0000
0000
0000
0000
0000
0000
0000
0000
0000
0000
0000
0000
0000
0000
0000
0000
0000
0000
0000
0000
0000
0000
0000
0000
0000
0000
0000
0000
0000
0000
0000
0000
0000
0000
0000
0000
0000
0000
0000
0000
0000
0000
0000
0000
0000
0000
0000
0000
0000
0000
0000
0000
0000
0000
0000
0000
0000
0000
0000
0000
0000
0000
0000
0000
0000
0000
0000
0000
0000
0000
0000
0000
0000
0000
0000
0000
0000
0000
0000
0000
0000
0000
0000
0000
0000
0000
0000
0000
0000
0000
0000
0000
0000
0000
0000
0000
0000
0000
0000
0000
0000
0000
0000
0000
0000
0000
0000
0000
0000
0000
0000
0000
0000
0000
0000
0000
0000
0000
0000
0000
0000
0000
0000
0000
0000
0000
0000
0000
0000
0000
0000
0000
0000
0000
0000
0000
0000
0000
0000
0000
0000
0000
0000
0000
0000
0000
0000
0000
0000
0000
0000
0000
0000
0000
0000
0000
0000
0000
0000
0000
0000
0000
0000
0000
0000
0000
0000
0000
0000
0000
0000
0000
0000
0000
0000
0000
0000
0000
0000
0000
0000
0000
0000
0000
0000
0000
0000
0000
0000
0000
0000
0000
0000
0000
0000
0000
0000
0000
0000
0000
0000
0000
0000
0000
0000
0000
0000
0000
0000
0000
0000
0000
0000
0000
0000
0000
0000
0000
0000
0000
0000
0000
0000
0000
0000
0000
0000
0000
0000
0000
0000
0000
0000
0000
0000
0000
0000
0000
0000
0000
0000
0000
0000
0000
0000
0000
0000
0000
0000
0000
0000
0000
0000
0000
0000
0000
0000
0000
0000
0000
0000
0000
0000
0000
0000
0000
0000
0000
0000
0000
0000
0000
0000
0000
0000
0000
0000
0000
0000
0000
0000
0000
0000
0000
0000
0000
0000
0000
0000
0000
0000
0000
0000
0000
0000
0000
0000
0000
0000
0000
0000
0000
0000
0000
0000
0000
0000
0000
0000
0000
0000
0000
0000
0000
0000
0000
0000
0000
0000
0000
0000
0000
0000
0000
0000
0000
0000
0000
0000
0000
0000
0000
0000
0000
0000
0000
0000
0000
0000
0000
0000
0000
0000
0000
0000
0000
0000
0000
0000
0000
0000
0000
0000
0000
0000
0000
0000
0000
0000
0000
0000
0000
0000
0000
0000
0000
0000
0000
0000
0000
0000
0000
0000
0000
0000
0000
0000
0000
0000
0000
0000
0000
0000
0000
0000
0000
0000
0000
0000
0000
0000
0000
0000
0000
0000
0000
0000
0000
0000
0000
0000
0000
0000
0000
0000
0000
0000
0000
0000
0000
0000
0000
0000
0000
0000
0000
0000
0000
0000
0000
0000
0000
0000
0000
0000
0000
0000
0000
0000
0000
0000
0000
0000
0000
0000
0000
0000
0000
0000
0000
0000
0000
0000
0000
0000
0000
0000
0000
0000
0000
0000
0000
0000
0000
0000
0000
0000
0000
0000
0000
0000
0000
0000
0000
0000
0000
0000
0000
0000
0000
0000
0000
0000
0000
0000
0000
0000
0000
0000
0000
0000
0000
0000
0000
0000
0000
0000
0000
0000
0000
0000
0000
0000
0000
0000
0000
0000
0000
0000
0000
0000
0000
0000
0000
0000
0000
0000
0000
0000
0000
0000
0000
0000
0000
0000
0000
0000
0000
0000
0000
0000
0000
0000
0000
0000
0000
0000
0000
0000
0000
0000
0000
0000
0000
0000
0000
0000
0000
0000
0000
0000
0000
0000
0000
0000
0000
0000
0000
0000
0000
0000
0000
0000
0000
0000
0000
0000
0000
0000
0000
0000
0000
0000
0000
0000
0000
0000
0000
0000
0000
0000
0000
0000
0000
0000
0000
0000
0000
0000
0000
0000
0000
0000
0000
0000
0000
0000
0000
0000
0000
0000
0000
0000
0000
0000
0000
0000
0000
0000
0000
0000
0000
0000
0000
0000
0000
0000
0000
0000
0000
0000
0000
0000
0000
0000
0000
0000
0000
0000
0000
0000
0000
0000
0000
0000
0000
0000
0000
0000
0000
0000
0000
0000
0000
0000
0000
0000
0000
0000
0000
0000
0000
0000
0000
0000
0000
0000
0000
0000
0000
0000
0000
0000
0000
0000
0000
0000
0000
0000
0000
0000
0000
0000
0000
0000
0000
0000
0000
0000
0000
0000
0000
0000
0000
0000
0000
0000
0000
0000
0000
0000
0000
0000
0000
0000
0000
0000
0000
0000
0000
0000
0000
0000
0000
0000
0000
0000
0000
0000
0000
0000
0000
0000
0000
0000
0000
0000
0000
0000
0000
0000
0000
0000
0000
0000
0000
0000
0000
0000
0000
0000
0000
0000
0000
0000
0000
0000
0000
0000
0000
0000
0000
0000
0000
0000
0000
0000
0000
0000
0000
0000
0000
0000
0000
0000
0000
0000
0000
0000
0000
0000
0000
0000
0000
0000
0000
0000
0000
0000
0000
0000
0000
0000
0000
0000
0000
0000
0000
0000
0000
0000
0000
0000
0000
0000
0000
0000
0000
0000
0000
0000
0000
0000
0000
0000
0000
0000
0000
0000
0000
0000
0000
0000
0000
0000
0000
0000
0000
0000
0000
0000
0000
0000
0000
0000
0000
0000
0000
0000
0000
0000
0000
0000
0000
0000
0000
0000
0000
0000
0000
0000
0000
0000
0000
0000
0000
0000
0000
0000
0000
0000
0000
0000
0000
0000
0000
0000
0000
0000
0000
0000
0000
0000
0000
0000
0000
0000
0000
0000
0000
0000
0000
0000
0000
0000
0000
0000
0000
0000
0000
0000
0000
0000
0000
0000
0000
0000
0000
0000
0000
0000
0000
0000
0000
0000
0000
0000
0000
0000
0000
0000
0000
0000
0000
0000
0000
0000
0000
0000
0000
0000
0000
0000
0000
0000
0000
0000
0000
0000
0000
0000
0000
0000
0000
0000
0000
0000
0000
0000
0000
0000
0000
0000
0000
0000
0000
0000
0000
0000
0000
0000
0000
0000
0000
0000
0000
0000
0000
0000
0000
0000
0000
0000
0000
0000
0000
0000
0000
0000
0000
0000
0000
0000
0000
0000
0000
0000
0000
0000
0000
0000
0000
0000
0000
0000
0000
0000
0000
0000
0000
0000
0000
0000
0000
0000
0000
0000
0000
0000
0000
0000
0000
0000
0000
0000
0000
0000
0000
0000
0000
0000
0000
0000
0000
0000
0000
0000
0000
0000
0000
0000
0000
0000
0000
0000
0000
0000
0000
0000
0000
0000
0000
0000
0000
0000
0000
0000
0000
0000
0000
0000
0000
0000
0000
0000
0000
0000
0000
0000
0000
0000
0000
0000
0000
0000
0000
0000
0000
0000
0000
0000
0000
0000
0000
0000
0000
0000
0000
0000
0000
0000
0000
0000
0000
0000
0000
0000
0000
0000
0000
0000
0000
0000
0000
0000
0000
0000
0000
0000
0000
0000
0000
0000
0000
0000
0000
0000
0000
0000
0000
0000
0000
0000
0000
0000
0000
0000
0000
0000
0000
0000
0000
0000
0000
0000
0000
0000
0000
0000
0000
0000
0000
0000
0000
0000
0000
0000
0000
0000
0000
0000
0000
0000
0000
0000
0000
0000
0000
0000
0000
0000
0000
0000
0000
0000
0000
0000
0000
0000
0000
0000
0000
0000
0000
0000
0000
0000
0000
0000
0000
0000
0000
0000
0000
0000
0000
0000
0000
0000
0000
0000
0000
0000
0000
0000
0000
0000
0000
0000
0000
0000
0000
0000
0000
0000
0000
0000
0000
0000
0000
0000
0000
0000
0000
0000
0000
0000
0000
0000
0000
0000
0000
0000
0000
0000
0000
0000
0000
0000
0000
0000
0000
0000
0000
0000
0000
0000
0000
0000
0000
0000
0000
0000
0000
0000
0000
0000
0000
0000
0000
0000
0000
0000
0000
0000
0000
0000
0000
0000
0000
0000
0000
0000
0000
0000
0000
0000
0000
0000
0000
0000
0000
0000
0000
0000
0000
0000
0000
0000
0000
0000
0000
0000
0000
0000
0000
0000
0000
0000
0000
0000
0000
0000
0000
0000
0000
0000
0000
0000
0000
0000
0000
0000
0000
0000
0000
0000
0000
0000
0000
0000
0000
0000
0000
0000
0000
0000
0000
0000
0000
0000
0000
0000
0000
0000
0000
0000
0000
0000
0000
0000
0000
0000
0000
0000
0000
0000
0000
0000
0000
0000
0000
0000
0000
0000
0000
0000
0000
0000
0000
0000
0000
0000
0000
0000
0000
0000
0000
0000
0000
0000
0000
0000
0000
0000
0000
0000
0000
0000
0000
0000
0000
0000
0000
0000
0000
0000
0000
0000
0000
0000
0000
0000
0000
0000
0000
0000
0000
0000
0000
0000
0000
0000
0000
0000
0000
0000
0000
0000
0000
0000
0000
0000
0000
0000
0000
0000
0000
0000
0000
0000
0000
0000
0000
0000
0000
0000
0000
0000
0000
0000
0000
0000
0000
0000
0000
0000
0000
0000
0000
0000
0000
0000
0000
0000
0000
0000
0000
0000
0000
0000
0000
0000
0000
0000
0000
0000
0000
0000
0000
0000
0000
0000
0000
0000
0000
0000
0000
0000
0000
0000
0000
0000
0000
0000
0000
0000
0000
0000
0000
0000
0000
0000
0000
0000
0000
0000
0000
0000
0000
0000
0000
0000
0000
0000
0000
0000
0000
0000
0000
0000
0000
0000
0000
0000
0000
0000
0000
0000
0000
0000
0000
0000
0000
0000
0000
0000
0000
0000
0000
0000
0000
0000
0000
0000
0000
0000
0000
0000
0000
0000
0000
0000
0000
0000
0000
0000
0000
0000
0000
0000
0000
0000
0000
0000
0000
0000
0000
0000
0000
0000
0000
0000
0000
0000
0000
0000
0000
0000
0000
0000
0000
0000
0000
0000
0000
0000
0000
0000
0000
0000
0000
0000
0000
0000
0000
0000
0000
0000
0000
0000
0000
0000
0000
0000
0000
0000
0000
0000
0000
0000
0000
0000
0000
0000
0000
0000
0000
0000
0000
0000
0000
0000
0000
0000
0000
0000
0000
0000
0000
0000
0000
0000
0000
0000
0000
0000
0000
0000
0000
0000
0000
0000
0000
0000
0000
0000
0000
0000
0000
0000
0000
0000
0000
0000
0000
0000
0000
0000
0000
0000
0000
0000
0000
0000
0000
0000
0000
0000
0000
0000
0000
0000
0000
0000
0000
0000
0000
0000
0000
0000
0000
0000
0000
0000
0000
0000
0000
0000
0000
0000
0000
0000
0000
0000
0000
0000
0000
0000
0000
0000
0000
0000
0000
0000
0000
0000
0000
0000
0000
0000
0000
0000
0000
0000
0000
0000
0000
0000
0000
0000
0000
0000
0000
0000
0000
0000
0000
0000
0000
0000
0000
0000
0000
0000
0000
0000
0000
0000
0000
0000
0000
0000
0000
0000
0000
0000
0000
0000
0000
0000
0000
0000
0000
0000
0000
0000
0000
0000
0000
0000
0000
0000
0000
0000
0000
0000
0000
0000
0000
0000
0000
0000
0000
0000
0000
0000
0000
0000
0000
0000
0000
0000
0000
0000
0000
0000
0000
0000
0000
0000
0000
0000
0000
0000
0000
0000
0000
0000
0000
0000
0000
0000
0000
0000
0000
0000
0000
0000
0000
0000
0000
0000
0000
0000
0000
0000
0000
0000
0000
0000
0000
0000
0000
0000
0000
0000
0000
0000
0000
0000
0000
0000
0000
0000
0000
0000
0000
0000
0000
0000
0000
0000
0000
0000
0000
0000
0000
0000
0000
0000
0000
0000
0000
0000
0000
0000
0000
0000
0000
0000
0000
0000
0000
0000
0000
0000
0000
0000
0000
0000
0000
0000
0000
0000
0000
0000
0000
0000
0000
0000
0000
0000
0000
0000
0000
0000
0000
0000
0000
0000
0000
0000
0000
0000
0000
0000
0000
0000
0000
0000
0000
0000
0000
0000
0000
0000
0000
0000
0000
0000
0000
0000
0000
0000
0000
0000
0000
0000
0000
0000
0000
0000
0000
0000
0000
0000
0000
0000
0000
0000
0000
0000
0000
0000
0000
0000
0000
0000
0000
0000
0000
0000
0000
0000
0000
0000
0000
0000
0000
0000
0000
0000
0000
0000
0000
0000
0000
0000
0000
0000
0000
0000
0000
0000
0000
0000
0000
0000
0000
0000
0000
0000
0000
0000
0000
0000
0000
0000
0000
0000
0000
0000
0000
0000
0000
0000
0000
0000
0000
0000
0000
0000
0000
0000
0000
0000
0000
0000
0000
0000
0000
0000
0000
0000
0000
0000
0000
0000
0000
0000
0000
0000
0000
0000
0000
0000
0000
0000
0000
0000
0000
0000
0000
0000
0000
0000
0000
0000
0000
0000
0000
0000
0000
0000
0000
0000
0000
0000
0000
0000
0000
0000
0000
0000
0000
0000
0000
0000
0000
0000
0000
0000
0000
0000
0000
0000
0000
0000
0000
0000
0000
0000
0000
0000
0000
0000
0000
0000
0000
0000
0000
0000
0000
0000
0000
0000
0000
0000
0000
0000
0000
0000
0000
0000
0000
0000
0000
0000
0000
0000
0000
0000
0000
0000
0000
0000
0000
0000
0000
0000
0000
0000
0000
0000
0000
0000
0000
0000
0000
0000
0000
0000
0000
0000
0000
0000
0000
0000
0000
0000
0000
0000
0000
0000
0000
0000
0000
0000
0000
0000
0000
0000
0000
0000
0000
0000
0000
0000
0000
0000
0000
0000
0000
0000
0000
0000
0000
0000
0000
0000
0000
0000
0000
0000
0000
0000
0000
0000
0000
0000
0000
0000
0000
0000
0000
0000
0000
0000
0000
0000
0000
0000
0000
0000
0000
0000
0000
0000
0000
0000
0000
0000
0000
0000
0000
0000
0000
0000
0000
0000
0000
0000
0000
0000
0000
0000
0000
0000
0000
0000
0000
0000
0000
0000
0000
0000
0000
0000
0000
0000
0000
0000
0000
0000
0000
0000
0000
0000
0000
0000
0000
0000
0000
0000
0000
0000
0000
0000
0000
0000
0000
0000
0000
0000
0000
0000
0000
0000
0000
0000
0000
0000
0000
0000
0000
0000
0000
0000
0000
0000
0000
0000
0000
0000
0000
0000
0000
0000
0000
0000
0000
0000
0000
0000
0000
0000
0000
0000
0000
0000
0000
0000
0000
0000
0000
0000
0000
0000
0000
0000
0000
0000
0000
0000
0000
0000
0000
0000
0000
0000
0000
0000
0000
0000
0000
0000
0000
0000
0000
0000
0000
0000
0000
0000
0000
0000
0000
0000
0000
0000
0000
0000
0000
0000
0000
0000
0000
0000
0000
0000
0000
0000
0000
0000
0000
0000
0000
0000
0000
0000
0000
0000
0000
0000
0000
0000
0000
0000
0000
0000
0000
0000
0000
0000
0000
0000
0000
0000
0000
0000
0000
0000
0000
0000
0000
0000
0000
0000
0000
0000
0000
0000
0000
0000
0000
0000
0000
0000
0000
0000
0000
0000
0000
0000
0000
0000
0000
0000
0000
0000
0000
0000
0000
0000
0000
0000
0000
0000
0000
0000
0000
0000
0000
0000
0000
0000
0000
0000
0000
0000
0000
0000
0000
0000
0000
0000
0000
0000
0000
0000
0000
0000
0000
0000
0000
0000
0000
0000
0000
0000
0000
0000
0000
0000
0000
0000
0000
0000
0000
0000
0000
0000
0000
0000
0000
0000
0000
0000
0000
0000
0000
0000
0000
0000
0000
0000
0000
0000
0000
0000
0000
0000
0000
0000
0000
0000
0000
0000
0000
0000
0000
0000
0000
0000
0000
0000
0000
0000
0000
0000
0000
0000
0000
0000
0000
0000
0000
0000
0000
0000
0000
0000
0000
0000
0000
0000
0000
0000
0000
0000
0000
0000
0000
0000
0000
0000
0000
0000
0000
0000
0000
0000
0000
0000
0000
0000
0000
0000
0000
0000
0000
0000
0000
0000
0000
0000
0000
0000
0000
0000
0000
0000
0000
0000
0000
0000
0000
0000
0000
0000
0000
0000
0000
0000
0000
0000
0000
0000
0000
0000
0000
0000
0000
0000
0000
0000
0000
0000
0000
0000
0000
0000
0000
0000
0000
0000
0000
0000
0000
0000
0000
0000
0000
0000
0000
0000
0000
0000
0000
0000
0000
0000
0000
0000
0000
0000
0000
0000
0000
0000
0000
0000
0000
0000
0000
0000
0000
0000
0000
0000
0000
0000
0000
0000
0000
0000
0000
0000
0000
0000
0000
0000
0000
0000
0000
0000
0000
0000
0000
0000
0000
0000
0000
0000
0000
0000
0000
0000
0000
0000
0000
0000
0000
0000
0000
0000
0000
0000
0000
0000
0000
0000
0000
0000
0000
0000
0000
0000
0000
0000
0000
0000
0000
0000
0000
0000
0000
0000
0000
0000
0000
0000
0000
0000
0000
0000
0000
0000
0000
0000
0000
0000
0000
0000
0000
0000
0000
0000
0000
0000
0000
0000
0000
0000
0000
0000
0000
0000
0000
0000
0000
0000
0000
0000
0000
0000
0000
0000
0000
0000
0000
0000
0000
0000
0000
0000
0000
0000
0000
0000
0000
0000
0000
0000
0000
0000
0000
0000
0000
0000
0000
0000
0000
0000
0000
0000
0000
0000
0000
0000
0000
0000
0000
0000
0000
0000
0000
0000
0000
0000
0000
0000
0000
0000
0000
0000
0000
0000
0000
0000
0000
0000
0000
0000
0000
0000
0000
0000
0000
0000
0000
0000
0000
0000
0000
0000
0000
0000
0000
0000
0000
0000
0000
0000
0000
0000
0000
0000
0000
0000
0000
0000
0000
0000
0000
0000
0000
0000
0000
0000
0000
0000
0000
0000
0000
0000
0000
0000
0000
0000
0000
0000
0000
0000
0000
0000
0000
0000
0000
0000
0000
0000
0000
0000
0000
0000
0000
0000
0000
0000
0000
0000
0000
0000
0000
0000
0000
0000
0000
0000
0000
0000
0000
0000
0000
0000
0000
0000
0000
0000
0000
0000
0000
0000
0000
0000
0000
0000
0000
0000
0000
0000
0000
0000
0000
0000
0000
0000
0000
0000
0000
0000
0000
0000
0000
0000
0000
0000
0000
0000
0000
0000
0000
0000
0000
0000
0000
0000
0000
0000
0000
0000
0000
0000
0000
0000
0000
0000
0000
0000
0000
0000
0000
0000
0000
0000
0000
0000
0000
0000
0000
0000
0000
0000
0000
0000
0000
0000
0000
0000
0000
0000
0000
0000
0000
0000
0000
0000
0000
0000
0000
0000
0000
0000
0000
0000
0000
0000
0000
0000
0000
0000
0000
0000
0000
0000
0000
0000
0000
0000
0000
0000
0000
0000
0000
0000
0000
0000
0000
0000
0000
0000
0000
0000
0000
0000
0000
0000
0000
0000
0000
0000
0000
0000
0000
0000
0000
0000
0000
0000
0000
0000
0000
0000
0000
0000
0000
0000
0000
0000
0000
0000
0000
0000
0000
0000
0000
0000
0000
0000
0000
0000
0000
0000
0000
0000
0000
0000
0000
0000
0000
0000
0000
0000
0000
0000
0000
0000
0000
0000
0000
0000
0000
0000
0000
0000
0000
0000
0000
0000
0000
0000
0000
0000
0000
0000
0000
0000
0000
0000
0000
0000
0000
0000
0000
0000
0000
0000
0000
0000
0000
0000
0000
0000
0000
0000
0000
0000
0000
0000
0000
0000
0000
0000
0000
0000
0000
0000
0000
0000
0000
0000
0000
0000
0000
0000
0000
0000
0000
0000
0000
0000
0000
0000
0000
0000
0000
0000
0000
0000
0000
0000
0000
0000
0000
0000
0000
0000
0000
0000
0000
0000
0000
0000
0000
0000
0000
0000
0000
0000
0000
0000
0000
0000
0000
0000
0000
0000
0000
0000
0000
0000
0000
0000
0000
0000
0000
0000
0000
0000
0000
0000
0000
0000
0000
0000
0000
0000
0000
0000
0000
0000
0000
0000
0000
0000
0000
0000
0000
0000
0000
0000
0000
0000
0000
0000
0000
0000
0000
0000
0000
0000
0000
0000
0000
0000
0000
0000
0000
0000
0000
0000
0000
0000
0000
0000
0000
0000
0000
0000
0000
0000
0000
0000
0000
0000
0000
0000
0000
0000
0000
0000
0000
0000
0000
0000
0000
0000
0000
0000
0000
0000
0000
0000
0000
0000
0000
0000
0000
0000
0000
0000
0000
0000
0000
0000
0000
0000
0000
0000
0000
0000
0000
0000
0000
0000
0000
0000
0000
0000
0000
0000
0000
0000
0000
0000
0000
0000
0000
0000
0000
0000
0000
0000
0000
0000
0000
0000
0000
0000
0000
0000
0000
0000
0000
0000
0000
0000
0000
0000
0000
0000
0000
0000
0000
0000
0000
0000
0000
0000
0000
0000
0000
0000
0000
0000
0000
0000
0000
0000
0000
0000
0000
0000
0000
0000
0000
0000
0000
0000
0000
0000
0000
0000
0000
0000
0000
0000
0000
0000
0000
0000
0000
0000
0000
0000
0000
0000
0000
0000
0000
0000
0000
0000
0000
0000
0000
0000
0000
0000
0000
0000
0000
0000
0000
0000
0000
0000
0000
0000
0000
0000
0000
0000
0000
0000
0000
0000
0000
0000
0000
0000
0000
0000
0000
0000
0000
0000
0000
0000
0000
0000
0000
0000
0000
0000
0000
0000
0000
0000
0000
0000
0000
0000
0000
0000
0000
0000
0000
0000
0000
0000
0000
0000
0000
0000
0000
0000
0000
0000
0000
0000
0000
0000
0000
0000
0000
0000
0000
0000
0000
0000
0000
0000
0000
0000
0000
0000
0000
0000
0000
0000
0000
0000
0000
0000
0000
0000
0000
0000
0000
0000
0000
0000
0000
0000
0000
0000
0000
0000
0000
0000
0000
0000
0000
0000
0000
0000
0000
0000
0000
0000
0000
0000
0000
0000
0000
0000
0000
0000
0000
0000
0000
0000
0000
0000
0000
0000
0000
0000
0000
0000
0000
0000
0000
0000
0000
0000
0000
0000
0000
0000
0000
0000
0000
0000
0000
0000
0000
0000
0000
0000
0000
0000
0000
0000
0000
0000
0000
0000
0000
0000
0000
0000
0000
0000
0000
0000
0000
0000
0000
0000
0000
0000
0000
0000
0000
0000
0000
0000
0000
0000
0000
0000
0000
0000
0000
0000
0000
0000
0000
0000
0000
0000
0000
0000
0000
0000
0000
0000
0000
0000
0000
0000
0000
0000
0000
0000
0000
0000
0000
0000
0000
0000
0000
0000
0000
0000
0000
0000
0000
0000
0000
0000
0000
0000
0000
0000
0000
0000
0000
0000
0000
0000
0000
0000
0000
0000
0000
0000
0000
0000
0000
0000
0000
0000
0000
0000
0000
0000
0000
0000
0000
0000
0000
0000
0000
0000
0000
0000
0000
0000
0000
0000
0000
0000
0000
0000
0000
0000
0000
0000
0000
0000
0000
0000
0000
0000
0000
0000
0000
0000
0000
0000
0000
0000
0000
0000
0000
0000
0000
0000
0000
0000
0000
0000
0000
0000
0000
0000
0000
0000
0000
0000
0000
0000
0000
0000
0000
0000
0000
0000
0000
0000
0000
0000
0000
0000
0000
0000
0000
0000
0000
0000
0000
0000
0000
0000
0000
0000
0000
0000
0000
0000
0000
0000
0000
0000
0000
0000
0000
0000
0000
0000
0000
0000
0000
0000
0000
0000
0000
0000
0000
0000
0000
0000
0000
0000
0000
0000
0000
0000
0000
0000
0000
0000
0000
0000
0000
0000
0000
0000
0000
0000
0000
0000
0000
0000
0000
0000
0000
0000
0000
0000
0000
0000
0000
0000
0000
0000
0000
0000
0000
0000
0000
0000
0000
0000
0000
0000
0000
0000
0000
0000
0000
0000
0000
0000
0000
0000
0000
0000
0000
0000
0000
0000
0000
0000
0000
0000
0000
0000
0000
0000
0000
0000
0000
0000
0000
0000
0000
0000
0000
0000
0000
0000
0000
0000
0000
0000
0000
0000
0000
0000
0000
0000
0000
0000
0000
0000
0000
0000
0000
0000
0000
0000
0000
0000
0000
0000
0000
0000
0000
0000
0000
0000
0000
0000
0000
0000
0000
0000
0000
0000
0000
0000
0000
0000
0000
0000
0000
0000
0000
0000
0000
0000
0000
0000
0000
0000
0000
0000
0000
0000
0000
0000
0000
0000
0000
0000
0000
0000
0000
0000
0000
0000
0000
0000
0000
0000
0000
0000
0000
0000
0000
0000
0000
0000
0000
0000
0000
0000
0000
0000
0000
0000
0000
0000
0000
0000
0000
0000
0000
0000
0000
0000
0000
0000
0000
0000
0000
0000
0000
0000
0000
0000
0000
0000
0000
0000
0000
0000
0000
0000
0000
0000
0000
0000
0000
0000
0000
0000
0000
0000
0000
0000
0000
0000
0000
0000
0000
0000
0000
0000
0000
0000
0000
0000
0000
0000
0000
0000
0000
0000
0000
0000
0000
0000
0000
0000
0000
0000
0000
0000
0000
0000
0000
0000
0000
0000
0000
0000
0000
0000
0000
0000
0000
0000
0000
0000
0000
0000
0000
0000
0000
0000
0000
0000
0000
0000
0000
0000
0000
0000
0000
0000
0000
0000
0000
0000
0000
0000
0000
0000
0000
0000
0000
0000
0000
0000
0000
0000
0000
0000
0000
0000
0000
0000
0000
0000
0000
0000
0000
0000
0000
0000
0000
0000
0000
0000
0000
0000
0000
0000
0000
0000
0000
0000
0000
0000
0000
0000
0000
0000
0000
0000
0000
0000
0000
0000
0000
0000
0000
0000
0000
0000
0000
0000
0000
0000
0000
0000
0000
0000
0000
0000
0000
0000
0000
0000
0000
0000
0000
0000
0000
0000
0000
0000
0000
0000
0000
0000
0000
0000
0000
0000
0000
0000
0000
0000
0000
0000
0000
0000
0000
0000
0000
0000
0000
0000
0000
0000
0000
0000
0000
0000
0000
0000
0000
0000
0000
0000
0000
0000
0000
0000
0000
0000
0000
0000
0000
0000
0000
0000
0000
0000
0000
0000
0000
0000
0000
0000
0000
0000
0000
0000
0000
0000
0000
0000
0000
0000
0000
0000
0000
0000
0000
0000
0000
0000
0000
0000
0000
0000
0000
0000
0000
0000
0000
0000
0000
0000
0000
0000
0000
0000
0000
0000
0000
0000
0000
0000
0000
0000
0000
0000
0000
0000
0000
0000
0000
0000
0000
0000
0000
0000
0000
0000
0000
0000
0000
0000
0000
0000
0000
0000
0000
0000
0000
0000
0000
0000
0000
0000
0000
0000
0000
0000
0000
0000
0000
0000
0000
0000
0000
0000
0000
0000
0000
0000
0000
0000
0000
0000
0000
0000
0000
0000
0000
0000
0000
0000
0000
0000
0000
0000
0000
0000
0000
0000
0000
0000
0000
0000
0000
0000
0000
0000
0000
0000
0000
0000
0000
0000
0000
0000
0000
0000
0000
0000
0000
0000
0000
0000
0000
0000
0000
0000
0000
0000
0000
0000
0000
0000
0000
0000
0000
0000
0000
0000
0000
0000
0000
0000
0000
0000
0000
0000
0000
0000
0000
0000
0000
0000
0000
0000
0000
0000
0000
0000
0000
0000
0000
0000
0000
0000
0000
0000
0000
0000
0000
0000
0000
0000
0000
0000
0000
0000
0000
0000
0000
0000
0000
0000
0000
0000
0000
0000
0000
0000
0000
0000
0000
0000
0000
0000
0000
0000
0000
0000
0000
0000
0000
0000
0000
0000
0000
0000
0000
0000
0000
0000
0000
0000
0000
0000
0000
0000
0000
0000
0000
0000
0000
0000
0000
0000
0000
0000
0000
0000
0000
0000
0000
0000
0000
0000
0000
0000
0000
0000
0000
0000
0000
0000
0000
0000
0000
0000
0000
0000
0000
0000
0000
0000
0000
0000
0000
0000
0000
0000
0000
0000
0000
0000
0000
0000
0000
0000
0000
0000
0000
0000
0000
0000
0000
0000
0000
0000
0000
0000
0000
0000
0000
0000
0000
0000
0000
0000
0000
0000
0000
0000
0000
0000
0000
0000
0000
0000
0000
0000
0000
0000
0000
0000
0000
0000
0000
0000
0000
0000
0000
0000
0000
0000
0000
0000
0000
0000
0000
0000
0000
0000
0000
0000
0000
0000
0000
0000
0000
0000
0000
0000
0000
0000
0000
0000
0000
0000
0000
0000
0000
0000
0000
0000
0000
0000
0000
0000
0000
0000
0000
0000
0000
0000
0000
0000
0000
0000
0000
0000
0000
0000
0000
0000
0000
0000
0000
0000
0000
0000
0000
0000
0000
0000
0000
0000
0000
0000
0000
0000
0000
0000
0000
0000
0000
0000
0000
0000
0000
0000
0000
0000
0000
0000
0000
0000
0000
0000
0000
0000
0000
0000
0000
0000
0000
0000
0000
0000
0000
0000
0000
0000
0000
0000
0000
0000
0000
0000
0000
0000
0000
0000
0000
0000
0000
0000
0000
0000
0000
0000
0000
0000
0000
0000
0000
0000
0000
0000
0000
0000
0000
0000
0000
0000
0000
0000
0000
0000
0000
0000
0000
0000
0000
0000
0000
0000
0000
0000
0000
0000
0000
0000
0000
0000
0000
0000
0000
0000
0000
0000
0000
0000
0000
0000
0000
0000
0000
0000
0000
0000
0000
0000
0000
0000
0000
0000
0000
0000
0000
0000
0000
0000
0000
0000
0000
0000
0000
0000
0000
0000
0000
0000
0000
0000
0000
0000
0000
0000
0000
0000
0000
0000
0000
0000
0000
0000
0000
0000
0000
0000
0000
0000
0000
0000
0000
0000
0000
0000
0000
0000
0000
0000
0000
0000
0000
0000
0000
0000
0000
0000
0000
0000
0000
0000
0000
0000
0000
0000
0000
0000
0000
0000
0000
0000
0000
0000
0000
0000
0000
0000
0000
0000
0000
0000
0000
0000
0000
0000
0000
0000
0000
0000
0000
0000
0000
0000
0000
0000
0000
0000
0000
0000
0000
0000
0000
0000
0000
0000
0000
0000
0000
0000
0000
0000
0000
0000
0000
0000
0000
0000
0000
0000
0000
0000
0000
0000
0000
0000
0000
0000
0000
0000
0000
0000
0000
0000
0000
0000
0000
0000
0000
0000
0000
0000
0000
0000
0000
0000
0000
0000
0000
0000
0000
0000
0000
0000
0000
0000
0000
0000
0000
0000
0000
0000
0000
0000
0000
0000
0000
0000
0000
0000
0000
0000
0000
0000
0000
0000
0000
0000
0000
0000
0000
0000
0000
0000
0000
0000
0000
0000
0000
0000
0000
0000
0000
0000
0000
0000
0000
0000
0000
0000
0000
0000
0000
0000
0000
0000
0000
0000
0000
0000
0000
0000
0000
0000
0000
0000
0000
0000
0000
0000
0000
0000
0000
0000
0000
0000
0000
0000
0000
0000
0000
0000
0000
0000
0000
0000
0000
0000
0000
0000
0000
0000
0000
0000
0000
0000
0000
0000
0000
0000
0000
0000
0000
0000
0000
0000
0000
0000
0000
0000
0000
0000
0000
0000
0000
0000
0000
0000
0000
0000
0000
0000
0000
0000
0000
0000
0000
0000
0000
0000
0000
0000
0000
0000
0000
0000
0000
0000
0000
0000
0000
0000
0000
0000
0000
0000
0000
0000
0000
0000
0000
0000
0000
0000
0000
0000
0000
0000
0000
0000
0000
0000
0000
0000
0000
0000
0000
0000
0000
0000
0000
0000
0000
0000
0000
0000
0000
0000
0000
0000
0000
0000
0000
0000
0000
0000
0000
0000
0000
0000
0000
0000
0000
0000
0000
0000
0000
0000
0000
0000
0000
0000
0000
0000
0000
0000
0000
0000
0000
0000
0000
0000
0000
0000
0000
0000
0000
0000
0000
0000
0000
0000
0000
0000
0000
0000
0000
0000
0000
0000
0000
0000
0000
0000
0000
0000
0000
0000
0000
0000
0000
0000
0000
0000
0000
0000
0000
0000
0000
0000
0000
0000
0000
0000
0000
0000
0000
0000
0000
0000
0000
0000
0000
0000
0000
0000
0000
0000
0000
0000
0000
0000
0000
0000
0000
0000
0000
0000
0000
0000
0000
0000
0000
0000
0000
0000
0000
0000
0000
0000
0000
0000
0000
0000
0000
0000
0000
0000
0000
0000
0000
0000
0000
0000
0000
0000
0000
0000
0000
0000
0000
0000
0000
0000
0000
0000
0000
0000
0000
0000
0000
0000
0000
0000
0000
0000
0000
0000
0000
0000
0000
0000
0000
0000
0000
0000
0000
0000
0000
0000
0000
0000
0000
0000
0000
0000
0000
0000
0000
0000
0000
0000
0000
0000
0000
0000
0000
0000
0000
0000
0000
0000
0000
0000
0000
0000
0000
0000
0000
0000
0000
0000
0000
0000
0000
0000
0000
0000
0000
0000
0000
0000
0000
0000
0000
0000
0000
0000
0000
0000
0000
0000
0000
0000
0000
0000
0000
0000
0000
0000
0000
0000
0000
0000
0000
0000
0000
0000
0000
0000
0000
0000
0000
0000
0000
0000
0000
0000
0000
0000
0000
0000
0000
0000
0000
0000
0000
0000
0000
0000
0000
0000
0000
0000
0000
0000
0000
0000
0000
0000
0000
0000
0000
0000
0000
0000
0000
0000
0000
0000
0000
0000
0000
0000
0000
0000
0000
0000
0000
0000
0000
0000
0000
0000
0000
0000
0000
0000
0000
0000
0000
0000
0000
0000
0000
0000
0000
0000
0000
0000
0000
0000
0000
0000
0000
0000
0000
0000
0000
0000
0000
0000
0000
0000
0000
0000
0000
0000
0000
0000
0000
0000
0000
0000
0000
0000
0000
0000
0000
0000
0000
0000
0000
0000
0000
0000
0000
0000
0000
0000
0000
0000
0000
0000
0000
0000
0000
0000
0000
0000
0000
0000
0000
0000
0000
0000
0000
0000
0000
0000
0000
0000
0000
0000
0000
0000
0000
0000
0000
0000
0000
0000
0000
0000
0000
0000
0000
0000
0000
0000
0000
0000
0000
0000
0000
0000
0000
0000
0000
0000
0000
0000
0000
0000
0000
0000
0000
0000
0000
0000
0000
0000
0000
0000
0000
0000
0000
0000
0000
0000
0000
0000
0000
0000
0000
0000
0000
0000
0000
0000
0000
0000
0000
0000
0000
0000
0000
0000
0000
0000
0000
0000
0000
0000
0000
0000
0000
0000
0000
0000
0000
0000
0000
0000
0000
0000
0000
0000
0000
0000
0000
0000
0000
0000
0000
0000
0000
0000
0000
0000
0000
0000
0000
0000
0000
0000
0000
0000
0000
0000
0000
0000
0000
0000
0000
0000
0000
0000
0000
0000
0000
0000
0000
0000
0000
0000
0000
0000
0000
0000
0000
0000
0000
0000
0000
0000
0000
0000
0000
0000
0000
0000
0000
0000
0000
0000
0000
0000
0000
0000
0000
0000
0000
0000
0000
0000
0000
0000
0000
0000
0000
0000
0000
0000
0000
0000
0000
0000
0000
0000
0000
0000
0000
0000
0000
0000
0000
0000
0000
0000
0000
0000
0000
0000
0000
0000
0000
0000
0000
0000
0000
0000
0000
0000
0000
0000
0000
0000
0000
0000
0000
0000
0000
0000
0000
0000
0000
0000
0000
0000
0000
0000
0000
0000
0000
0000
0000
0000
0000
0000
0000
0000
0000
0000
0000
0000
0000
0000
0000
0000
0000
0000
0000
0000
0000
0000
0000
0000
0000
0000
0000
0000
0000
0000
0000
0000
0000
0000
0000
0000
0000
0000
0000
0000
0000
0000
0000
0000
0000
0000
0000
0000
0000
0000
0000
0000
0000
0000
0000
0000
0000
0000
0000
0000
0000
0000
0000
0000
0000
0000
0000
0000
0000
0000
0000
0000
0000
0000
0000
0000
0000
0000
0000
0000
0000
0000
0000
0000
0000
0000
0000
0000
0000
0000
0000
0000
0000
0000
0000
0000
0000
0000
0000
0000
0000
0000
0000
0000
0000
0000
0000
0000
0000
0000
0000
0000
0000
0000
0000
0000
0000
0000
0000
0000
0000
0000
0000
0000
0000
0000
0000
0000
0000
0000
0000
0000
0000
0000
0000
0000
0000
0000
0000
0000
0000
0000
0000
0000
0000
0000
0000
0000
0000
0000
0000
0000
0000
0000
0000
0000
0000
0000
0000
0000
0000
0000
0000
0000
0000
0000
0000
0000
0000
0000
0000
0000
0000
0000
0000
0000
0000
0000
0000
0000
0000
0000
0000
0000
0000
0000
0000
0000
0000
0000
0000
0000
0000
0000
0000
0000
0000
0000
0000
0000
0000
0000
0000
0000
0000
0000
0000
0000
0000
0000
0000
0000
0000
0000
0000
0000
0000
0000
0000
0000
0000
0000
0000
0000
0000
0000
0000
0000
0000
0000
0000
0000
0000
0000
0000
0000
0000
0000
0000
0000
0000
0000
0000
0000
0000
0000
0000
0000
0000
0000
0000
0000
0000
0000
0000
0000
0000
0000
0000
0000
0000
0000
0000
0000
0000
0000
0000
0000
0000
0000
0000
0000
0000
0000
0000
0000
0000
0000
0000
0000
0000
0000
0000
0000
0000
0000
0000
0000
0000
0000
0000
0000
0000
0000
0000
0000
0000
0000
0000
0000
0000
0000
0000
0000
0000
0000
0000
0000
0000
0000
0000
0000
0000
0000
0000
0000
0000
0000
0000
0000
0000
0000
0000
0000
0000
0000
0000
0000
0000
0000
0000
0000
0000
0000
0000
0000
0000
0000
0000
0000
0000
0000
0000
0000
0000
0000
0000
0000
0000
0000
0000
0000
0000
0000
0000
0000
0000
0000
0000
0000
0000
0000
0000
0000
0000
0000
0000
0000
0000
0000
0000
0000
0000
0000
0000
0000
0000
0000
0000
0000
0000
0000
0000
0000
0000
0000
0000
0000
0000
0000
0000
0000
0000
0000
0000
0000
0000
0000
0000
0000
0000
0000
0000
0000
0000
0000
0000
0000
0000
0000
0000
0000
0000
0000
0000
0000
0000
0000
0000
0000
0000
0000
0000
0000
0000
0000
0000
0000
0000
0000
0000
0000
0000
0000
0000
0000
0000
0000
0000
0000
0000
0000
0000
0000
0000
0000
0000
0000
0000
0000
0000
0000
0000
0000
0000
0000
0000
0000
0000
0000
0000
0000
0000
0000
0000
0000
0000
0000
0000
0000
0000
0000
0000
0000
0000
0000
0000
0000
0000
0000
0000
0000
0000
0000
0000
0000
0000
0000
0000
0000
0000
0000
0000
0000
0000
0000
0000
0000
0000
0000
0000
0000
0000
0000
0000
0000
0000
0000
0000
0000
0000
0000
0000
0000
0000
0000
0000
0000
0000
0000
0000
0000
0000
0000
0000
0000
0000
0000
0000
0000
0000
0000
0000
0000
0000
0000
0000
0000
0000
0000
0000
0000
0000
0000
0000
0000
0000
0000
0000
0000
0000
0000
0000
0000
0000
0000
0000
0000
0000
0000
0000
0000
0000
0000
0000
0000
0000
0000
0000
0000
0000
0000
0000
0000
0000
0000
0000
0000
0000
0000
0000
0000
0000
0000
0000
0000
0000
0000
0000
0000
0000
0000
0000
0000
0000
0000
0000
0000
0000
0000
0000
0000
0000
0000
0000
0000
0000
0000
0000
0000
0000
0000
0000
0000
0000
0000
0000
0000
0000
0000
0000
0000
0000
0000
0000
0000
0000
0000
0000
0000
0000
0000
0000
0000
0000
0000
0000
0000
0000
0000
0000
0000
0000
0000
0000
0000
0000
0000
0000
0000
0000
0000
0000
0000
0000
0000
0000
0000
0000
0000
0000
0000
0000
0000
0000
0000
0000
0000
0000
0000
0000
0000
0000
0000
0000
0000
0000
0000
0000
0000
0000
0000
0000
0000
0000
0000
0000
0000
0000
0000
0000
0000
0000
0000
0000
0000
0000
0000
0000
0000
0000
0000
0000
0000
0000
0000
0000
0000
0000
0000
0000
0000
0000
0000
0000
0000
0000
0000
0000
0000
0000
0000
0000
0000
0000
0000
0000
0000
0000
0000
0000
0000
0000
0000
0000
0000
0000
0000
0000
0000
0000
0000
0000
0000
0000
0000
0000
0000
0000
0000
0000
0000
0000
0000
0000
0000
0000
0000
0000
0000
0000
0000
0000
0000
0000
0000
0000
0000
0000
0000
0000
0000
0000
0000
0000
0000
0000
0000
0000
0000
0000
0000
0000
0000
0000
0000
0000
0000
0000
0000
0000
0000
0000
0000
0000
0000
0000
0000
0000
0000
0000
0000
0000
0000
0000
0000
0000
0000
0000
0000
0000
0000
0000
0000
0000
0000
0000
0000
0000
0000
0000
0000
0000
0000
0000
0000
0000
0000
0000
0000
0000
0000
0000
0000
0000
0000
0000
0000
0000
0000
0000
0000
0000
0000
0000
0000
0000
0000
0000
0000
0000
0000
0000
0000
0000
0000
0000
0000
0000
0000
0000
0000
0000
0000
0000
0000
0000
0000
0000
0000
0000
0000
0000
0000
0000
0000
0000
0000
0000
0000
0000
0000
0000
0000
0000
0000
0000
0000
0000
0000
0000
0000
0000
0000
0000
0000
0000
0000
0000
0000
0000
0000
0000
0000
0000
0000
0000
0000
0000
0000
0000
0000
0000
0000
0000
0000
0000
0000
0000
0000
0000
0000
0000
0000
0000
0000
0000
0000
0000
0000
0000
0000
0000
0000
0000
0000
0000
0000
0000
0000
0000
0000
0000
0000
0000
0000
0000
0000
0000
0000
0000
0000
0000
0000
0000
0000
0000
0000
0000
0000
0000
0000
0000
0000
0000
0000
0000
0000
0000
0000
0000
0000
0000
0000
0000
0000
0000
0000
0000
0000
0000
0000
0000
0000
0000
0000
0000
0000
0000
0000
0000
0000
0000
0000
0000
0000
0000
0000
0000
0000
0000
0000
0000
0000
0000
0000
0000
0000
0000
0000
0000
0000
0000
0000
0000
0000
0000
0000
0000
0000
0000
0000
0000
0000
0000
0000
0000
0000
0000
0000
0000
0000
0000
0000
0000
0000
0000
0000
0000
0000
0000
0000
0000
0000
0000
0000
0000
0000
0000
0000
0000
0000
0000
0000
0000
0000
0000
0000
0000
0000
0000
0000
0000
0000
0000
0000
0000
0000
0000
0000
0000
0000
0000
0000
0000
0000
0000
0000
0000
0000
0000
0000
0000
0000
0000
0000
0000
0000
0000
0000
0000
0000
0000
0000
0000
0000
0000
0000
0000
0000
0000
0000
0000
0000
0000
0000
0000
0000
0000
0000
0000
0000
0000
0000
0000
0000
0000
0000
0000
0000
0000
0000
0000
0000
0000
0000
0000
0000
0000
0000
0000
0000
0000
0000
0000
0000
0000
0000
0000
0000
0000
0000
0000
0000
0000
0000
0000
0000
0000
0000
0000
0000
0000
0000
0000
0000
0000
0000
0000
0000
0000
0000
0000
0000
0000
0000
0000
0000
0000
0000
0000
0000
0000
0000
0000
0000
0000
0000
0000
0000
0000
0000
0000
0000
0000
0000
0000
0000
0000
0000
0000
0000
0000
0000
0000
0000
0000
0000
0000
0000
0000
0000
0000
0000
0000
0000
0000
0000
0000
0000
0000
0000
0000
0000
0000
0000
0000
0000
0000
0000
0000
0000
0000
0000
0000
0000
0000
0000
0000
0000
0000
0000
0000
0000
0000
0000
0000
0000
0000
0000
0000
0000
0000
0000
0000
0000
0000
0000
0000
0000
0000
0000
0000
0000
0000
0000
0000
0000
0000
0000
0000
0000
0000
0000
0000
0000
0000
0000
0000
0000
0000
0000
0000
0000
0000
0000
0000
0000
0000
0000
0000
0000
0000
0000
0000
0000
0000
0000
0000
0000
0000
0000
0000
0000
0000
0000
0000
0000
0000
0000
0000
0000
0000
0000
0000
0000
0000
0000
0000
0000
0000
0000
0000
0000
0000
0000
0000
0000
0000
0000
0000
0000
0000
0000
0000
0000
0000
0000
0000
0000
0000
0000
0000
0000
0000
0000
0000
0000
0000
0000
0000
0000
0000
0000
0000
0000
0000
0000
0000
0000
0000
0000
0000
0000
0000
0000
0000
0000
0000
0000
0000
0000
0000
0000
0000
0000
0000
0000
0000
0000
0000
0000
0000
0000
0000
0000
0000
0000
0000
0000
0000
0000
0000
0000
0000
0000
0000
0000
0000
0000
0000
0000
0000
0000
0000
0000
0000
0000
0000
0000
0000
0000
0000
0000
0000
0000
0000
0000
0000
0000
0000
0000
0000
0000
0000
0000
0000
0000
0000
0000
0000
0000
0000
0000
0000
0000
0000
0000
0000
0000
0000
0000
0000
0000
0000
0000
0000
0000
0000
0000
0000
0000
0000
0000
0000
0000
0000
0000
0000
0000
0000
0000
0000
0000
0000
0000
0000
0000
0000
0000
0000
0000
0000
0000
0000
0000
0000
0000
0000
0000
0000
0000
0000
0000
0000
0000
0000
0000
0000
0000
0000
0000
0000
0000
0000
0000
0000
0000
0000
0000
0000
0000
0000
0000
0000
0000
0000
0000
0000
0000
0000
0000
0000
0000
0000
0000
0000
0000
0000
0000
0000
0000
0000
0000
0000
0000
0000
0000
0000
0000
0000
0000
0000
0000
0000
0000
0000
0000
0000
0000
0000
0000
0000
0000
0000
0000
0000
0000
0000
0000
0000
0000
0000
0000
0000
0000
0000
0000
0000
0000
0000
0000
0000
0000
0000
0000
0000
0000
0000
0000
0000
0000
0000
0000
0000
0000
0000
0000
0000
0000
0000
0000
0000
0000
0000
0000
0000
0000
0000
0000
0000
0000
0000
0000
0000
0000
0000
0000
0000
0000
0000
0000
0000
0000
0000
0000
0000
0000
0000
0000
0000
0000
0000
0000
0000
0000
0000
0000
0000
0000
0000
0000
0000
0000
0000
0000
0000
0000
0000
0000
0000
0000
0000
0000
0000
0000
0000
0000
0000
0000
0000
0000
0000
0000
0000
0000
0000
0000
0000
0000
0000
0000
0000
0000
0000
0000
0000
0000
0000
0000
0000
0000
0000
0000
0000
0000
0000
0000
0000
0000
0000
0000
0000
0000
0000
0000
0000
0000
0000
0000
0000
0000
0000
0000
0000
0000
0000
0000
0000
0000
0000
0000
0000
0000
0000
0000
0000
0000
0000
0000
0000
0000
0000
0000
0000
0000
0000
0000
0000
0000
0000
0000
0000
0000
0000
0000
0000
0000
0000
0000
0000
0000
0000
0000
0000
0000
0000
0000
0000
0000
0000
0000
0000
0000
0000
0000
0000
0000
0000
0000
0000
0000
0000
0000
0000
0000
0000
0000
0000
0000
0000
0000
0000
0000
0000
0000
0000
0000
0000
0000
0000
0000
0000
0000
0000
0000
0000
0000
0000
0000
0000
0000
0000
0000
0000
0000
0000
0000
0000
0000
0000
0000
0000
0000
0000
0000
0000
0000
0000
0000
0000
0000
0000
0000
0000
0000
0000
0000
0000
0000
0000
0000
0000
0000
0000
0000
0000
0000
0000
0000
0000
0000
0000
0000
0000
0000
0000
0000
0000
0000
0000
0000
0000
0000
0000
0000
0000
0000
0000
0000
0000
0000
0000
0000
0000
0000
0000
0000
0000
0000
0000
0000
0000
0000
0000
0000
0000
0000
0000
0000
0000
0000
0000
0000
0000
0000
0000
0000
0000
0000
0000
0000
0000
0000
0000
0000
0000
0000
0000
0000
0000
0000
0000
0000
0000
0000
0000
0000
0000
0000
0000
0000
0000
0000
0000
0000
0000
0000
0000
0000
0000
0000
0000
0000
0000
0000
0000
0000
0000
0000
0000
0000
0000
0000
0000
0000
0000
0000
0000
0000
0000
0000
0000
0000
0000
0000
0000
0000
0000
0000
0000
0000
0000
0000
0000
0000
0000
0000
0000
0000
0000
0000
0000
0000
0000
0000
0000
0000
0000
0000
0000
0000
0000
0000
0000
0000
0000
0000
0000
0000
0000
0000
0000
0000
0000
0000
0000
0000
0000
0000
0000
0000
0000
0000
0000
0000
0000
0000
0000
0000
0000
0000
0000
0000
0000
0000
0000
0000
0000
0000
0000
0000
0000
0000
0000
0000
0000
0000
0000
0000
0000
0000
0000
0000
0000
0000
0000
0000
0000
0000
0000
0000
0000
0000
0000
0000
0000
0000
0000
0000
0000
0000
0000
0000
0000
0000
0000
0000
0000
0000
0000
0000
0000
0000
0000
0000
0000
0000
0000
0000
0000
0000
0000
0000
0000
0000
0000
0000
0000
0000
0000
0000
0000
0000
0000
0000
0000
0000
0000
0000
0000
0000
0000
0000
0000
0000
0000
0000
0000
0000
0000
0000
0000
0000
0000
0000
0000
0000
0000
0000
0000
0000
0000
0000
0000
0000
0000
0000
0000
0000
0000
0000
0000
0000
0000
0000
0000
0000
0000
0000
0000
0000
0000
0000
0000
0000
0000
0000
0000
0000
0000
0000
0000
0000
0000
0000
0000
0000
0000
0000
0000
0000
0000
0000
0000
0000
0000
0000
0000
0000
0000
0000
0000
0000
0000
0000
0000
0000
0000
0000
0000
0000
0000
0000
0000
0000
0000
0000
0000
0000
0000
0000
0000
0000
0000
0000
0000
0000
0000
0000
0000
0000
0000
0000
0000
0000
0000
0000
0000
0000
0000
0000
0000
0000
0000
0000
0000
0000
0000
0000
0000
0000
0000
0000
0000
0000
0000
0000
0000
0000
0000
0000
0000
0000
0000
0000
0000
0000
0000
0000
0000
0000
0000
0000
0000
0000
0000
0000
0000
0000
0000
0000
0000
0000
0000
0000
0000
0000
0000
0000
0000
0000
0000
0000
0000
0000
0000
0000
0000
0000
0000
0000
0000
0000
0000
0000
0000
0000
0000
0000
0000
0000
0000
0000
0000
0000
0000
0000
0000
0000
0000
0000
0000
0000
0000
0000
0000
0000
0000
0000
0000
0000
0000
0000
0000
0000
0000
0000
0000
0000
0000
0000
0000
0000
0000
0000
0000
0000
0000
0000
0000
0000
0000
0000
0000
0000
0000
0000
0000
0000
0000
0000
0000
0000
0000
0000
0000
0000
0000
0000
0000
0000
0000
0000
0000
0000
0000
0000
0000
0000
0000
0000
0000
0000
0000
0000
0000
0000
0000
0000
0000
0000
0000
0000
0000
0000
0000
0000
0000
0000
0000
0000
0000
0000
0000
0000
0000
0000
0000
0000
0000
0000
0000
0000
0000
0000
0000
0000
0000
0000
0000
0000
0000
0000
0000
0000
0000
0000
0000
0000
0000
0000
0000
0000
0000
0000
0000
0000
0000
0000
0000
0000
0000
0000
0000
0000
0000
0000
0000
0000
0000
0000
0000
0000
0000
0000
0000
0000
0000
0000
0000
0000
0000
0000
0000
0000
0000
0000
0000
0000
0000
0000
0000
0000
0000
0000
0000
0000
0000
0000
0000
0000
0000
0000
0000
0000
0000
0000
0000
0000
0000
0000
0000
0000
0000
0000
0000
0000
0000
0000
0000
0000
0000
0000
0000
0000
0000
0000
0000
0000
0000
0000
0000
0000
0000
0000
0000
0000
0000
0000
0000
0000
0000
0000
0000
0000
0000
0000
0000
0000
0000
0000
0000
0000
0000
0000
0000
0000
0000
0000
0000
0000
0000
0000
0000
0000
0000
0000
0000
0000
0000
0000
0000
0000
0000
0000
0000
0000
0000
0000
0000
0000
0000
0000
0000
0000
0000
0000
0000
0000
0000
0000
0000
0000
0000
0000
0000
0000
0000
0000
0000
0000
0000
0000
0000
0000
0000
0000
0000
0000
0000
0000
0000
0000
0000
0000
0000
0000
0000
0000
0000
0000
0000
0000
0000
0000
0000
0000
0000
0000
0000
0000
0000
0000
0000
0000
0000
0000
0000
0000
0000
0000
0000
0000
0000
0000
0000
0000
0000
0000
0000
0000
0000
0000
0000
0000
0000
0000
0000
0000
0000
0000
0000
0000
0000
0000
0000
0000
0000
0000
0000
0000
0000
0000
0000
0000
0000
0000
0000
0000
0000
0000
0000
0000
0000
0000
0000
0000
0000
0000
0000
0000
0000
0000
0000
0000
0000
0000
0000
7E01
7E02
7E03
7E04
7E05
7E06
7E07
7E08
7E09
7E0A
7E0B
7E0C
7E0D
7E0E
7E0F
7E10
7E11
7E12
7E13
7E14
7E15
7E16
7E17
7E18
7E19
7E1A
7E1B
7E1C
7E1D
7E1E
7E1F
7E20
7E21
7E22
7E23
7E24
7E25
7E26
7E27
7E28
7E29
7E2A
7E2B
7E2C
7E2D
7E2E
7E2F
7E30
7E31
7E32
7E33
7E34
7E35
7E36
7E37
7E38
7E39
7E3A
7E3B
7E3C
7E3D
7E3E
7E3F
7E40
7E41
7E42
7E43
7E44
7E45
7E46
7E47
7E48
7E49
7E4A
7E4B
7E4C
7E4D
7E4E
7E4F
7E50
7E51
7E52
7E53
7E54
7E55
7E56
7E57
7E58
7E59
7E5A
7E5B
7E5C
7E5D
7E5E
7E5F
7E60
7E61
7E62
7E63
7E64
7E65
7E66
7E67
7E68
7E69
7E6A
7E6B
7E6C
7E6D
7E6E
7E6F
7E70
7E71
7E72
7E73
7E74
7E75
7E76
7E77
7E78
7E79
7E7A
7E7B
7E7C
7E7D
7E7E
7E7F
7E80
7E81
7E82
7E83
7E84
7E85
7E86
7E87
7E88
7E89
7E8A
7E8B
7E8C
7E8D
7E8E
7E8F
7E90
7E91
7E92
7E93
7E94
7E95
7E96
7E97
7E98
7E99
7E9A
7E9B
7E9C
7E9D
7E9E
7E9F
7EA0
7EA1
7EA2
7EA3
7EA4
7EA5
7EA6
7EA7
7EA8
7EA9
7EAA
7EAB
7EAC
7EAD
7EAE
7EAF
7EB0
7EB1
7EB2
7EB3
7EB4
7EB5
7EB6
7EB7
7EB8
7EB9
7EBA
7EBB
7EBC
7EBD
7EBE
7EBF
7EC0
7EC1
7EC2
7EC3
7EC4
7EC5
7EC6
7EC7
7EC8
7EC9
7ECA
7ECB
7ECC
7ECD
7ECE
7ECF
7ED0
7ED1
7ED2
7ED3
7ED4
7ED5
7ED6
7ED7
7ED8
7ED9
7EDA
7EDB
7EDC
7EDD
7EDE
7EDF
7EE0
7EE1
7EE2
7EE3
7EE4
7EE5
7EE6
7EE7
7EE8
7EE9
7EEA
7EEB
7EEC
7EED
7EEE
7EEF
7EF0
7EF1
7EF2
7EF3
7EF4
7EF5
7EF6
7EF7
7EF8
7EF9
7EFA
7EFB
7EFC
7EFD
7EFE
7EFF
7F00
7F01
7F02
7F03
7F04
7F05
7F06
7F07
7F08
7F09
7F0A
7F0B
7F0C
7F0D
7F0E
7F0F
7F10
7F11
7F12
7F13
7F14
7F15
7F16
7F17
7F18
7F19
7F1A
7F1B
7F1C
7F1D
7F1E
7F1F
7F20
7F21
7F22
7F23
7F24
7F25
7F26
7F27
7F28
7F29
7F2A
7F2B
7F2C
7F2D
7F2E
7F2F
7F30
7F31
7F32
7F33
7F34
7F35
7F36
7F37
7F38
7F39
7F3A
7F3B
7F3C
7F3D
7F3E
7F3F
7F40
7F41
7F42
7F43
7F44
7F45
7F46
7F47
7F48
7F49
7F4A
7F4B
7F4C
7F4D
7F4E
7F4F
7F50
7F51
7F52
7F53
7F54
7F55
7F56
7F57
7F58
7F59
7F5A
7F5B
7F5C
7F5D
7F5E
7F5F
7F60
7F61
7F62
7F63
7F64
7F65
7F66
7F67
7F68
7F69
7F6A
7F6B
7F6C
7F6D
7F6E
7F6F
7F70
7F71
7F72
7F73
7F74
7F75
7F76
7F77
7F78
7F79
7F7A
7F7B
7F7C
7F7D
7F7E
7F7F
7F80
7F81
7F82
7F83
7F84
7F85
7F86
7F87
7F88
7F89
7F8A
7F8B
7F8C
7F8D
7F8E
7F8F
7F90
7F91
7F92
7F93
7F94
7F95
7F96
7F97
7F98
7F99
7F9A
7F9B
7F9C
7F9D
7F9E
7F9F
7FA0
7FA1
7FA2
7FA3
7FA4
7FA5
7FA6
7FA7
7FA8
7FA9
7FAA
7FAB
7FAC
7FAD
7FAE
7FAF
7FB0
7FB1
7FB2
7FB3
7FB4
7FB5
7FB6
7FB7
7FB8
7FB9
7FBA
7FBB
7FBC
7FBD
7FBE
7FBF
7FC0
7FC1
7FC2
7FC3
7FC4
7FC5
7FC6
7FC7
7FC8
7FC9
7FCA
7FCB
7FCC
7FCD
7FCE
7FCF
7FD0
7FD1
7FD2
7FD3
7FD4
7FD5
7FD6
7FD7
7FD8
7FD9
7FDA
7FDB
7FDC
7FDD
7FDE
7FDF
7FE0
7FE1
7FE2
7FE3
7FE4
7FE5
7FE6
7FE7
7FE8
7FE9
7FEA
7FEB
7FEC
7FED
7FEE
7FEF
7FF0
7FF1
7FF2
7FF3
7FF4
7FF5
7FF6
7FF7
7FF8
7FF9
7FFA
7FFB
7FFC
7FFD
7FFE
7FFF
7E00
7E01
7E02
7E03
7E04
7E05
7E06
7E07
7E08
7E09
7E0A
7E0B
7E0C
7E0D
7E0E
7E0F
7E10
7E11
7E12
7E13
7E14
7E15
7E16
7E17
7E18
7E19
7E1A
7E1B
7E1C
7E1D
7E1E
7E1F
7E20
7E21
7E22
7E23
7E24
7E25
7E26
7E27
7E28
7E29
7E2A
7E2B
7E2C
7E2D
7E2E
7E2F
7E30
7E31
7E32
7E33
7E34
7E35
7E36
7E37
7E38
7E39
7E3A
7E3B
7E3C
7E3D
7E3E
7E3F
7E40
7E41
7E42
7E43
7E44
7E45
7E46
7E47
7E48
7E49
7E4A
7E4B
7E4C
7E4D
7E4E
7E4F
7E50
7E51
7E52
7E53
7E54
7E55
7E56
7E57
7E58
7E59
7E5A
7E5B
7E5C
7E5D
7E5E
7E5F
7E60
7E61
7E62
7E63
7E64
7E65
7E66
7E67
7E68
7E69
7E6A
7E6B
7E6C
7E6D
7E6E
7E6F
7E70
7E71
7E72
7E73
7E74
7E75
7E76
7E77
7E78
7E79
7E7A
7E7B
7E7C
7E7D
7E7E
7E7F
7E80
7E81
7E82
7E83
7E84
7E85
7E86
7E87
7E88
7E89
7E8A
7E8B
7E8C
7E8D
7E8E
7E8F
7E90
7E91
7E92
7E93
7E94
7E95
7E96
7E97
7E98
7E99
7E9A
7E9B
7E9C
7E9D
7E9E
7E9F
7EA0
7EA1
7EA2
7EA3
7EA4
7EA5
7EA6
7EA7
7EA8
7EA9
7EAA
7EAB
7EAC
7EAD
7EAE
7EAF
7EB0
7EB1
7EB2
7EB3
7EB4
7EB5
7EB6
7EB7
7EB8
7EB9
7EBA
7EBB
7EBC
7EBD
7EBE
7EBF
7EC0
7EC1
7EC2
7EC3
7EC4
7EC5
7EC6
7EC7
7EC8
7EC9
7ECA
7ECB
7ECC
7ECD
7ECE
7ECF
7ED0
7ED1
7ED2
7ED3
7ED4
7ED5
7ED6
7ED7
7ED8
7ED9
7EDA
7EDB
7EDC
7EDD
7EDE
7EDF
7EE0
7EE1
7EE2
7EE3
7EE4
7EE5
7EE6
7EE7
7EE8
7EE9
7EEA
7EEB
7EEC
7EED
7EEE
7EEF
7EF0
7EF1
7EF2
7EF3
7EF4
7EF5
7EF6
7EF7
7EF8
7EF9
7EFA
7EFB
7EFC
7EFD
7EFE
7EFF
7F00
7F01
7F02
7F03
7F04
7F05
7F06
7F07
7F08
7F09
7F0A
7F0B
7F0C
7F0D
7F0E
7F0F
7F10
7F11
7F12
7F13
7F14
7F15
7F16
7F17
7F18
7F19
7F1A
7F1B
7F1C
7F1D
7F1E
7F1F
7F20
7F21
7F22
7F23
7F24
7F25
7F26
7F27
7F28
7F29
7F2A
7F2B
7F2C
7F2D
7F2E
7F2F
7F30
7F31
7F32
7F33
7F34
7F35
7F36
7F37
7F38
7F39
7F3A
7F3B
7F3C
7F3D
7F3E
7F3F
7F40
7F41
7F42
7F43
7F44
7F45
7F46
7F47
7F48
7F49
7F4A
7F4B
7F4C
7F4D
7F4E
7F4F
7F50
7F51
7F52
7F53
7F54
7F55
7F56
7F57
7F58
7F59
7F5A
7F5B
7F5C
7F5D
7F5E
7F5F
7F60
7F61
7F62
7F63
7F64
7F65
7F66
7F67
7F68
7F69
7F6A
7F6B
7F6C
7F6D
7F6E
7F6F
7F70
7F71
7F72
7F73
7F74
7F75
7F76
7F77
7F78
7F79
7F7A
7F7B
7F7C
7F7D
7F7E
7F7F
7F80
7F81
7F82
7F83
7F84
7F85
7F86
7F87
7F88
7F89
7F8A
7F8B
7F8C
7F8D
7F8E
7F8F
7F90
7F91
7F92
7F93
7F94
7F95
7F96
7F97
7F98
7F99
7F9A
7F9B
7F9C
7F9D
7F9E
7F9F
7FA0
7FA1
7FA2
7FA3
7FA4
7FA5
7FA6
7FA7
7FA8
7FA9
7FAA
7FAB
7FAC
7FAD
7FAE
7FAF
7FB0
7FB1
7FB2
7FB3
7FB4
7FB5
7FB6
7FB7
7FB8
7FB9
7FBA
7FBB
7FBC
7FBD
7FBE
7FBF
7FC0
7FC1
7FC2
7FC3
7FC4
7FC5
7FC6
7FC7
7FC8
7FC9
7FCA
7FCB
7FCC
7FCD
7FCE
7FCF
7FD0
7FD1
7FD2
7FD3
7FD4
7FD5
7FD6
7FD7
7FD8
7FD9
7FDA
7FDB
7FDC
7FDD
7FDE
7FDF
7FE0
7FE1
7FE2
7FE3
7FE4
7FE5
7FE6
7FE7
7FE8
7FE9
7FEA
7FEB
7FEC
7FED
7FEE
7FEF
7FF0
7FF1
7FF2
7FF3
7FF4
7FF5
7FF6
7FF7
7FF8
7FF9
7FFA
7FFB
7FFC
7FFD
7FFE
7FFF
