0000
0001
0002
0003
0004
0005
0006
0007
0008
0009
000A
000B
000C
000D
000E
000F
0010
0011
0012
0013
0014
0015
0016
0017
0018
0019
001A
001B
001C
001D
001E
001F
0020
0021
0022
0023
0024
0025
0026
0027
0028
0029
002A
002B
002C
002D
002E
002F
0030
0031
0032
0033
0034
0035
0036
0037
0038
0039
003A
003B
003C
003D
003E
003F
0040
0041
0042
0043
0044
0045
0046
0047
0048
0049
004A
004B
004C
004D
004E
004F
0050
0051
0052
0053
0054
0055
0056
0057
0058
0059
005A
005B
005C
005D
005E
005F
0060
0061
0062
0063
0064
0065
0066
0067
0068
0069
006A
006B
006C
006D
006E
006F
0070
0071
0072
0073
0074
0075
0076
0077
0078
0079
007A
007B
007C
007D
007E
007F
0080
0081
0082
0083
0084
0085
0086
0087
0088
0089
008A
008B
008C
008D
008E
008F
0090
0091
0092
0093
0094
0095
0096
0097
0098
0099
009A
009B
009C
009D
009E
009F
00A0
00A1
00A2
00A3
00A4
00A5
00A6
00A7
00A8
00A9
00AA
00AB
00AC
00AD
00AE
00AF
00B0
00B1
00B2
00B3
00B4
00B5
00B6
00B7
00B8
00B9
00BA
00BB
00BC
00BD
00BE
00BF
00C0
00C1
00C2
00C3
00C4
00C5
00C6
00C7
00C8
00C9
00CA
00CB
00CC
00CD
00CE
00CF
00D0
00D1
00D2
00D3
00D4
00D5
00D6
00D7
00D8
00D9
00DA
00DB
00DC
00DD
00DE
00DF
00E0
00E1
00E2
00E3
00E4
00E5
00E6
00E7
00E8
00E9
00EA
00EB
00EC
00ED
00EE
00EF
00F0
00F1
00F2
00F3
00F4
00F5
00F6
00F7
00F8
00F9
00FA
00FB
00FC
00FD
00FE
00FF
0100
0101
0102
0103
0104
0105
0106
0107
0108
0109
010A
010B
010C
010D
010E
010F
0110
0111
0112
0113
0114
0115
0116
0117
0118
0119
011A
011B
011C
011D
011E
011F
0120
0121
0122
0123
0124
0125
0126
0127
0128
0129
012A
012B
012C
012D
012E
012F
0130
0131
0132
0133
0134
0135
0136
0137
0138
0139
013A
013B
013C
013D
013E
013F
0140
0141
0142
0143
0144
0145
0146
0147
0148
0149
014A
014B
014C
014D
014E
014F
0150
0151
0152
0153
0154
0155
0156
0157
0158
0159
015A
015B
015C
015D
015E
015F
0160
0161
0162
0163
0164
0165
0166
0167
0168
0169
016A
016B
016C
016D
016E
016F
0170
0171
0172
0173
0174
0175
0176
0177
0178
0179
017A
017B
017C
017D
017E
017F
0180
0181
0182
0183
0184
0185
0186
0187
0188
0189
018A
018B
018C
018D
018E
018F
0190
0191
0192
0193
0194
0195
0196
0197
0198
0199
019A
019B
019C
019D
019E
019F
01A0
01A1
01A2
01A3
01A4
01A5
01A6
01A7
01A8
01A9
01AA
01AB
01AC
01AD
01AE
01AF
01B0
01B1
01B2
01B3
01B4
01B5
01B6
01B7
01B8
01B9
01BA
01BB
01BC
01BD
01BE
01BF
01C0
01C1
01C2
01C3
01C4
01C5
01C6
01C7
01C8
01C9
01CA
01CB
01CC
01CD
01CE
01CF
01D0
01D1
01D2
01D3
01D4
01D5
01D6
01D7
01D8
01D9
01DA
01DB
01DC
01DD
01DE
01DF
01E0
01E1
01E2
01E3
01E4
01E5
01E6
01E7
01E8
01E9
01EA
01EB
01EC
01ED
01EE
01EF
01F0
01F1
01F2
01F3
01F4
01F5
01F6
01F7
01F8
01F9
01FA
01FB
01FC
01FD
01FE
01FF
0200
0201
0202
0203
0204
0205
0206
0207
0208
0209
020A
020B
020C
020D
020E
020F
0210
0211
0212
0213
0214
0215
0216
0217
0218
0219
021A
021B
021C
021D
021E
021F
0220
0221
0222
0223
0224
0225
0226
0227
0228
0229
022A
022B
022C
022D
022E
022F
0230
0231
0232
0233
0234
0235
0236
0237
0238
0239
023A
023B
023C
023D
023E
023F
0240
0241
0242
0243
0244
0245
0246
0247
0248
0249
024A
024B
024C
024D
024E
024F
0250
0251
0252
0253
0254
0255
0256
0257
0258
0259
025A
025B
025C
025D
025E
025F
0260
0261
0262
0263
0264
0265
0266
0267
0268
0269
026A
026B
026C
026D
026E
026F
0270
0271
0272
0273
0274
0275
0276
0277
0278
0279
027A
027B
027C
027D
027E
027F
0280
0281
0282
0283
0284
0285
0286
0287
0288
0289
028A
028B
028C
028D
028E
028F
0290
0291
0292
0293
0294
0295
0296
0297
0298
0299
029A
029B
029C
029D
029E
029F
02A0
02A1
02A2
02A3
02A4
02A5
02A6
02A7
02A8
02A9
02AA
02AB
02AC
02AD
02AE
02AF
02B0
02B1
02B2
02B3
02B4
02B5
02B6
02B7
02B8
02B9
02BA
02BB
02BC
02BD
02BE
02BF
02C0
02C1
02C2
02C3
02C4
02C5
02C6
02C7
02C8
02C9
02CA
02CB
02CC
02CD
02CE
02CF
02D0
02D1
02D2
02D3
02D4
02D5
02D6
02D7
02D8
02D9
02DA
02DB
02DC
02DD
02DE
02DF
02E0
02E1
02E2
02E3
02E4
02E5
02E6
02E7
02E8
02E9
02EA
02EB
02EC
02ED
02EE
02EF
02F0
02F1
02F2
02F3
02F4
02F5
02F6
02F7
02F8
02F9
02FA
02FB
02FC
02FD
02FE
02FF
0300
0301
0302
0303
0304
0305
0306
0307
0308
0309
030A
030B
030C
030D
030E
030F
0310
0311
0312
0313
0314
0315
0316
0317
0318
0319
031A
031B
031C
031D
031E
031F
0320
0321
0322
0323
0324
0325
0326
0327
0328
0329
032A
032B
032C
032D
032E
032F
0330
0331
0332
0333
0334
0335
0336
0337
0338
0339
033A
033B
033C
033D
033E
033F
0340
0341
0342
0343
0344
0345
0346
0347
0348
0349
034A
034B
034C
034D
034E
034F
0350
0351
0352
0353
0354
0355
0356
0357
0358
0359
035A
035B
035C
035D
035E
035F
0360
0361
0362
0363
0364
0365
0366
0367
0368
0369
036A
036B
036C
036D
036E
036F
0370
0371
0372
0373
0374
0375
0376
0377
0378
0379
037A
037B
037C
037D
037E
037F
0380
0381
0382
0383
0384
0385
0386
0387
0388
0389
038A
038B
038C
038D
038E
038F
0390
0391
0392
0393
0394
0395
0396
0397
0398
0399
039A
039B
039C
039D
039E
039F
03A0
03A1
03A2
03A3
03A4
03A5
03A6
03A7
03A8
03A9
03AA
03AB
03AC
03AD
03AE
03AF
03B0
03B1
03B2
03B3
03B4
03B5
03B6
03B7
03B8
03B9
03BA
03BB
03BC
03BD
03BE
03BF
03C0
03C1
03C2
03C3
03C4
03C5
03C6
03C7
03C8
03C9
03CA
03CB
03CC
03CD
03CE
03CF
03D0
03D1
03D2
03D3
03D4
03D5
03D6
03D7
03D8
03D9
03DA
03DB
03DC
03DD
03DE
03DF
03E0
03E1
03E2
03E3
03E4
03E5
03E6
03E7
03E8
03E9
03EA
03EB
03EC
03ED
03EE
03EF
03F0
03F1
03F2
03F3
03F4
03F5
03F6
03F7
03F8
03F9
03FA
03FB
03FC
03FD
03FE
03FF
0400
0401
0402
0403
0404
0405
0406
0407
0408
0409
040A
040B
040C
040D
040E
040F
0410
0411
0412
0413
0414
0415
0416
0417
0418
0419
041A
041B
041C
041D
041E
041F
0420
0421
0422
0423
0424
0425
0426
0427
0428
0429
042A
042B
042C
042D
042E
042F
0430
0431
0432
0433
0434
0435
0436
0437
0438
0439
043A
043B
043C
043D
043E
043F
0440
0441
0442
0443
0444
0445
0446
0447
0448
0449
044A
044B
044C
044D
044E
044F
0450
0451
0452
0453
0454
0455
0456
0457
0458
0459
045A
045B
045C
045D
045E
045F
0460
0461
0462
0463
0464
0465
0466
0467
0468
0469
046A
046B
046C
046D
046E
046F
0470
0471
0472
0473
0474
0475
0476
0477
0478
0479
047A
047B
047C
047D
047E
047F
0480
0481
0482
0483
0484
0485
0486
0487
0488
0489
048A
048B
048C
048D
048E
048F
0490
0491
0492
0493
0494
0495
0496
0497
0498
0499
049A
049B
049C
049D
049E
049F
04A0
04A1
04A2
04A3
04A4
04A5
04A6
04A7
04A8
04A9
04AA
04AB
04AC
04AD
04AE
04AF
04B0
04B1
04B2
04B3
04B4
04B5
04B6
04B7
04B8
04B9
04BA
04BB
04BC
04BD
04BE
04BF
04C0
04C1
04C2
04C3
04C4
04C5
04C6
04C7
04C8
04C9
04CA
04CB
04CC
04CD
04CE
04CF
04D0
04D1
04D2
04D3
04D4
04D5
04D6
04D7
04D8
04D9
04DA
04DB
04DC
04DD
04DE
04DF
04E0
04E1
04E2
04E3
04E4
04E5
04E6
04E7
04E8
04E9
04EA
04EB
04EC
04ED
04EE
04EF
04F0
04F1
04F2
04F3
04F4
04F5
04F6
04F7
04F8
04F9
04FA
04FB
04FC
04FD
04FE
04FF
0500
0501
0502
0503
0504
0505
0506
0507
0508
0509
050A
050B
050C
050D
050E
050F
0510
0511
0512
0513
0514
0515
0516
0517
0518
0519
051A
051B
051C
051D
051E
051F
0520
0521
0522
0523
0524
0525
0526
0527
0528
0529
052A
052B
052C
052D
052E
052F
0530
0531
0532
0533
0534
0535
0536
0537
0538
0539
053A
053B
053C
053D
053E
053F
0540
0541
0542
0543
0544
0545
0546
0547
0548
0549
054A
054B
054C
054D
054E
054F
0550
0551
0552
0553
0554
0555
0556
0557
0558
0559
055A
055B
055C
055D
055E
055F
0560
0561
0562
0563
0564
0565
0566
0567
0568
0569
056A
056B
056C
056D
056E
056F
0570
0571
0572
0573
0574
0575
0576
0577
0578
0579
057A
057B
057C
057D
057E
057F
0580
0581
0582
0583
0584
0585
0586
0587
0588
0589
058A
058B
058C
058D
058E
058F
0590
0591
0592
0593
0594
0595
0596
0597
0598
0599
059A
059B
059C
059D
059E
059F
05A0
05A1
05A2
05A3
05A4
05A5
05A6
05A7
05A8
05A9
05AA
05AB
05AC
05AD
05AE
05AF
05B0
05B1
05B2
05B3
05B4
05B5
05B6
05B7
05B8
05B9
05BA
05BB
05BC
05BD
05BE
05BF
05C0
05C1
05C2
05C3
05C4
05C5
05C6
05C7
05C8
05C9
05CA
05CB
05CC
05CD
05CE
05CF
05D0
05D1
05D2
05D3
05D4
05D5
05D6
05D7
05D8
05D9
05DA
05DB
05DC
05DD
05DE
05DF
05E0
05E1
05E2
05E3
05E4
05E5
05E6
05E7
05E8
05E9
05EA
05EB
05EC
05ED
05EE
05EF
05F0
05F1
05F2
05F3
05F4
05F5
05F6
05F7
05F8
05F9
05FA
05FB
05FC
05FD
05FE
05FF
0600
0601
0602
0603
0604
0605
0606
0607
0608
0609
060A
060B
060C
060D
060E
060F
0610
0611
0612
0613
0614
0615
0616
0617
0618
0619
061A
061B
061C
061D
061E
061F
0620
0621
0622
0623
0624
0625
0626
0627
0628
0629
062A
062B
062C
062D
062E
062F
0630
0631
0632
0633
0634
0635
0636
0637
0638
0639
063A
063B
063C
063D
063E
063F
0640
0641
0642
0643
0644
0645
0646
0647
0648
0649
064A
064B
064C
064D
064E
064F
0650
0651
0652
0653
0654
0655
0656
0657
0658
0659
065A
065B
065C
065D
065E
065F
0660
0661
0662
0663
0664
0665
0666
0667
0668
0669
066A
066B
066C
066D
066E
066F
0670
0671
0672
0673
0674
0675
0676
0677
0678
0679
067A
067B
067C
067D
067E
067F
0680
0681
0682
0683
0684
0685
0686
0687
0688
0689
068A
068B
068C
068D
068E
068F
0690
0691
0692
0693
0694
0695
0696
0697
0698
0699
069A
069B
069C
069D
069E
069F
06A0
06A1
06A2
06A3
06A4
06A5
06A6
06A7
06A8
06A9
06AA
06AB
06AC
06AD
06AE
06AF
06B0
06B1
06B2
06B3
06B4
06B5
06B6
06B7
06B8
06B9
06BA
06BB
06BC
06BD
06BE
06BF
06C0
06C1
06C2
06C3
06C4
06C5
06C6
06C7
06C8
06C9
06CA
06CB
06CC
06CD
06CE
06CF
06D0
06D1
06D2
06D3
06D4
06D5
06D6
06D7
06D8
06D9
06DA
06DB
06DC
06DD
06DE
06DF
06E0
06E1
06E2
06E3
06E4
06E5
06E6
06E7
06E8
06E9
06EA
06EB
06EC
06ED
06EE
06EF
06F0
06F1
06F2
06F3
06F4
06F5
06F6
06F7
06F8
06F9
06FA
06FB
06FC
06FD
06FE
06FF
0700
0701
0702
0703
0704
0705
0706
0707
0708
0709
070A
070B
070C
070D
070E
070F
0710
0711
0712
0713
0714
0715
0716
0717
0718
0719
071A
071B
071C
071D
071E
071F
0720
0721
0722
0723
0724
0725
0726
0727
0728
0729
072A
072B
072C
072D
072E
072F
0730
0731
0732
0733
0734
0735
0736
0737
0738
0739
073A
073B
073C
073D
073E
073F
0740
0741
0742
0743
0744
0745
0746
0747
0748
0749
074A
074B
074C
074D
074E
074F
0750
0751
0752
0753
0754
0755
0756
0757
0758
0759
075A
075B
075C
075D
075E
075F
0760
0761
0762
0763
0764
0765
0766
0767
0768
0769
076A
076B
076C
076D
076E
076F
0770
0771
0772
0773
0774
0775
0776
0777
0778
0779
077A
077B
077C
077D
077E
077F
0780
0781
0782
0783
0784
0785
0786
0787
0788
0789
078A
078B
078C
078D
078E
078F
0790
0791
0792
0793
0794
0795
0796
0797
0798
0799
079A
079B
079C
079D
079E
079F
07A0
07A1
07A2
07A3
07A4
07A5
07A6
07A7
07A8
07A9
07AA
07AB
07AC
07AD
07AE
07AF
07B0
07B1
07B2
07B3
07B4
07B5
07B6
07B7
07B8
07B9
07BA
07BB
07BC
07BD
07BE
07BF
07C0
07C1
07C2
07C3
07C4
07C5
07C6
07C7
07C8
07C9
07CA
07CB
07CC
07CD
07CE
07CF
07D0
07D1
07D2
07D3
07D4
07D5
07D6
07D7
07D8
07D9
07DA
07DB
07DC
07DD
07DE
07DF
07E0
07E1
07E2
07E3
07E4
07E5
07E6
07E7
07E8
07E9
07EA
07EB
07EC
07ED
07EE
07EF
07F0
07F1
07F2
07F3
07F4
07F5
07F6
07F7
07F8
07F9
07FA
07FB
07FC
07FD
07FE
07FF
0800
0801
0802
0803
0804
0805
0806
0807
0808
0809
080A
080B
080C
080D
080E
080F
0810
0811
0812
0813
0814
0815
0816
0817
0818
0819
081A
081B
081C
081D
081E
081F
0820
0821
0822
0823
0824
0825
0826
0827
0828
0829
082A
082B
082C
082D
082E
082F
0830
0831
0832
0833
0834
0835
0836
0837
0838
0839
083A
083B
083C
083D
083E
083F
0840
0841
0842
0843
0844
0845
0846
0847
0848
0849
084A
084B
084C
084D
084E
084F
0850
0851
0852
0853
0854
0855
0856
0857
0858
0859
085A
085B
085C
085D
085E
085F
0860
0861
0862
0863
0864
0865
0866
0867
0868
0869
086A
086B
086C
086D
086E
086F
0870
0871
0872
0873
0874
0875
0876
0877
0878
0879
087A
087B
087C
087D
087E
087F
0880
0881
0882
0883
0884
0885
0886
0887
0888
0889
088A
088B
088C
088D
088E
088F
0890
0891
0892
0893
0894
0895
0896
0897
0898
0899
089A
089B
089C
089D
089E
089F
08A0
08A1
08A2
08A3
08A4
08A5
08A6
08A7
08A8
08A9
08AA
08AB
08AC
08AD
08AE
08AF
08B0
08B1
08B2
08B3
08B4
08B5
08B6
08B7
08B8
08B9
08BA
08BB
08BC
08BD
08BE
08BF
08C0
08C1
08C2
08C3
08C4
08C5
08C6
08C7
08C8
08C9
08CA
08CB
08CC
08CD
08CE
08CF
08D0
08D1
08D2
08D3
08D4
08D5
08D6
08D7
08D8
08D9
08DA
08DB
08DC
08DD
08DE
08DF
08E0
08E1
08E2
08E3
08E4
08E5
08E6
08E7
08E8
08E9
08EA
08EB
08EC
08ED
08EE
08EF
08F0
08F1
08F2
08F3
08F4
08F5
08F6
08F7
08F8
08F9
08FA
08FB
08FC
08FD
08FE
08FF
0900
0901
0902
0903
0904
0905
0906
0907
0908
0909
090A
090B
090C
090D
090E
090F
0910
0911
0912
0913
0914
0915
0916
0917
0918
0919
091A
091B
091C
091D
091E
091F
0920
0921
0922
0923
0924
0925
0926
0927
0928
0929
092A
092B
092C
092D
092E
092F
0930
0931
0932
0933
0934
0935
0936
0937
0938
0939
093A
093B
093C
093D
093E
093F
0940
0941
0942
0943
0944
0945
0946
0947
0948
0949
094A
094B
094C
094D
094E
094F
0950
0951
0952
0953
0954
0955
0956
0957
0958
0959
095A
095B
095C
095D
095E
095F
0960
0961
0962
0963
0964
0965
0966
0967
0968
0969
096A
096B
096C
096D
096E
096F
0970
0971
0972
0973
0974
0975
0976
0977
0978
0979
097A
097B
097C
097D
097E
097F
0980
0981
0982
0983
0984
0985
0986
0987
0988
0989
098A
098B
098C
098D
098E
098F
0990
0991
0992
0993
0994
0995
0996
0997
0998
0999
099A
099B
099C
099D
099E
099F
09A0
09A1
09A2
09A3
09A4
09A5
09A6
09A7
09A8
09A9
09AA
09AB
09AC
09AD
09AE
09AF
09B0
09B1
09B2
09B3
09B4
09B5
09B6
09B7
09B8
09B9
09BA
09BB
09BC
09BD
09BE
09BF
09C0
09C1
09C2
09C3
09C4
09C5
09C6
09C7
09C8
09C9
09CA
09CB
09CC
09CD
09CE
09CF
09D0
09D1
09D2
09D3
09D4
09D5
09D6
09D7
09D8
09D9
09DA
09DB
09DC
09DD
09DE
09DF
09E0
09E1
09E2
09E3
09E4
09E5
09E6
09E7
09E8
09E9
09EA
09EB
09EC
09ED
09EE
09EF
09F0
09F1
09F2
09F3
09F4
09F5
09F6
09F7
09F8
09F9
09FA
09FB
09FC
09FD
09FE
09FF
0A00
0A01
0A02
0A03
0A04
0A05
0A06
0A07
0A08
0A09
0A0A
0A0B
0A0C
0A0D
0A0E
0A0F
0A10
0A11
0A12
0A13
0A14
0A15
0A16
0A17
0A18
0A19
0A1A
0A1B
0A1C
0A1D
0A1E
0A1F
0A20
0A21
0A22
0A23
0A24
0A25
0A26
0A27
0A28
0A29
0A2A
0A2B
0A2C
0A2D
0A2E
0A2F
0A30
0A31
0A32
0A33
0A34
0A35
0A36
0A37
0A38
0A39
0A3A
0A3B
0A3C
0A3D
0A3E
0A3F
0A40
0A41
0A42
0A43
0A44
0A45
0A46
0A47
0A48
0A49
0A4A
0A4B
0A4C
0A4D
0A4E
0A4F
0A50
0A51
0A52
0A53
0A54
0A55
0A56
0A57
0A58
0A59
0A5A
0A5B
0A5C
0A5D
0A5E
0A5F
0A60
0A61
0A62
0A63
0A64
0A65
0A66
0A67
0A68
0A69
0A6A
0A6B
0A6C
0A6D
0A6E
0A6F
0A70
0A71
0A72
0A73
0A74
0A75
0A76
0A77
0A78
0A79
0A7A
0A7B
0A7C
0A7D
0A7E
0A7F
0A80
0A81
0A82
0A83
0A84
0A85
0A86
0A87
0A88
0A89
0A8A
0A8B
0A8C
0A8D
0A8E
0A8F
0A90
0A91
0A92
0A93
0A94
0A95
0A96
0A97
0A98
0A99
0A9A
0A9B
0A9C
0A9D
0A9E
0A9F
0AA0
0AA1
0AA2
0AA3
0AA4
0AA5
0AA6
0AA7
0AA8
0AA9
0AAA
0AAB
0AAC
0AAD
0AAE
0AAF
0AB0
0AB1
0AB2
0AB3
0AB4
0AB5
0AB6
0AB7
0AB8
0AB9
0ABA
0ABB
0ABC
0ABD
0ABE
0ABF
0AC0
0AC1
0AC2
0AC3
0AC4
0AC5
0AC6
0AC7
0AC8
0AC9
0ACA
0ACB
0ACC
0ACD
0ACE
0ACF
0AD0
0AD1
0AD2
0AD3
0AD4
0AD5
0AD6
0AD7
0AD8
0AD9
0ADA
0ADB
0ADC
0ADD
0ADE
0ADF
0AE0
0AE1
0AE2
0AE3
0AE4
0AE5
0AE6
0AE7
0AE8
0AE9
0AEA
0AEB
0AEC
0AED
0AEE
0AEF
0AF0
0AF1
0AF2
0AF3
0AF4
0AF5
0AF6
0AF7
0AF8
0AF9
0AFA
0AFB
0AFC
0AFD
0AFE
0AFF
0B00
0B01
0B02
0B03
0B04
0B05
0B06
0B07
0B08
0B09
0B0A
0B0B
0B0C
0B0D
0B0E
0B0F
0B10
0B11
0B12
0B13
0B14
0B15
0B16
0B17
0B18
0B19
0B1A
0B1B
0B1C
0B1D
0B1E
0B1F
0B20
0B21
0B22
0B23
0B24
0B25
0B26
0B27
0B28
0B29
0B2A
0B2B
0B2C
0B2D
0B2E
0B2F
0B30
0B31
0B32
0B33
0B34
0B35
0B36
0B37
0B38
0B39
0B3A
0B3B
0B3C
0B3D
0B3E
0B3F
0B40
0B41
0B42
0B43
0B44
0B45
0B46
0B47
0B48
0B49
0B4A
0B4B
0B4C
0B4D
0B4E
0B4F
0B50
0B51
0B52
0B53
0B54
0B55
0B56
0B57
0B58
0B59
0B5A
0B5B
0B5C
0B5D
0B5E
0B5F
0B60
0B61
0B62
0B63
0B64
0B65
0B66
0B67
0B68
0B69
0B6A
0B6B
0B6C
0B6D
0B6E
0B6F
0B70
0B71
0B72
0B73
0B74
0B75
0B76
0B77
0B78
0B79
0B7A
0B7B
0B7C
0B7D
0B7E
0B7F
0B80
0B81
0B82
0B83
0B84
0B85
0B86
0B87
0B88
0B89
0B8A
0B8B
0B8C
0B8D
0B8E
0B8F
0B90
0B91
0B92
0B93
0B94
0B95
0B96
0B97
0B98
0B99
0B9A
0B9B
0B9C
0B9D
0B9E
0B9F
0BA0
0BA1
0BA2
0BA3
0BA4
0BA5
0BA6
0BA7
0BA8
0BA9
0BAA
0BAB
0BAC
0BAD
0BAE
0BAF
0BB0
0BB1
0BB2
0BB3
0BB4
0BB5
0BB6
0BB7
0BB8
0BB9
0BBA
0BBB
0BBC
0BBD
0BBE
0BBF
0BC0
0BC1
0BC2
0BC3
0BC4
0BC5
0BC6
0BC7
0BC8
0BC9
0BCA
0BCB
0BCC
0BCD
0BCE
0BCF
0BD0
0BD1
0BD2
0BD3
0BD4
0BD5
0BD6
0BD7
0BD8
0BD9
0BDA
0BDB
0BDC
0BDD
0BDE
0BDF
0BE0
0BE1
0BE2
0BE3
0BE4
0BE5
0BE6
0BE7
0BE8
0BE9
0BEA
0BEB
0BEC
0BED
0BEE
0BEF
0BF0
0BF1
0BF2
0BF3
0BF4
0BF5
0BF6
0BF7
0BF8
0BF9
0BFA
0BFB
0BFC
0BFD
0BFE
0BFF
0C00
0C01
0C02
0C03
0C04
0C05
0C06
0C07
0C08
0C09
0C0A
0C0B
0C0C
0C0D
0C0E
0C0F
0C10
0C11
0C12
0C13
0C14
0C15
0C16
0C17
0C18
0C19
0C1A
0C1B
0C1C
0C1D
0C1E
0C1F
0C20
0C21
0C22
0C23
0C24
0C25
0C26
0C27
0C28
0C29
0C2A
0C2B
0C2C
0C2D
0C2E
0C2F
0C30
0C31
0C32
0C33
0C34
0C35
0C36
0C37
0C38
0C39
0C3A
0C3B
0C3C
0C3D
0C3E
0C3F
0C40
0C41
0C42
0C43
0C44
0C45
0C46
0C47
0C48
0C49
0C4A
0C4B
0C4C
0C4D
0C4E
0C4F
0C50
0C51
0C52
0C53
0C54
0C55
0C56
0C57
0C58
0C59
0C5A
0C5B
0C5C
0C5D
0C5E
0C5F
0C60
0C61
0C62
0C63
0C64
0C65
0C66
0C67
0C68
0C69
0C6A
0C6B
0C6C
0C6D
0C6E
0C6F
0C70
0C71
0C72
0C73
0C74
0C75
0C76
0C77
0C78
0C79
0C7A
0C7B
0C7C
0C7D
0C7E
0C7F
0C80
0C81
0C82
0C83
0C84
0C85
0C86
0C87
0C88
0C89
0C8A
0C8B
0C8C
0C8D
0C8E
0C8F
0C90
0C91
0C92
0C93
0C94
0C95
0C96
0C97
0C98
0C99
0C9A
0C9B
0C9C
0C9D
0C9E
0C9F
0CA0
0CA1
0CA2
0CA3
0CA4
0CA5
0CA6
0CA7
0CA8
0CA9
0CAA
0CAB
0CAC
0CAD
0CAE
0CAF
0CB0
0CB1
0CB2
0CB3
0CB4
0CB5
0CB6
0CB7
0CB8
0CB9
0CBA
0CBB
0CBC
0CBD
0CBE
0CBF
0CC0
0CC1
0CC2
0CC3
0CC4
0CC5
0CC6
0CC7
0CC8
0CC9
0CCA
0CCB
0CCC
0CCD
0CCE
0CCF
0CD0
0CD1
0CD2
0CD3
0CD4
0CD5
0CD6
0CD7
0CD8
0CD9
0CDA
0CDB
0CDC
0CDD
0CDE
0CDF
0CE0
0CE1
0CE2
0CE3
0CE4
0CE5
0CE6
0CE7
0CE8
0CE9
0CEA
0CEB
0CEC
0CED
0CEE
0CEF
0CF0
0CF1
0CF2
0CF3
0CF4
0CF5
0CF6
0CF7
0CF8
0CF9
0CFA
0CFB
0CFC
0CFD
0CFE
0CFF
0D00
0D01
0D02
0D03
0D04
0D05
0D06
0D07
0D08
0D09
0D0A
0D0B
0D0C
0D0D
0D0E
0D0F
0D10
0D11
0D12
0D13
0D14
0D15
0D16
0D17
0D18
0D19
0D1A
0D1B
0D1C
0D1D
0D1E
0D1F
0D20
0D21
0D22
0D23
0D24
0D25
0D26
0D27
0D28
0D29
0D2A
0D2B
0D2C
0D2D
0D2E
0D2F
0D30
0D31
0D32
0D33
0D34
0D35
0D36
0D37
0D38
0D39
0D3A
0D3B
0D3C
0D3D
0D3E
0D3F
0D40
0D41
0D42
0D43
0D44
0D45
0D46
0D47
0D48
0D49
0D4A
0D4B
0D4C
0D4D
0D4E
0D4F
0D50
0D51
0D52
0D53
0D54
0D55
0D56
0D57
0D58
0D59
0D5A
0D5B
0D5C
0D5D
0D5E
0D5F
0D60
0D61
0D62
0D63
0D64
0D65
0D66
0D67
0D68
0D69
0D6A
0D6B
0D6C
0D6D
0D6E
0D6F
0D70
0D71
0D72
0D73
0D74
0D75
0D76
0D77
0D78
0D79
0D7A
0D7B
0D7C
0D7D
0D7E
0D7F
0D80
0D81
0D82
0D83
0D84
0D85
0D86
0D87
0D88
0D89
0D8A
0D8B
0D8C
0D8D
0D8E
0D8F
0D90
0D91
0D92
0D93
0D94
0D95
0D96
0D97
0D98
0D99
0D9A
0D9B
0D9C
0D9D
0D9E
0D9F
0DA0
0DA1
0DA2
0DA3
0DA4
0DA5
0DA6
0DA7
0DA8
0DA9
0DAA
0DAB
0DAC
0DAD
0DAE
0DAF
0DB0
0DB1
0DB2
0DB3
0DB4
0DB5
0DB6
0DB7
0DB8
0DB9
0DBA
0DBB
0DBC
0DBD
0DBE
0DBF
0DC0
0DC1
0DC2
0DC3
0DC4
0DC5
0DC6
0DC7
0DC8
0DC9
0DCA
0DCB
0DCC
0DCD
0DCE
0DCF
0DD0
0DD1
0DD2
0DD3
0DD4
0DD5
0DD6
0DD7
0DD8
0DD9
0DDA
0DDB
0DDC
0DDD
0DDE
0DDF
0DE0
0DE1
0DE2
0DE3
0DE4
0DE5
0DE6
0DE7
0DE8
0DE9
0DEA
0DEB
0DEC
0DED
0DEE
0DEF
0DF0
0DF1
0DF2
0DF3
0DF4
0DF5
0DF6
0DF7
0DF8
0DF9
0DFA
0DFB
0DFC
0DFD
0DFE
0DFF
0E00
0E01
0E02
0E03
0E04
0E05
0E06
0E07
0E08
0E09
0E0A
0E0B
0E0C
0E0D
0E0E
0E0F
0E10
0E11
0E12
0E13
0E14
0E15
0E16
0E17
0E18
0E19
0E1A
0E1B
0E1C
0E1D
0E1E
0E1F
0E20
0E21
0E22
0E23
0E24
0E25
0E26
0E27
0E28
0E29
0E2A
0E2B
0E2C
0E2D
0E2E
0E2F
0E30
0E31
0E32
0E33
0E34
0E35
0E36
0E37
0E38
0E39
0E3A
0E3B
0E3C
0E3D
0E3E
0E3F
0E40
0E41
0E42
0E43
0E44
0E45
0E46
0E47
0E48
0E49
0E4A
0E4B
0E4C
0E4D
0E4E
0E4F
0E50
0E51
0E52
0E53
0E54
0E55
0E56
0E57
0E58
0E59
0E5A
0E5B
0E5C
0E5D
0E5E
0E5F
0E60
0E61
0E62
0E63
0E64
0E65
0E66
0E67
0E68
0E69
0E6A
0E6B
0E6C
0E6D
0E6E
0E6F
0E70
0E71
0E72
0E73
0E74
0E75
0E76
0E77
0E78
0E79
0E7A
0E7B
0E7C
0E7D
0E7E
0E7F
0E80
0E81
0E82
0E83
0E84
0E85
0E86
0E87
0E88
0E89
0E8A
0E8B
0E8C
0E8D
0E8E
0E8F
0E90
0E91
0E92
0E93
0E94
0E95
0E96
0E97
0E98
0E99
0E9A
0E9B
0E9C
0E9D
0E9E
0E9F
0EA0
0EA1
0EA2
0EA3
0EA4
0EA5
0EA6
0EA7
0EA8
0EA9
0EAA
0EAB
0EAC
0EAD
0EAE
0EAF
0EB0
0EB1
0EB2
0EB3
0EB4
0EB5
0EB6
0EB7
0EB8
0EB9
0EBA
0EBB
0EBC
0EBD
0EBE
0EBF
0EC0
0EC1
0EC2
0EC3
0EC4
0EC5
0EC6
0EC7
0EC8
0EC9
0ECA
0ECB
0ECC
0ECD
0ECE
0ECF
0ED0
0ED1
0ED2
0ED3
0ED4
0ED5
0ED6
0ED7
0ED8
0ED9
0EDA
0EDB
0EDC
0EDD
0EDE
0EDF
0EE0
0EE1
0EE2
0EE3
0EE4
0EE5
0EE6
0EE7
0EE8
0EE9
0EEA
0EEB
0EEC
0EED
0EEE
0EEF
0EF0
0EF1
0EF2
0EF3
0EF4
0EF5
0EF6
0EF7
0EF8
0EF9
0EFA
0EFB
0EFC
0EFD
0EFE
0EFF
0F00
0F01
0F02
0F03
0F04
0F05
0F06
0F07
0F08
0F09
0F0A
0F0B
0F0C
0F0D
0F0E
0F0F
0F10
0F11
0F12
0F13
0F14
0F15
0F16
0F17
0F18
0F19
0F1A
0F1B
0F1C
0F1D
0F1E
0F1F
0F20
0F21
0F22
0F23
0F24
0F25
0F26
0F27
0F28
0F29
0F2A
0F2B
0F2C
0F2D
0F2E
0F2F
0F30
0F31
0F32
0F33
0F34
0F35
0F36
0F37
0F38
0F39
0F3A
0F3B
0F3C
0F3D
0F3E
0F3F
0F40
0F41
0F42
0F43
0F44
0F45
0F46
0F47
0F48
0F49
0F4A
0F4B
0F4C
0F4D
0F4E
0F4F
0F50
0F51
0F52
0F53
0F54
0F55
0F56
0F57
0F58
0F59
0F5A
0F5B
0F5C
0F5D
0F5E
0F5F
0F60
0F61
0F62
0F63
0F64
0F65
0F66
0F67
0F68
0F69
0F6A
0F6B
0F6C
0F6D
0F6E
0F6F
0F70
0F71
0F72
0F73
0F74
0F75
0F76
0F77
0F78
0F79
0F7A
0F7B
0F7C
0F7D
0F7E
0F7F
0F80
0F81
0F82
0F83
0F84
0F85
0F86
0F87
0F88
0F89
0F8A
0F8B
0F8C
0F8D
0F8E
0F8F
0F90
0F91
0F92
0F93
0F94
0F95
0F96
0F97
0F98
0F99
0F9A
0F9B
0F9C
0F9D
0F9E
0F9F
0FA0
0FA1
0FA2
0FA3
0FA4
0FA5
0FA6
0FA7
0FA8
0FA9
0FAA
0FAB
0FAC
0FAD
0FAE
0FAF
0FB0
0FB1
0FB2
0FB3
0FB4
0FB5
0FB6
0FB7
0FB8
0FB9
0FBA
0FBB
0FBC
0FBD
0FBE
0FBF
0FC0
0FC1
0FC2
0FC3
0FC4
0FC5
0FC6
0FC7
0FC8
0FC9
0FCA
0FCB
0FCC
0FCD
0FCE
0FCF
0FD0
0FD1
0FD2
0FD3
0FD4
0FD5
0FD6
0FD7
0FD8
0FD9
0FDA
0FDB
0FDC
0FDD
0FDE
0FDF
0FE0
0FE1
0FE2
0FE3
0FE4
0FE5
0FE6
0FE7
0FE8
0FE9
0FEA
0FEB
0FEC
0FED
0FEE
0FEF
0FF0
0FF1
0FF2
0FF3
0FF4
0FF5
0FF6
0FF7
0FF8
0FF9
0FFA
0FFB
0FFC
0FFD
0FFE
0FFF
1000
1001
1002
1003
1004
1005
1006
1007
1008
1009
100A
100B
100C
100D
100E
100F
1010
1011
1012
1013
1014
1015
1016
1017
1018
1019
101A
101B
101C
101D
101E
101F
1020
1021
1022
1023
1024
1025
1026
1027
1028
1029
102A
102B
102C
102D
102E
102F
1030
1031
1032
1033
1034
1035
1036
1037
1038
1039
103A
103B
103C
103D
103E
103F
1040
1041
1042
1043
1044
1045
1046
1047
1048
1049
104A
104B
104C
104D
104E
104F
1050
1051
1052
1053
1054
1055
1056
1057
1058
1059
105A
105B
105C
105D
105E
105F
1060
1061
1062
1063
1064
1065
1066
1067
1068
1069
106A
106B
106C
106D
106E
106F
1070
1071
1072
1073
1074
1075
1076
1077
1078
1079
107A
107B
107C
107D
107E
107F
1080
1081
1082
1083
1084
1085
1086
1087
1088
1089
108A
108B
108C
108D
108E
108F
1090
1091
1092
1093
1094
1095
1096
1097
1098
1099
109A
109B
109C
109D
109E
109F
10A0
10A1
10A2
10A3
10A4
10A5
10A6
10A7
10A8
10A9
10AA
10AB
10AC
10AD
10AE
10AF
10B0
10B1
10B2
10B3
10B4
10B5
10B6
10B7
10B8
10B9
10BA
10BB
10BC
10BD
10BE
10BF
10C0
10C1
10C2
10C3
10C4
10C5
10C6
10C7
10C8
10C9
10CA
10CB
10CC
10CD
10CE
10CF
10D0
10D1
10D2
10D3
10D4
10D5
10D6
10D7
10D8
10D9
10DA
10DB
10DC
10DD
10DE
10DF
10E0
10E1
10E2
10E3
10E4
10E5
10E6
10E7
10E8
10E9
10EA
10EB
10EC
10ED
10EE
10EF
10F0
10F1
10F2
10F3
10F4
10F5
10F6
10F7
10F8
10F9
10FA
10FB
10FC
10FD
10FE
10FF
1100
1101
1102
1103
1104
1105
1106
1107
1108
1109
110A
110B
110C
110D
110E
110F
1110
1111
1112
1113
1114
1115
1116
1117
1118
1119
111A
111B
111C
111D
111E
111F
1120
1121
1122
1123
1124
1125
1126
1127
1128
1129
112A
112B
112C
112D
112E
112F
1130
1131
1132
1133
1134
1135
1136
1137
1138
1139
113A
113B
113C
113D
113E
113F
1140
1141
1142
1143
1144
1145
1146
1147
1148
1149
114A
114B
114C
114D
114E
114F
1150
1151
1152
1153
1154
1155
1156
1157
1158
1159
115A
115B
115C
115D
115E
115F
1160
1161
1162
1163
1164
1165
1166
1167
1168
1169
116A
116B
116C
116D
116E
116F
1170
1171
1172
1173
1174
1175
1176
1177
1178
1179
117A
117B
117C
117D
117E
117F
1180
1181
1182
1183
1184
1185
1186
1187
1188
1189
118A
118B
118C
118D
118E
118F
1190
1191
1192
1193
1194
1195
1196
1197
1198
1199
119A
119B
119C
119D
119E
119F
11A0
11A1
11A2
11A3
11A4
11A5
11A6
11A7
11A8
11A9
11AA
11AB
11AC
11AD
11AE
11AF
11B0
11B1
11B2
11B3
11B4
11B5
11B6
11B7
11B8
11B9
11BA
11BB
11BC
11BD
11BE
11BF
11C0
11C1
11C2
11C3
11C4
11C5
11C6
11C7
11C8
11C9
11CA
11CB
11CC
11CD
11CE
11CF
11D0
11D1
11D2
11D3
11D4
11D5
11D6
11D7
11D8
11D9
11DA
11DB
11DC
11DD
11DE
11DF
11E0
11E1
11E2
11E3
11E4
11E5
11E6
11E7
11E8
11E9
11EA
11EB
11EC
11ED
11EE
11EF
11F0
11F1
11F2
11F3
11F4
11F5
11F6
11F7
11F8
11F9
11FA
11FB
11FC
11FD
11FE
11FF
1200
1201
1202
1203
1204
1205
1206
1207
1208
1209
120A
120B
120C
120D
120E
120F
1210
1211
1212
1213
1214
1215
1216
1217
1218
1219
121A
121B
121C
121D
121E
121F
1220
1221
1222
1223
1224
1225
1226
1227
1228
1229
122A
122B
122C
122D
122E
122F
1230
1231
1232
1233
1234
1235
1236
1237
1238
1239
123A
123B
123C
123D
123E
123F
1240
1241
1242
1243
1244
1245
1246
1247
1248
1249
124A
124B
124C
124D
124E
124F
1250
1251
1252
1253
1254
1255
1256
1257
1258
1259
125A
125B
125C
125D
125E
125F
1260
1261
1262
1263
1264
1265
1266
1267
1268
1269
126A
126B
126C
126D
126E
126F
1270
1271
1272
1273
1274
1275
1276
1277
1278
1279
127A
127B
127C
127D
127E
127F
1280
1281
1282
1283
1284
1285
1286
1287
1288
1289
128A
128B
128C
128D
128E
128F
1290
1291
1292
1293
1294
1295
1296
1297
1298
1299
129A
129B
129C
129D
129E
129F
12A0
12A1
12A2
12A3
12A4
12A5
12A6
12A7
12A8
12A9
12AA
12AB
12AC
12AD
12AE
12AF
12B0
12B1
12B2
12B3
12B4
12B5
12B6
12B7
12B8
12B9
12BA
12BB
12BC
12BD
12BE
12BF
12C0
12C1
12C2
12C3
12C4
12C5
12C6
12C7
12C8
12C9
12CA
12CB
12CC
12CD
12CE
12CF
12D0
12D1
12D2
12D3
12D4
12D5
12D6
12D7
12D8
12D9
12DA
12DB
12DC
12DD
12DE
12DF
12E0
12E1
12E2
12E3
12E4
12E5
12E6
12E7
12E8
12E9
12EA
12EB
12EC
12ED
12EE
12EF
12F0
12F1
12F2
12F3
12F4
12F5
12F6
12F7
12F8
12F9
12FA
12FB
12FC
12FD
12FE
12FF
1300
1301
1302
1303
1304
1305
1306
1307
1308
1309
130A
130B
130C
130D
130E
130F
1310
1311
1312
1313
1314
1315
1316
1317
1318
1319
131A
131B
131C
131D
131E
131F
1320
1321
1322
1323
1324
1325
1326
1327
1328
1329
132A
132B
132C
132D
132E
132F
1330
1331
1332
1333
1334
1335
1336
1337
1338
1339
133A
133B
133C
133D
133E
133F
1340
1341
1342
1343
1344
1345
1346
1347
1348
1349
134A
134B
134C
134D
134E
134F
1350
1351
1352
1353
1354
1355
1356
1357
1358
1359
135A
135B
135C
135D
135E
135F
1360
1361
1362
1363
1364
1365
1366
1367
1368
1369
136A
136B
136C
136D
136E
136F
1370
1371
1372
1373
1374
1375
1376
1377
1378
1379
137A
137B
137C
137D
137E
137F
1380
1381
1382
1383
1384
1385
1386
1387
1388
1389
138A
138B
138C
138D
138E
138F
1390
1391
1392
1393
1394
1395
1396
1397
1398
1399
139A
139B
139C
139D
139E
139F
13A0
13A1
13A2
13A3
13A4
13A5
13A6
13A7
13A8
13A9
13AA
13AB
13AC
13AD
13AE
13AF
13B0
13B1
13B2
13B3
13B4
13B5
13B6
13B7
13B8
13B9
13BA
13BB
13BC
13BD
13BE
13BF
13C0
13C1
13C2
13C3
13C4
13C5
13C6
13C7
13C8
13C9
13CA
13CB
13CC
13CD
13CE
13CF
13D0
13D1
13D2
13D3
13D4
13D5
13D6
13D7
13D8
13D9
13DA
13DB
13DC
13DD
13DE
13DF
13E0
13E1
13E2
13E3
13E4
13E5
13E6
13E7
13E8
13E9
13EA
13EB
13EC
13ED
13EE
13EF
13F0
13F1
13F2
13F3
13F4
13F5
13F6
13F7
13F8
13F9
13FA
13FB
13FC
13FD
13FE
13FF
1400
1401
1402
1403
1404
1405
1406
1407
1408
1409
140A
140B
140C
140D
140E
140F
1410
1411
1412
1413
1414
1415
1416
1417
1418
1419
141A
141B
141C
141D
141E
141F
1420
1421
1422
1423
1424
1425
1426
1427
1428
1429
142A
142B
142C
142D
142E
142F
1430
1431
1432
1433
1434
1435
1436
1437
1438
1439
143A
143B
143C
143D
143E
143F
1440
1441
1442
1443
1444
1445
1446
1447
1448
1449
144A
144B
144C
144D
144E
144F
1450
1451
1452
1453
1454
1455
1456
1457
1458
1459
145A
145B
145C
145D
145E
145F
1460
1461
1462
1463
1464
1465
1466
1467
1468
1469
146A
146B
146C
146D
146E
146F
1470
1471
1472
1473
1474
1475
1476
1477
1478
1479
147A
147B
147C
147D
147E
147F
1480
1481
1482
1483
1484
1485
1486
1487
1488
1489
148A
148B
148C
148D
148E
148F
1490
1491
1492
1493
1494
1495
1496
1497
1498
1499
149A
149B
149C
149D
149E
149F
14A0
14A1
14A2
14A3
14A4
14A5
14A6
14A7
14A8
14A9
14AA
14AB
14AC
14AD
14AE
14AF
14B0
14B1
14B2
14B3
14B4
14B5
14B6
14B7
14B8
14B9
14BA
14BB
14BC
14BD
14BE
14BF
14C0
14C1
14C2
14C3
14C4
14C5
14C6
14C7
14C8
14C9
14CA
14CB
14CC
14CD
14CE
14CF
14D0
14D1
14D2
14D3
14D4
14D5
14D6
14D7
14D8
14D9
14DA
14DB
14DC
14DD
14DE
14DF
14E0
14E1
14E2
14E3
14E4
14E5
14E6
14E7
14E8
14E9
14EA
14EB
14EC
14ED
14EE
14EF
14F0
14F1
14F2
14F3
14F4
14F5
14F6
14F7
14F8
14F9
14FA
14FB
14FC
14FD
14FE
14FF
1500
1501
1502
1503
1504
1505
1506
1507
1508
1509
150A
150B
150C
150D
150E
150F
1510
1511
1512
1513
1514
1515
1516
1517
1518
1519
151A
151B
151C
151D
151E
151F
1520
1521
1522
1523
1524
1525
1526
1527
1528
1529
152A
152B
152C
152D
152E
152F
1530
1531
1532
1533
1534
1535
1536
1537
1538
1539
153A
153B
153C
153D
153E
153F
1540
1541
1542
1543
1544
1545
1546
1547
1548
1549
154A
154B
154C
154D
154E
154F
1550
1551
1552
1553
1554
1555
1556
1557
1558
1559
155A
155B
155C
155D
155E
155F
1560
1561
1562
1563
1564
1565
1566
1567
1568
1569
156A
156B
156C
156D
156E
156F
1570
1571
1572
1573
1574
1575
1576
1577
1578
1579
157A
157B
157C
157D
157E
157F
1580
1581
1582
1583
1584
1585
1586
1587
1588
1589
158A
158B
158C
158D
158E
158F
1590
1591
1592
1593
1594
1595
1596
1597
1598
1599
159A
159B
159C
159D
159E
159F
15A0
15A1
15A2
15A3
15A4
15A5
15A6
15A7
15A8
15A9
15AA
15AB
15AC
15AD
15AE
15AF
15B0
15B1
15B2
15B3
15B4
15B5
15B6
15B7
15B8
15B9
15BA
15BB
15BC
15BD
15BE
15BF
15C0
15C1
15C2
15C3
15C4
15C5
15C6
15C7
15C8
15C9
15CA
15CB
15CC
15CD
15CE
15CF
15D0
15D1
15D2
15D3
15D4
15D5
15D6
15D7
15D8
15D9
15DA
15DB
15DC
15DD
15DE
15DF
15E0
15E1
15E2
15E3
15E4
15E5
15E6
15E7
15E8
15E9
15EA
15EB
15EC
15ED
15EE
15EF
15F0
15F1
15F2
15F3
15F4
15F5
15F6
15F7
15F8
15F9
15FA
15FB
15FC
15FD
15FE
15FF
1600
1601
1602
1603
1604
1605
1606
1607
1608
1609
160A
160B
160C
160D
160E
160F
1610
1611
1612
1613
1614
1615
1616
1617
1618
1619
161A
161B
161C
161D
161E
161F
1620
1621
1622
1623
1624
1625
1626
1627
1628
1629
162A
162B
162C
162D
162E
162F
1630
1631
1632
1633
1634
1635
1636
1637
1638
1639
163A
163B
163C
163D
163E
163F
1640
1641
1642
1643
1644
1645
1646
1647
1648
1649
164A
164B
164C
164D
164E
164F
1650
1651
1652
1653
1654
1655
1656
1657
1658
1659
165A
165B
165C
165D
165E
165F
1660
1661
1662
1663
1664
1665
1666
1667
1668
1669
166A
166B
166C
166D
166E
166F
1670
1671
1672
1673
1674
1675
1676
1677
1678
1679
167A
167B
167C
167D
167E
167F
1680
1681
1682
1683
1684
1685
1686
1687
1688
1689
168A
168B
168C
168D
168E
168F
1690
1691
1692
1693
1694
1695
1696
1697
1698
1699
169A
169B
169C
169D
169E
169F
16A0
16A1
16A2
16A3
16A4
16A5
16A6
16A7
16A8
16A9
16AA
16AB
16AC
16AD
16AE
16AF
16B0
16B1
16B2
16B3
16B4
16B5
16B6
16B7
16B8
16B9
16BA
16BB
16BC
16BD
16BE
16BF
16C0
16C1
16C2
16C3
16C4
16C5
16C6
16C7
16C8
16C9
16CA
16CB
16CC
16CD
16CE
16CF
16D0
16D1
16D2
16D3
16D4
16D5
16D6
16D7
16D8
16D9
16DA
16DB
16DC
16DD
16DE
16DF
16E0
16E1
16E2
16E3
16E4
16E5
16E6
16E7
16E8
16E9
16EA
16EB
16EC
16ED
16EE
16EF
16F0
16F1
16F2
16F3
16F4
16F5
16F6
16F7
16F8
16F9
16FA
16FB
16FC
16FD
16FE
16FF
1700
1701
1702
1703
1704
1705
1706
1707
1708
1709
170A
170B
170C
170D
170E
170F
1710
1711
1712
1713
1714
1715
1716
1717
1718
1719
171A
171B
171C
171D
171E
171F
1720
1721
1722
1723
1724
1725
1726
1727
1728
1729
172A
172B
172C
172D
172E
172F
1730
1731
1732
1733
1734
1735
1736
1737
1738
1739
173A
173B
173C
173D
173E
173F
1740
1741
1742
1743
1744
1745
1746
1747
1748
1749
174A
174B
174C
174D
174E
174F
1750
1751
1752
1753
1754
1755
1756
1757
1758
1759
175A
175B
175C
175D
175E
175F
1760
1761
1762
1763
1764
1765
1766
1767
1768
1769
176A
176B
176C
176D
176E
176F
1770
1771
1772
1773
1774
1775
1776
1777
1778
1779
177A
177B
177C
177D
177E
177F
1780
1781
1782
1783
1784
1785
1786
1787
1788
1789
178A
178B
178C
178D
178E
178F
1790
1791
1792
1793
1794
1795
1796
1797
1798
1799
179A
179B
179C
179D
179E
179F
17A0
17A1
17A2
17A3
17A4
17A5
17A6
17A7
17A8
17A9
17AA
17AB
17AC
17AD
17AE
17AF
17B0
17B1
17B2
17B3
17B4
17B5
17B6
17B7
17B8
17B9
17BA
17BB
17BC
17BD
17BE
17BF
17C0
17C1
17C2
17C3
17C4
17C5
17C6
17C7
17C8
17C9
17CA
17CB
17CC
17CD
17CE
17CF
17D0
17D1
17D2
17D3
17D4
17D5
17D6
17D7
17D8
17D9
17DA
17DB
17DC
17DD
17DE
17DF
17E0
17E1
17E2
17E3
17E4
17E5
17E6
17E7
17E8
17E9
17EA
17EB
17EC
17ED
17EE
17EF
17F0
17F1
17F2
17F3
17F4
17F5
17F6
17F7
17F8
17F9
17FA
17FB
17FC
17FD
17FE
17FF
1800
1801
1802
1803
1804
1805
1806
1807
1808
1809
180A
180B
180C
180D
180E
180F
1810
1811
1812
1813
1814
1815
1816
1817
1818
1819
181A
181B
181C
181D
181E
181F
1820
1821
1822
1823
1824
1825
1826
1827
1828
1829
182A
182B
182C
182D
182E
182F
1830
1831
1832
1833
1834
1835
1836
1837
1838
1839
183A
183B
183C
183D
183E
183F
1840
1841
1842
1843
1844
1845
1846
1847
1848
1849
184A
184B
184C
184D
184E
184F
1850
1851
1852
1853
1854
1855
1856
1857
1858
1859
185A
185B
185C
185D
185E
185F
1860
1861
1862
1863
1864
1865
1866
1867
1868
1869
186A
186B
186C
186D
186E
186F
1870
1871
1872
1873
1874
1875
1876
1877
1878
1879
187A
187B
187C
187D
187E
187F
1880
1881
1882
1883
1884
1885
1886
1887
1888
1889
188A
188B
188C
188D
188E
188F
1890
1891
1892
1893
1894
1895
1896
1897
1898
1899
189A
189B
189C
189D
189E
189F
18A0
18A1
18A2
18A3
18A4
18A5
18A6
18A7
18A8
18A9
18AA
18AB
18AC
18AD
18AE
18AF
18B0
18B1
18B2
18B3
18B4
18B5
18B6
18B7
18B8
18B9
18BA
18BB
18BC
18BD
18BE
18BF
18C0
18C1
18C2
18C3
18C4
18C5
18C6
18C7
18C8
18C9
18CA
18CB
18CC
18CD
18CE
18CF
18D0
18D1
18D2
18D3
18D4
18D5
18D6
18D7
18D8
18D9
18DA
18DB
18DC
18DD
18DE
18DF
18E0
18E1
18E2
18E3
18E4
18E5
18E6
18E7
18E8
18E9
18EA
18EB
18EC
18ED
18EE
18EF
18F0
18F1
18F2
18F3
18F4
18F5
18F6
18F7
18F8
18F9
18FA
18FB
18FC
18FD
18FE
18FF
1900
1901
1902
1903
1904
1905
1906
1907
1908
1909
190A
190B
190C
190D
190E
190F
1910
1911
1912
1913
1914
1915
1916
1917
1918
1919
191A
191B
191C
191D
191E
191F
1920
1921
1922
1923
1924
1925
1926
1927
1928
1929
192A
192B
192C
192D
192E
192F
1930
1931
1932
1933
1934
1935
1936
1937
1938
1939
193A
193B
193C
193D
193E
193F
1940
1941
1942
1943
1944
1945
1946
1947
1948
1949
194A
194B
194C
194D
194E
194F
1950
1951
1952
1953
1954
1955
1956
1957
1958
1959
195A
195B
195C
195D
195E
195F
1960
1961
1962
1963
1964
1965
1966
1967
1968
1969
196A
196B
196C
196D
196E
196F
1970
1971
1972
1973
1974
1975
1976
1977
1978
1979
197A
197B
197C
197D
197E
197F
1980
1981
1982
1983
1984
1985
1986
1987
1988
1989
198A
198B
198C
198D
198E
198F
1990
1991
1992
1993
1994
1995
1996
1997
1998
1999
199A
199B
199C
199D
199E
199F
19A0
19A1
19A2
19A3
19A4
19A5
19A6
19A7
19A8
19A9
19AA
19AB
19AC
19AD
19AE
19AF
19B0
19B1
19B2
19B3
19B4
19B5
19B6
19B7
19B8
19B9
19BA
19BB
19BC
19BD
19BE
19BF
19C0
19C1
19C2
19C3
19C4
19C5
19C6
19C7
19C8
19C9
19CA
19CB
19CC
19CD
19CE
19CF
19D0
19D1
19D2
19D3
19D4
19D5
19D6
19D7
19D8
19D9
19DA
19DB
19DC
19DD
19DE
19DF
19E0
19E1
19E2
19E3
19E4
19E5
19E6
19E7
19E8
19E9
19EA
19EB
19EC
19ED
19EE
19EF
19F0
19F1
19F2
19F3
19F4
19F5
19F6
19F7
19F8
19F9
19FA
19FB
19FC
19FD
19FE
19FF
1A00
1A01
1A02
1A03
1A04
1A05
1A06
1A07
1A08
1A09
1A0A
1A0B
1A0C
1A0D
1A0E
1A0F
1A10
1A11
1A12
1A13
1A14
1A15
1A16
1A17
1A18
1A19
1A1A
1A1B
1A1C
1A1D
1A1E
1A1F
1A20
1A21
1A22
1A23
1A24
1A25
1A26
1A27
1A28
1A29
1A2A
1A2B
1A2C
1A2D
1A2E
1A2F
1A30
1A31
1A32
1A33
1A34
1A35
1A36
1A37
1A38
1A39
1A3A
1A3B
1A3C
1A3D
1A3E
1A3F
1A40
1A41
1A42
1A43
1A44
1A45
1A46
1A47
1A48
1A49
1A4A
1A4B
1A4C
1A4D
1A4E
1A4F
1A50
1A51
1A52
1A53
1A54
1A55
1A56
1A57
1A58
1A59
1A5A
1A5B
1A5C
1A5D
1A5E
1A5F
1A60
1A61
1A62
1A63
1A64
1A65
1A66
1A67
1A68
1A69
1A6A
1A6B
1A6C
1A6D
1A6E
1A6F
1A70
1A71
1A72
1A73
1A74
1A75
1A76
1A77
1A78
1A79
1A7A
1A7B
1A7C
1A7D
1A7E
1A7F
1A80
1A81
1A82
1A83
1A84
1A85
1A86
1A87
1A88
1A89
1A8A
1A8B
1A8C
1A8D
1A8E
1A8F
1A90
1A91
1A92
1A93
1A94
1A95
1A96
1A97
1A98
1A99
1A9A
1A9B
1A9C
1A9D
1A9E
1A9F
1AA0
1AA1
1AA2
1AA3
1AA4
1AA5
1AA6
1AA7
1AA8
1AA9
1AAA
1AAB
1AAC
1AAD
1AAE
1AAF
1AB0
1AB1
1AB2
1AB3
1AB4
1AB5
1AB6
1AB7
1AB8
1AB9
1ABA
1ABB
1ABC
1ABD
1ABE
1ABF
1AC0
1AC1
1AC2
1AC3
1AC4
1AC5
1AC6
1AC7
1AC8
1AC9
1ACA
1ACB
1ACC
1ACD
1ACE
1ACF
1AD0
1AD1
1AD2
1AD3
1AD4
1AD5
1AD6
1AD7
1AD8
1AD9
1ADA
1ADB
1ADC
1ADD
1ADE
1ADF
1AE0
1AE1
1AE2
1AE3
1AE4
1AE5
1AE6
1AE7
1AE8
1AE9
1AEA
1AEB
1AEC
1AED
1AEE
1AEF
1AF0
1AF1
1AF2
1AF3
1AF4
1AF5
1AF6
1AF7
1AF8
1AF9
1AFA
1AFB
1AFC
1AFD
1AFE
1AFF
1B00
1B01
1B02
1B03
1B04
1B05
1B06
1B07
1B08
1B09
1B0A
1B0B
1B0C
1B0D
1B0E
1B0F
1B10
1B11
1B12
1B13
1B14
1B15
1B16
1B17
1B18
1B19
1B1A
1B1B
1B1C
1B1D
1B1E
1B1F
1B20
1B21
1B22
1B23
1B24
1B25
1B26
1B27
1B28
1B29
1B2A
1B2B
1B2C
1B2D
1B2E
1B2F
1B30
1B31
1B32
1B33
1B34
1B35
1B36
1B37
1B38
1B39
1B3A
1B3B
1B3C
1B3D
1B3E
1B3F
1B40
1B41
1B42
1B43
1B44
1B45
1B46
1B47
1B48
1B49
1B4A
1B4B
1B4C
1B4D
1B4E
1B4F
1B50
1B51
1B52
1B53
1B54
1B55
1B56
1B57
1B58
1B59
1B5A
1B5B
1B5C
1B5D
1B5E
1B5F
1B60
1B61
1B62
1B63
1B64
1B65
1B66
1B67
1B68
1B69
1B6A
1B6B
1B6C
1B6D
1B6E
1B6F
1B70
1B71
1B72
1B73
1B74
1B75
1B76
1B77
1B78
1B79
1B7A
1B7B
1B7C
1B7D
1B7E
1B7F
1B80
1B81
1B82
1B83
1B84
1B85
1B86
1B87
1B88
1B89
1B8A
1B8B
1B8C
1B8D
1B8E
1B8F
1B90
1B91
1B92
1B93
1B94
1B95
1B96
1B97
1B98
1B99
1B9A
1B9B
1B9C
1B9D
1B9E
1B9F
1BA0
1BA1
1BA2
1BA3
1BA4
1BA5
1BA6
1BA7
1BA8
1BA9
1BAA
1BAB
1BAC
1BAD
1BAE
1BAF
1BB0
1BB1
1BB2
1BB3
1BB4
1BB5
1BB6
1BB7
1BB8
1BB9
1BBA
1BBB
1BBC
1BBD
1BBE
1BBF
1BC0
1BC1
1BC2
1BC3
1BC4
1BC5
1BC6
1BC7
1BC8
1BC9
1BCA
1BCB
1BCC
1BCD
1BCE
1BCF
1BD0
1BD1
1BD2
1BD3
1BD4
1BD5
1BD6
1BD7
1BD8
1BD9
1BDA
1BDB
1BDC
1BDD
1BDE
1BDF
1BE0
1BE1
1BE2
1BE3
1BE4
1BE5
1BE6
1BE7
1BE8
1BE9
1BEA
1BEB
1BEC
1BED
1BEE
1BEF
1BF0
1BF1
1BF2
1BF3
1BF4
1BF5
1BF6
1BF7
1BF8
1BF9
1BFA
1BFB
1BFC
1BFD
1BFE
1BFF
1C00
1C01
1C02
1C03
1C04
1C05
1C06
1C07
1C08
1C09
1C0A
1C0B
1C0C
1C0D
1C0E
1C0F
1C10
1C11
1C12
1C13
1C14
1C15
1C16
1C17
1C18
1C19
1C1A
1C1B
1C1C
1C1D
1C1E
1C1F
1C20
1C21
1C22
1C23
1C24
1C25
1C26
1C27
1C28
1C29
1C2A
1C2B
1C2C
1C2D
1C2E
1C2F
1C30
1C31
1C32
1C33
1C34
1C35
1C36
1C37
1C38
1C39
1C3A
1C3B
1C3C
1C3D
1C3E
1C3F
1C40
1C41
1C42
1C43
1C44
1C45
1C46
1C47
1C48
1C49
1C4A
1C4B
1C4C
1C4D
1C4E
1C4F
1C50
1C51
1C52
1C53
1C54
1C55
1C56
1C57
1C58
1C59
1C5A
1C5B
1C5C
1C5D
1C5E
1C5F
1C60
1C61
1C62
1C63
1C64
1C65
1C66
1C67
1C68
1C69
1C6A
1C6B
1C6C
1C6D
1C6E
1C6F
1C70
1C71
1C72
1C73
1C74
1C75
1C76
1C77
1C78
1C79
1C7A
1C7B
1C7C
1C7D
1C7E
1C7F
1C80
1C81
1C82
1C83
1C84
1C85
1C86
1C87
1C88
1C89
1C8A
1C8B
1C8C
1C8D
1C8E
1C8F
1C90
1C91
1C92
1C93
1C94
1C95
1C96
1C97
1C98
1C99
1C9A
1C9B
1C9C
1C9D
1C9E
1C9F
1CA0
1CA1
1CA2
1CA3
1CA4
1CA5
1CA6
1CA7
1CA8
1CA9
1CAA
1CAB
1CAC
1CAD
1CAE
1CAF
1CB0
1CB1
1CB2
1CB3
1CB4
1CB5
1CB6
1CB7
1CB8
1CB9
1CBA
1CBB
1CBC
1CBD
1CBE
1CBF
1CC0
1CC1
1CC2
1CC3
1CC4
1CC5
1CC6
1CC7
1CC8
1CC9
1CCA
1CCB
1CCC
1CCD
1CCE
1CCF
1CD0
1CD1
1CD2
1CD3
1CD4
1CD5
1CD6
1CD7
1CD8
1CD9
1CDA
1CDB
1CDC
1CDD
1CDE
1CDF
1CE0
1CE1
1CE2
1CE3
1CE4
1CE5
1CE6
1CE7
1CE8
1CE9
1CEA
1CEB
1CEC
1CED
1CEE
1CEF
1CF0
1CF1
1CF2
1CF3
1CF4
1CF5
1CF6
1CF7
1CF8
1CF9
1CFA
1CFB
1CFC
1CFD
1CFE
1CFF
1D00
1D01
1D02
1D03
1D04
1D05
1D06
1D07
1D08
1D09
1D0A
1D0B
1D0C
1D0D
1D0E
1D0F
1D10
1D11
1D12
1D13
1D14
1D15
1D16
1D17
1D18
1D19
1D1A
1D1B
1D1C
1D1D
1D1E
1D1F
1D20
1D21
1D22
1D23
1D24
1D25
1D26
1D27
1D28
1D29
1D2A
1D2B
1D2C
1D2D
1D2E
1D2F
1D30
1D31
1D32
1D33
1D34
1D35
1D36
1D37
1D38
1D39
1D3A
1D3B
1D3C
1D3D
1D3E
1D3F
1D40
1D41
1D42
1D43
1D44
1D45
1D46
1D47
1D48
1D49
1D4A
1D4B
1D4C
1D4D
1D4E
1D4F
1D50
1D51
1D52
1D53
1D54
1D55
1D56
1D57
1D58
1D59
1D5A
1D5B
1D5C
1D5D
1D5E
1D5F
1D60
1D61
1D62
1D63
1D64
1D65
1D66
1D67
1D68
1D69
1D6A
1D6B
1D6C
1D6D
1D6E
1D6F
1D70
1D71
1D72
1D73
1D74
1D75
1D76
1D77
1D78
1D79
1D7A
1D7B
1D7C
1D7D
1D7E
1D7F
1D80
1D81
1D82
1D83
1D84
1D85
1D86
1D87
1D88
1D89
1D8A
1D8B
1D8C
1D8D
1D8E
1D8F
1D90
1D91
1D92
1D93
1D94
1D95
1D96
1D97
1D98
1D99
1D9A
1D9B
1D9C
1D9D
1D9E
1D9F
1DA0
1DA1
1DA2
1DA3
1DA4
1DA5
1DA6
1DA7
1DA8
1DA9
1DAA
1DAB
1DAC
1DAD
1DAE
1DAF
1DB0
1DB1
1DB2
1DB3
1DB4
1DB5
1DB6
1DB7
1DB8
1DB9
1DBA
1DBB
1DBC
1DBD
1DBE
1DBF
1DC0
1DC1
1DC2
1DC3
1DC4
1DC5
1DC6
1DC7
1DC8
1DC9
1DCA
1DCB
1DCC
1DCD
1DCE
1DCF
1DD0
1DD1
1DD2
1DD3
1DD4
1DD5
1DD6
1DD7
1DD8
1DD9
1DDA
1DDB
1DDC
1DDD
1DDE
1DDF
1DE0
1DE1
1DE2
1DE3
1DE4
1DE5
1DE6
1DE7
1DE8
1DE9
1DEA
1DEB
1DEC
1DED
1DEE
1DEF
1DF0
1DF1
1DF2
1DF3
1DF4
1DF5
1DF6
1DF7
1DF8
1DF9
1DFA
1DFB
1DFC
1DFD
1DFE
1DFF
1E00
1E01
1E02
1E03
1E04
1E05
1E06
1E07
1E08
1E09
1E0A
1E0B
1E0C
1E0D
1E0E
1E0F
1E10
1E11
1E12
1E13
1E14
1E15
1E16
1E17
1E18
1E19
1E1A
1E1B
1E1C
1E1D
1E1E
1E1F
1E20
1E21
1E22
1E23
1E24
1E25
1E26
1E27
1E28
1E29
1E2A
1E2B
1E2C
1E2D
1E2E
1E2F
1E30
1E31
1E32
1E33
1E34
1E35
1E36
1E37
1E38
1E39
1E3A
1E3B
1E3C
1E3D
1E3E
1E3F
1E40
1E41
1E42
1E43
1E44
1E45
1E46
1E47
1E48
1E49
1E4A
1E4B
1E4C
1E4D
1E4E
1E4F
1E50
1E51
1E52
1E53
1E54
1E55
1E56
1E57
1E58
1E59
1E5A
1E5B
1E5C
1E5D
1E5E
1E5F
1E60
1E61
1E62
1E63
1E64
1E65
1E66
1E67
1E68
1E69
1E6A
1E6B
1E6C
1E6D
1E6E
1E6F
1E70
1E71
1E72
1E73
1E74
1E75
1E76
1E77
1E78
1E79
1E7A
1E7B
1E7C
1E7D
1E7E
1E7F
1E80
1E81
1E82
1E83
1E84
1E85
1E86
1E87
1E88
1E89
1E8A
1E8B
1E8C
1E8D
1E8E
1E8F
1E90
1E91
1E92
1E93
1E94
1E95
1E96
1E97
1E98
1E99
1E9A
1E9B
1E9C
1E9D
1E9E
1E9F
1EA0
1EA1
1EA2
1EA3
1EA4
1EA5
1EA6
1EA7
1EA8
1EA9
1EAA
1EAB
1EAC
1EAD
1EAE
1EAF
1EB0
1EB1
1EB2
1EB3
1EB4
1EB5
1EB6
1EB7
1EB8
1EB9
1EBA
1EBB
1EBC
1EBD
1EBE
1EBF
1EC0
1EC1
1EC2
1EC3
1EC4
1EC5
1EC6
1EC7
1EC8
1EC9
1ECA
1ECB
1ECC
1ECD
1ECE
1ECF
1ED0
1ED1
1ED2
1ED3
1ED4
1ED5
1ED6
1ED7
1ED8
1ED9
1EDA
1EDB
1EDC
1EDD
1EDE
1EDF
1EE0
1EE1
1EE2
1EE3
1EE4
1EE5
1EE6
1EE7
1EE8
1EE9
1EEA
1EEB
1EEC
1EED
1EEE
1EEF
1EF0
1EF1
1EF2
1EF3
1EF4
1EF5
1EF6
1EF7
1EF8
1EF9
1EFA
1EFB
1EFC
1EFD
1EFE
1EFF
1F00
1F01
1F02
1F03
1F04
1F05
1F06
1F07
1F08
1F09
1F0A
1F0B
1F0C
1F0D
1F0E
1F0F
1F10
1F11
1F12
1F13
1F14
1F15
1F16
1F17
1F18
1F19
1F1A
1F1B
1F1C
1F1D
1F1E
1F1F
1F20
1F21
1F22
1F23
1F24
1F25
1F26
1F27
1F28
1F29
1F2A
1F2B
1F2C
1F2D
1F2E
1F2F
1F30
1F31
1F32
1F33
1F34
1F35
1F36
1F37
1F38
1F39
1F3A
1F3B
1F3C
1F3D
1F3E
1F3F
1F40
1F41
1F42
1F43
1F44
1F45
1F46
1F47
1F48
1F49
1F4A
1F4B
1F4C
1F4D
1F4E
1F4F
1F50
1F51
1F52
1F53
1F54
1F55
1F56
1F57
1F58
1F59
1F5A
1F5B
1F5C
1F5D
1F5E
1F5F
1F60
1F61
1F62
1F63
1F64
1F65
1F66
1F67
1F68
1F69
1F6A
1F6B
1F6C
1F6D
1F6E
1F6F
1F70
1F71
1F72
1F73
1F74
1F75
1F76
1F77
1F78
1F79
1F7A
1F7B
1F7C
1F7D
1F7E
1F7F
1F80
1F81
1F82
1F83
1F84
1F85
1F86
1F87
1F88
1F89
1F8A
1F8B
1F8C
1F8D
1F8E
1F8F
1F90
1F91
1F92
1F93
1F94
1F95
1F96
1F97
1F98
1F99
1F9A
1F9B
1F9C
1F9D
1F9E
1F9F
1FA0
1FA1
1FA2
1FA3
1FA4
1FA5
1FA6
1FA7
1FA8
1FA9
1FAA
1FAB
1FAC
1FAD
1FAE
1FAF
1FB0
1FB1
1FB2
1FB3
1FB4
1FB5
1FB6
1FB7
1FB8
1FB9
1FBA
1FBB
1FBC
1FBD
1FBE
1FBF
1FC0
1FC1
1FC2
1FC3
1FC4
1FC5
1FC6
1FC7
1FC8
1FC9
1FCA
1FCB
1FCC
1FCD
1FCE
1FCF
1FD0
1FD1
1FD2
1FD3
1FD4
1FD5
1FD6
1FD7
1FD8
1FD9
1FDA
1FDB
1FDC
1FDD
1FDE
1FDF
1FE0
1FE1
1FE2
1FE3
1FE4
1FE5
1FE6
1FE7
1FE8
1FE9
1FEA
1FEB
1FEC
1FED
1FEE
1FEF
1FF0
1FF1
1FF2
1FF3
1FF4
1FF5
1FF6
1FF7
1FF8
1FF9
1FFA
1FFB
1FFC
1FFD
1FFE
1FFF
2000
2001
2002
2003
2004
2005
2006
2007
2008
2009
200A
200B
200C
200D
200E
200F
2010
2011
2012
2013
2014
2015
2016
2017
2018
2019
201A
201B
201C
201D
201E
201F
2020
2021
2022
2023
2024
2025
2026
2027
2028
2029
202A
202B
202C
202D
202E
202F
2030
2031
2032
2033
2034
2035
2036
2037
2038
2039
203A
203B
203C
203D
203E
203F
2040
2041
2042
2043
2044
2045
2046
2047
2048
2049
204A
204B
204C
204D
204E
204F
2050
2051
2052
2053
2054
2055
2056
2057
2058
2059
205A
205B
205C
205D
205E
205F
2060
2061
2062
2063
2064
2065
2066
2067
2068
2069
206A
206B
206C
206D
206E
206F
2070
2071
2072
2073
2074
2075
2076
2077
2078
2079
207A
207B
207C
207D
207E
207F
2080
2081
2082
2083
2084
2085
2086
2087
2088
2089
208A
208B
208C
208D
208E
208F
2090
2091
2092
2093
2094
2095
2096
2097
2098
2099
209A
209B
209C
209D
209E
209F
20A0
20A1
20A2
20A3
20A4
20A5
20A6
20A7
20A8
20A9
20AA
20AB
20AC
20AD
20AE
20AF
20B0
20B1
20B2
20B3
20B4
20B5
20B6
20B7
20B8
20B9
20BA
20BB
20BC
20BD
20BE
20BF
20C0
20C1
20C2
20C3
20C4
20C5
20C6
20C7
20C8
20C9
20CA
20CB
20CC
20CD
20CE
20CF
20D0
20D1
20D2
20D3
20D4
20D5
20D6
20D7
20D8
20D9
20DA
20DB
20DC
20DD
20DE
20DF
20E0
20E1
20E2
20E3
20E4
20E5
20E6
20E7
20E8
20E9
20EA
20EB
20EC
20ED
20EE
20EF
20F0
20F1
20F2
20F3
20F4
20F5
20F6
20F7
20F8
20F9
20FA
20FB
20FC
20FD
20FE
20FF
2100
2101
2102
2103
2104
2105
2106
2107
2108
2109
210A
210B
210C
210D
210E
210F
2110
2111
2112
2113
2114
2115
2116
2117
2118
2119
211A
211B
211C
211D
211E
211F
2120
2121
2122
2123
2124
2125
2126
2127
2128
2129
212A
212B
212C
212D
212E
212F
2130
2131
2132
2133
2134
2135
2136
2137
2138
2139
213A
213B
213C
213D
213E
213F
2140
2141
2142
2143
2144
2145
2146
2147
2148
2149
214A
214B
214C
214D
214E
214F
2150
2151
2152
2153
2154
2155
2156
2157
2158
2159
215A
215B
215C
215D
215E
215F
2160
2161
2162
2163
2164
2165
2166
2167
2168
2169
216A
216B
216C
216D
216E
216F
2170
2171
2172
2173
2174
2175
2176
2177
2178
2179
217A
217B
217C
217D
217E
217F
2180
2181
2182
2183
2184
2185
2186
2187
2188
2189
218A
218B
218C
218D
218E
218F
2190
2191
2192
2193
2194
2195
2196
2197
2198
2199
219A
219B
219C
219D
219E
219F
21A0
21A1
21A2
21A3
21A4
21A5
21A6
21A7
21A8
21A9
21AA
21AB
21AC
21AD
21AE
21AF
21B0
21B1
21B2
21B3
21B4
21B5
21B6
21B7
21B8
21B9
21BA
21BB
21BC
21BD
21BE
21BF
21C0
21C1
21C2
21C3
21C4
21C5
21C6
21C7
21C8
21C9
21CA
21CB
21CC
21CD
21CE
21CF
21D0
21D1
21D2
21D3
21D4
21D5
21D6
21D7
21D8
21D9
21DA
21DB
21DC
21DD
21DE
21DF
21E0
21E1
21E2
21E3
21E4
21E5
21E6
21E7
21E8
21E9
21EA
21EB
21EC
21ED
21EE
21EF
21F0
21F1
21F2
21F3
21F4
21F5
21F6
21F7
21F8
21F9
21FA
21FB
21FC
21FD
21FE
21FF
2200
2201
2202
2203
2204
2205
2206
2207
2208
2209
220A
220B
220C
220D
220E
220F
2210
2211
2212
2213
2214
2215
2216
2217
2218
2219
221A
221B
221C
221D
221E
221F
2220
2221
2222
2223
2224
2225
2226
2227
2228
2229
222A
222B
222C
222D
222E
222F
2230
2231
2232
2233
2234
2235
2236
2237
2238
2239
223A
223B
223C
223D
223E
223F
2240
2241
2242
2243
2244
2245
2246
2247
2248
2249
224A
224B
224C
224D
224E
224F
2250
2251
2252
2253
2254
2255
2256
2257
2258
2259
225A
225B
225C
225D
225E
225F
2260
2261
2262
2263
2264
2265
2266
2267
2268
2269
226A
226B
226C
226D
226E
226F
2270
2271
2272
2273
2274
2275
2276
2277
2278
2279
227A
227B
227C
227D
227E
227F
2280
2281
2282
2283
2284
2285
2286
2287
2288
2289
228A
228B
228C
228D
228E
228F
2290
2291
2292
2293
2294
2295
2296
2297
2298
2299
229A
229B
229C
229D
229E
229F
22A0
22A1
22A2
22A3
22A4
22A5
22A6
22A7
22A8
22A9
22AA
22AB
22AC
22AD
22AE
22AF
22B0
22B1
22B2
22B3
22B4
22B5
22B6
22B7
22B8
22B9
22BA
22BB
22BC
22BD
22BE
22BF
22C0
22C1
22C2
22C3
22C4
22C5
22C6
22C7
22C8
22C9
22CA
22CB
22CC
22CD
22CE
22CF
22D0
22D1
22D2
22D3
22D4
22D5
22D6
22D7
22D8
22D9
22DA
22DB
22DC
22DD
22DE
22DF
22E0
22E1
22E2
22E3
22E4
22E5
22E6
22E7
22E8
22E9
22EA
22EB
22EC
22ED
22EE
22EF
22F0
22F1
22F2
22F3
22F4
22F5
22F6
22F7
22F8
22F9
22FA
22FB
22FC
22FD
22FE
22FF
2300
2301
2302
2303
2304
2305
2306
2307
2308
2309
230A
230B
230C
230D
230E
230F
2310
2311
2312
2313
2314
2315
2316
2317
2318
2319
231A
231B
231C
231D
231E
231F
2320
2321
2322
2323
2324
2325
2326
2327
2328
2329
232A
232B
232C
232D
232E
232F
2330
2331
2332
2333
2334
2335
2336
2337
2338
2339
233A
233B
233C
233D
233E
233F
2340
2341
2342
2343
2344
2345
2346
2347
2348
2349
234A
234B
234C
234D
234E
234F
2350
2351
2352
2353
2354
2355
2356
2357
2358
2359
235A
235B
235C
235D
235E
235F
2360
2361
2362
2363
2364
2365
2366
2367
2368
2369
236A
236B
236C
236D
236E
236F
2370
2371
2372
2373
2374
2375
2376
2377
2378
2379
237A
237B
237C
237D
237E
237F
2380
2381
2382
2383
2384
2385
2386
2387
2388
2389
238A
238B
238C
238D
238E
238F
2390
2391
2392
2393
2394
2395
2396
2397
2398
2399
239A
239B
239C
239D
239E
239F
23A0
23A1
23A2
23A3
23A4
23A5
23A6
23A7
23A8
23A9
23AA
23AB
23AC
23AD
23AE
23AF
23B0
23B1
23B2
23B3
23B4
23B5
23B6
23B7
23B8
23B9
23BA
23BB
23BC
23BD
23BE
23BF
23C0
23C1
23C2
23C3
23C4
23C5
23C6
23C7
23C8
23C9
23CA
23CB
23CC
23CD
23CE
23CF
23D0
23D1
23D2
23D3
23D4
23D5
23D6
23D7
23D8
23D9
23DA
23DB
23DC
23DD
23DE
23DF
23E0
23E1
23E2
23E3
23E4
23E5
23E6
23E7
23E8
23E9
23EA
23EB
23EC
23ED
23EE
23EF
23F0
23F1
23F2
23F3
23F4
23F5
23F6
23F7
23F8
23F9
23FA
23FB
23FC
23FD
23FE
23FF
2400
2401
2402
2403
2404
2405
2406
2407
2408
2409
240A
240B
240C
240D
240E
240F
2410
2411
2412
2413
2414
2415
2416
2417
2418
2419
241A
241B
241C
241D
241E
241F
2420
2421
2422
2423
2424
2425
2426
2427
2428
2429
242A
242B
242C
242D
242E
242F
2430
2431
2432
2433
2434
2435
2436
2437
2438
2439
243A
243B
243C
243D
243E
243F
2440
2441
2442
2443
2444
2445
2446
2447
2448
2449
244A
244B
244C
244D
244E
244F
2450
2451
2452
2453
2454
2455
2456
2457
2458
2459
245A
245B
245C
245D
245E
245F
2460
2461
2462
2463
2464
2465
2466
2467
2468
2469
246A
246B
246C
246D
246E
246F
2470
2471
2472
2473
2474
2475
2476
2477
2478
2479
247A
247B
247C
247D
247E
247F
2480
2481
2482
2483
2484
2485
2486
2487
2488
2489
248A
248B
248C
248D
248E
248F
2490
2491
2492
2493
2494
2495
2496
2497
2498
2499
249A
249B
249C
249D
249E
249F
24A0
24A1
24A2
24A3
24A4
24A5
24A6
24A7
24A8
24A9
24AA
24AB
24AC
24AD
24AE
24AF
24B0
24B1
24B2
24B3
24B4
24B5
24B6
24B7
24B8
24B9
24BA
24BB
24BC
24BD
24BE
24BF
24C0
24C1
24C2
24C3
24C4
24C5
24C6
24C7
24C8
24C9
24CA
24CB
24CC
24CD
24CE
24CF
24D0
24D1
24D2
24D3
24D4
24D5
24D6
24D7
24D8
24D9
24DA
24DB
24DC
24DD
24DE
24DF
24E0
24E1
24E2
24E3
24E4
24E5
24E6
24E7
24E8
24E9
24EA
24EB
24EC
24ED
24EE
24EF
24F0
24F1
24F2
24F3
24F4
24F5
24F6
24F7
24F8
24F9
24FA
24FB
24FC
24FD
24FE
24FF
2500
2501
2502
2503
2504
2505
2506
2507
2508
2509
250A
250B
250C
250D
250E
250F
2510
2511
2512
2513
2514
2515
2516
2517
2518
2519
251A
251B
251C
251D
251E
251F
2520
2521
2522
2523
2524
2525
2526
2527
2528
2529
252A
252B
252C
252D
252E
252F
2530
2531
2532
2533
2534
2535
2536
2537
2538
2539
253A
253B
253C
253D
253E
253F
2540
2541
2542
2543
2544
2545
2546
2547
2548
2549
254A
254B
254C
254D
254E
254F
2550
2551
2552
2553
2554
2555
2556
2557
2558
2559
255A
255B
255C
255D
255E
255F
2560
2561
2562
2563
2564
2565
2566
2567
2568
2569
256A
256B
256C
256D
256E
256F
2570
2571
2572
2573
2574
2575
2576
2577
2578
2579
257A
257B
257C
257D
257E
257F
2580
2581
2582
2583
2584
2585
2586
2587
2588
2589
258A
258B
258C
258D
258E
258F
2590
2591
2592
2593
2594
2595
2596
2597
2598
2599
259A
259B
259C
259D
259E
259F
25A0
25A1
25A2
25A3
25A4
25A5
25A6
25A7
25A8
25A9
25AA
25AB
25AC
25AD
25AE
25AF
25B0
25B1
25B2
25B3
25B4
25B5
25B6
25B7
25B8
25B9
25BA
25BB
25BC
25BD
25BE
25BF
25C0
25C1
25C2
25C3
25C4
25C5
25C6
25C7
25C8
25C9
25CA
25CB
25CC
25CD
25CE
25CF
25D0
25D1
25D2
25D3
25D4
25D5
25D6
25D7
25D8
25D9
25DA
25DB
25DC
25DD
25DE
25DF
25E0
25E1
25E2
25E3
25E4
25E5
25E6
25E7
25E8
25E9
25EA
25EB
25EC
25ED
25EE
25EF
25F0
25F1
25F2
25F3
25F4
25F5
25F6
25F7
25F8
25F9
25FA
25FB
25FC
25FD
25FE
25FF
2600
2601
2602
2603
2604
2605
2606
2607
2608
2609
260A
260B
260C
260D
260E
260F
2610
2611
2612
2613
2614
2615
2616
2617
2618
2619
261A
261B
261C
261D
261E
261F
2620
2621
2622
2623
2624
2625
2626
2627
2628
2629
262A
262B
262C
262D
262E
262F
2630
2631
2632
2633
2634
2635
2636
2637
2638
2639
263A
263B
263C
263D
263E
263F
2640
2641
2642
2643
2644
2645
2646
2647
2648
2649
264A
264B
264C
264D
264E
264F
2650
2651
2652
2653
2654
2655
2656
2657
2658
2659
265A
265B
265C
265D
265E
265F
2660
2661
2662
2663
2664
2665
2666
2667
2668
2669
266A
266B
266C
266D
266E
266F
2670
2671
2672
2673
2674
2675
2676
2677
2678
2679
267A
267B
267C
267D
267E
267F
2680
2681
2682
2683
2684
2685
2686
2687
2688
2689
268A
268B
268C
268D
268E
268F
2690
2691
2692
2693
2694
2695
2696
2697
2698
2699
269A
269B
269C
269D
269E
269F
26A0
26A1
26A2
26A3
26A4
26A5
26A6
26A7
26A8
26A9
26AA
26AB
26AC
26AD
26AE
26AF
26B0
26B1
26B2
26B3
26B4
26B5
26B6
26B7
26B8
26B9
26BA
26BB
26BC
26BD
26BE
26BF
26C0
26C1
26C2
26C3
26C4
26C5
26C6
26C7
26C8
26C9
26CA
26CB
26CC
26CD
26CE
26CF
26D0
26D1
26D2
26D3
26D4
26D5
26D6
26D7
26D8
26D9
26DA
26DB
26DC
26DD
26DE
26DF
26E0
26E1
26E2
26E3
26E4
26E5
26E6
26E7
26E8
26E9
26EA
26EB
26EC
26ED
26EE
26EF
26F0
26F1
26F2
26F3
26F4
26F5
26F6
26F7
26F8
26F9
26FA
26FB
26FC
26FD
26FE
26FF
2700
2701
2702
2703
2704
2705
2706
2707
2708
2709
270A
270B
270C
270D
270E
270F
2710
2711
2712
2713
2714
2715
2716
2717
2718
2719
271A
271B
271C
271D
271E
271F
2720
2721
2722
2723
2724
2725
2726
2727
2728
2729
272A
272B
272C
272D
272E
272F
2730
2731
2732
2733
2734
2735
2736
2737
2738
2739
273A
273B
273C
273D
273E
273F
2740
2741
2742
2743
2744
2744
2745
2746
2747
2748
2749
274A
274B
274C
274D
274E
274F
2750
2751
2752
2753
2754
2755
2756
2757
2758
2759
275A
275B
275C
275D
275E
275F
2760
2761
2762
2763
2764
2765
2766
2767
2768
2769
276A
276B
276C
276D
276E
276F
2770
2771
2772
2773
2774
2775
2776
2777
2778
2779
277A
277B
277C
277D
277E
277F
2780
2781
2782
2783
2784
2785
2786
2787
2788
2789
278A
278B
278C
278D
278E
278F
2790
2791
2792
2793
2794
2795
2796
2797
2798
2799
279A
279B
279C
279D
279E
279F
27A0
27A1
27A2
27A3
27A4
27A5
27A6
27A7
27A8
27A9
27AA
27AB
27AC
27AD
27AE
27AF
27B0
27B1
27B2
27B3
27B4
27B5
27B6
27B7
27B8
27B9
27BA
27BB
27BC
27BD
27BE
27BF
27C0
27C1
27C2
27C3
27C4
27C5
27C6
27C7
27C8
27C9
27CA
27CB
27CC
27CD
27CE
27CF
27D0
27D1
27D2
27D3
27D4
27D5
27D6
27D7
27D8
27D9
27DA
27DB
27DC
27DD
27DE
27DF
27E0
27E1
27E2
27E3
27E4
27E5
27E6
27E7
27E8
27E9
27EA
27EB
27EC
27ED
27EE
27EF
27F0
27F1
27F2
27F3
27F4
27F5
27F6
27F7
27F8
27F9
27FA
27FB
27FC
27FD
27FE
27FF
2801
2802
2803
2804
2805
2806
2807
2808
2809
280A
280B
280C
280D
280E
280F
2810
2811
2812
2813
2814
2815
2816
2817
2818
2819
281A
281B
281C
281D
281E
281F
2820
2821
2822
2823
2824
2825
2826
2827
2828
2829
282A
282B
282C
282D
282E
282F
2830
2831
2832
2833
2834
2835
2836
2837
2838
2839
283A
283B
283C
283D
283E
283F
2840
2841
2842
2843
2844
2845
2846
2847
2848
2849
284A
284B
284C
284D
284E
284F
2850
2851
2852
2853
2854
2855
2856
2857
2858
2859
285A
285B
285C
285D
285E
285F
2860
2861
2862
2863
2864
2865
2866
2867
2868
2869
286A
286B
286C
286D
286E
286F
2870
2871
2872
2873
2874
2875
2876
2877
2878
2879
287A
287B
287C
287D
287E
287F
2880
2881
2882
2883
2884
2885
2886
2887
2888
2889
288A
288B
288C
288D
288E
288F
2890
2891
2892
2893
2894
2894
2895
2896
2897
2898
2899
289A
289B
289C
289D
289E
289F
28A0
28A1
28A2
28A3
28A4
28A5
28A6
28A7
28A8
28A9
28AA
28AB
28AC
28AD
28AE
28AF
28B0
28B1
28B2
28B3
28B4
28B5
28B6
28B7
28B8
28B9
28BA
28BB
28BC
28BD
28BE
28BF
28C0
28C1
28C2
28C3
28C4
28C5
28C6
28C7
28C8
28C9
28CA
28CB
28CC
28CD
28CE
28CF
28D0
28D1
28D2
28D3
28D4
28D5
28D6
28D7
28D8
28D9
28DA
28DB
28DC
28DD
28DE
28DF
28E0
28E1
28E2
28E3
28E4
28E5
28E6
28E7
28E8
28E9
28EA
28EB
28EC
28ED
28EE
28EF
28F0
28F1
28F2
28F3
28F4
28F5
28F6
28F7
28F8
28F9
28FA
28FB
28FC
28FD
28FE
28FF
2900
2901
2902
2903
2904
2905
2906
2907
2908
2909
290A
290B
290C
290D
290E
290F
2910
2911
2912
2913
2914
2915
2916
2917
2918
2919
291A
291B
291C
291D
291E
291F
2920
2921
2922
2923
2924
2925
2926
2927
2928
2929
292A
292B
292C
292D
292E
292F
2930
2931
2932
2933
2934
2935
2936
2937
2938
2939
293A
293B
293C
293D
293E
293F
2940
2941
2942
2943
2944
2945
2946
2947
2948
2949
294A
294B
294C
294D
294E
294F
2950
2951
2952
2953
2954
2955
2956
2957
2958
2959
295A
295B
295C
295D
295E
295F
2960
2961
2962
2963
2964
2965
2966
2967
2968
2969
296A
296B
296C
296D
296E
296F
2970
2971
2972
2973
2974
2975
2976
2977
2978
2979
297A
297B
297C
297D
297E
297F
2980
2981
2982
2983
2984
2985
2986
2987
2988
2989
298A
298B
298C
298D
298E
298F
2990
2991
2992
2993
2994
2995
2996
2997
2998
2999
299A
299B
299C
299D
299E
299F
29A0
29A1
29A2
29A3
29A4
29A5
29A6
29A7
29A8
29A9
29AA
29AB
29AC
29AD
29AE
29AF
29B0
29B1
29B2
29B3
29B4
29B5
29B6
29B7
29B8
29B9
29BA
29BB
29BC
29BD
29BE
29BF
29C0
29C1
29C2
29C3
29C4
29C5
29C6
29C7
29C8
29C9
29CA
29CB
29CC
29CD
29CE
29CF
29D0
29D1
29D2
29D3
29D4
29D5
29D6
29D7
29D8
29D9
29DA
29DB
29DC
29DD
29DE
29DF
29E0
29E1
29E2
29E3
29E4
29E5
29E6
29E7
29E8
29E9
29EA
29EB
29EC
29ED
29EE
29EF
29F0
29F1
29F2
29F3
29F4
29F5
29F6
29F7
29F8
29F9
29FA
29FB
29FC
29FD
29FE
29FF
2A00
2A01
2A02
2A03
2A04
2A05
2A06
2A07
2A08
2A09
2A0A
2A0B
2A0C
2A0D
2A0E
2A0F
2A10
2A11
2A12
2A13
2A14
2A15
2A16
2A17
2A18
2A19
2A1A
2A1B
2A1C
2A1D
2A1E
2A1F
2A20
2A21
2A22
2A23
2A24
2A25
2A26
2A27
2A28
2A29
2A2A
2A2B
2A2C
2A2D
2A2E
2A2F
2A30
2A31
2A32
2A33
2A34
2A35
2A36
2A37
2A38
2A39
2A3A
2A3B
2A3C
2A3D
2A3E
2A3F
2A40
2A41
2A42
2A43
2A44
2A45
2A46
2A47
2A48
2A49
2A4A
2A4B
2A4C
2A4D
2A4E
2A4F
2A50
2A51
2A52
2A53
2A54
2A55
2A56
2A57
2A58
2A59
2A5A
2A5B
2A5C
2A5D
2A5E
2A5F
2A60
2A61
2A62
2A63
2A64
2A65
2A66
2A67
2A68
2A69
2A6A
2A6B
2A6C
2A6D
2A6E
2A6F
2A70
2A71
2A72
2A73
2A74
2A75
2A76
2A77
2A78
2A79
2A7A
2A7B
2A7C
2A7D
2A7E
2A7F
2A80
2A81
2A82
2A83
2A84
2A85
2A86
2A87
2A88
2A89
2A8A
2A8B
2A8C
2A8D
2A8E
2A8F
2A90
2A91
2A92
2A93
2A94
2A95
2A96
2A97
2A98
2A99
2A9A
2A9A
2A9B
2A9C
2A9D
2A9E
2A9F
2AA0
2AA1
2AA2
2AA3
2AA4
2AA5
2AA6
2AA7
2AA8
2AA9
2AAA
2AAB
2AAC
2AAD
2AAE
2AAF
2AB0
2AB1
2AB2
2AB3
2AB4
2AB5
2AB6
2AB7
2AB8
2AB9
2ABA
2ABB
2ABC
2ABD
2ABE
2ABF
2AC0
2AC1
2AC2
2AC3
2AC4
2AC5
2AC6
2AC7
2AC8
2AC9
2ACA
2ACB
2ACC
2ACD
2ACE
2ACF
2AD0
2AD1
2AD2
2AD3
2AD4
2AD5
2AD6
2AD7
2AD8
2AD9
2ADA
2ADB
2ADC
2ADD
2ADE
2ADF
2AE0
2AE1
2AE2
2AE3
2AE4
2AE5
2AE6
2AE7
2AE8
2AE9
2AEA
2AEB
2AEC
2AED
2AEE
2AEF
2AF0
2AF1
2AF2
2AF3
2AF4
2AF5
2AF6
2AF7
2AF8
2AF9
2AFA
2AFB
2AFC
2AFD
2AFE
2AFF
2B00
2B01
2B02
2B03
2B04
2B05
2B06
2B07
2B08
2B09
2B0A
2B0B
2B0C
2B0D
2B0E
2B0F
2B10
2B11
2B12
2B13
2B14
2B15
2B16
2B17
2B18
2B19
2B1A
2B1B
2B1C
2B1D
2B1E
2B1F
2B20
2B21
2B22
2B23
2B24
2B25
2B26
2B27
2B28
2B29
2B2A
2B2B
2B2C
2B2D
2B2E
2B2F
2B30
2B31
2B32
2B33
2B34
2B35
2B36
2B37
2B38
2B39
2B3A
2B3B
2B3C
2B3D
2B3E
2B3F
2B40
2B41
2B42
2B43
2B44
2B45
2B46
2B47
2B48
2B49
2B4A
2B4B
2B4C
2B4D
2B4E
2B4F
2B50
2B51
2B52
2B53
2B54
2B55
2B56
2B57
2B58
2B59
2B5A
2B5B
2B5C
2B5D
2B5E
2B5F
2B60
2B61
2B62
2B63
2B64
2B65
2B66
2B67
2B68
2B69
2B6A
2B6B
2B6C
2B6D
2B6E
2B6F
2B70
2B71
2B72
2B73
2B74
2B75
2B76
2B77
2B78
2B79
2B7A
2B7B
2B7C
2B7D
2B7E
2B7F
2B80
2B81
2B82
2B83
2B84
2B85
2B86
2B87
2B88
2B89
2B8A
2B8B
2B8C
2B8D
2B8E
2B8F
2B90
2B91
2B92
2B93
2B94
2B95
2B96
2B97
2B98
2B99
2B9A
2B9B
2B9C
2B9D
2B9E
2B9F
2BA0
2BA1
2BA2
2BA3
2BA4
2BA5
2BA6
2BA7
2BA8
2BA9
2BAA
2BAB
2BAC
2BAD
2BAE
2BAF
2BB0
2BB1
2BB2
2BB3
2BB4
2BB5
2BB6
2BB7
2BB8
2BB9
2BBA
2BBB
2BBC
2BBD
2BBE
2BBF
2BC0
2BC1
2BC2
2BC3
2BC4
2BC5
2BC6
2BC7
2BC8
2BC9
2BCA
2BCB
2BCC
2BCD
2BCE
2BCF
2BD0
2BD1
2BD2
2BD3
2BD3
2BD4
2BD5
2BD6
2BD7
2BD8
2BD9
2BDA
2BDB
2BDC
2BDD
2BDE
2BDF
2BE0
2BE1
2BE2
2BE3
2BE4
2BE5
2BE6
2BE7
2BE8
2BE9
2BEA
2BEB
2BEC
2BED
2BEE
2BEF
2BF0
2BF1
2BF2
2BF3
2BF4
2BF5
2BF6
2BF7
2BF8
2BF9
2BFA
2BFB
2BFC
2BFD
2BFF
2C01
2C02
2C03
2C04
2C05
2C06
2C07
2C08
2C09
2C0A
2C0B
2C0C
2C0D
2C0E
2C0F
2C10
2C11
2C12
2C13
2C14
2C15
2C16
2C17
2C18
2C19
2C1A
2C1B
2C1C
2C1D
2C1E
2C1F
2C20
2C21
2C22
2C23
2C24
2C25
2C26
2C27
2C28
2C28
2C29
2C2A
2C2B
2C2C
2C2D
2C2E
2C2F
2C30
2C31
2C32
2C33
2C34
2C35
2C36
2C37
2C38
2C39
2C3A
2C3B
2C3C
2C3D
2C3E
2C3F
2C40
2C41
2C42
2C43
2C44
2C45
2C46
2C47
2C48
2C49
2C4A
2C4B
2C4C
2C4D
2C4E
2C4F
2C50
2C51
2C52
2C53
2C54
2C55
2C56
2C57
2C58
2C59
2C5A
2C5B
2C5C
2C5D
2C5E
2C5F
2C60
2C61
2C62
2C63
2C64
2C65
2C66
2C67
2C68
2C69
2C6A
2C6B
2C6C
2C6D
2C6E
2C6F
2C70
2C71
2C72
2C73
2C74
2C75
2C76
2C77
2C78
2C79
2C7A
2C7B
2C7C
2C7D
2C7E
2C7F
2C80
2C81
2C82
2C83
2C84
2C85
2C86
2C87
2C88
2C89
2C8A
2C8B
2C8C
2C8D
2C8E
2C8F
2C90
2C91
2C92
2C93
2C94
2C95
2C96
2C97
2C98
2C99
2C9A
2C9B
2C9C
2C9D
2C9E
2C9F
2CA0
2CA1
2CA2
2CA3
2CA4
2CA5
2CA6
2CA7
2CA8
2CA9
2CAA
2CAB
2CAC
2CAD
2CAE
2CAF
2CB0
2CB1
2CB2
2CB3
2CB4
2CB5
2CB6
2CB7
2CB8
2CB9
2CBA
2CBB
2CBC
2CBD
2CBE
2CBF
2CC0
2CC1
2CC2
2CC3
2CC4
2CC5
2CC6
2CC7
2CC8
2CC9
2CCA
2CCB
2CCC
2CCD
2CCE
2CCF
2CD0
2CD1
2CD2
2CD3
2CD4
2CD5
2CD6
2CD7
2CD8
2CD9
2CDA
2CDB
2CDC
2CDD
2CDE
2CDF
2CE0
2CE1
2CE2
2CE3
2CE4
2CE5
2CE6
2CE7
2CE8
2CE9
2CEA
2CEB
2CEC
2CED
2CED
2CEE
2CEF
2CF0
2CF1
2CF2
2CF3
2CF4
2CF5
2CF6
2CF7
2CF8
2CF9
2CFA
2CFB
2CFC
2CFD
2CFE
2CFF
2D00
2D01
2D02
2D03
2D04
2D05
2D06
2D07
2D08
2D09
2D0A
2D0B
2D0C
2D0D
2D0E
2D0F
2D10
2D11
2D12
2D13
2D14
2D15
2D16
2D17
2D18
2D19
2D1A
2D1B
2D1C
2D1D
2D1E
2D1F
2D20
2D21
2D22
2D23
2D24
2D25
2D26
2D27
2D28
2D29
2D2A
2D2B
2D2C
2D2D
2D2E
2D2F
2D30
2D31
2D32
2D33
2D34
2D35
2D36
2D37
2D38
2D39
2D3A
2D3B
2D3C
2D3D
2D3E
2D3F
2D40
2D41
2D42
2D43
2D44
2D45
2D46
2D47
2D48
2D49
2D4A
2D4B
2D4C
2D4D
2D4E
2D4F
2D50
2D51
2D52
2D53
2D54
2D55
2D56
2D57
2D58
2D59
2D5A
2D5B
2D5C
2D5D
2D5E
2D5F
2D60
2D61
2D62
2D63
2D64
2D65
2D66
2D67
2D68
2D69
2D6A
2D6B
2D6C
2D6D
2D6E
2D6F
2D70
2D71
2D72
2D73
2D74
2D75
2D76
2D77
2D78
2D79
2D7A
2D7B
2D7C
2D7D
2D7E
2D7F
2D80
2D81
2D82
2D82
2D83
2D84
2D85
2D86
2D87
2D88
2D89
2D8A
2D8B
2D8C
2D8D
2D8E
2D8F
2D90
2D91
2D92
2D93
2D94
2D95
2D96
2D97
2D98
2D99
2D9A
2D9B
2D9C
2D9D
2D9E
2D9F
2DA0
2DA1
2DA2
2DA3
2DA4
2DA5
2DA6
2DA7
2DA8
2DA9
2DAA
2DAB
2DAC
2DAD
2DAE
2DAF
2DB0
2DB1
2DB2
2DB3
2DB4
2DB5
2DB6
2DB7
2DB8
2DB9
2DBA
2DBB
2DBC
2DBD
2DBE
2DBF
2DC0
2DC1
2DC2
2DC3
2DC4
2DC5
2DC6
2DC7
2DC8
2DC9
2DCA
2DCB
2DCC
2DCD
2DCE
2DCF
2DD0
2DD1
2DD2
2DD3
2DD4
2DD5
2DD6
2DD7
2DD8
2DD9
2DDA
2DDB
2DDC
2DDD
2DDE
2DDF
2DE0
2DE1
2DE2
2DE3
2DE4
2DE5
2DE6
2DE7
2DE8
2DE9
2DEA
2DEB
2DEC
2DED
2DEE
2DEF
2DF0
2DF1
2DF2
2DF3
2DF4
2DF5
2DF6
2DF7
2DF8
2DF9
2DFA
2DFB
2DFC
2DFD
2DFD
2DFE
2DFF
2E00
2E01
2E02
2E03
2E04
2E05
2E06
2E07
2E08
2E09
2E0A
2E0B
2E0C
2E0D
2E0E
2E0F
2E10
2E11
2E12
2E13
2E14
2E15
2E16
2E17
2E18
2E19
2E1A
2E1B
2E1C
2E1D
2E1E
2E1F
2E20
2E21
2E22
2E23
2E24
2E25
2E26
2E27
2E28
2E29
2E2A
2E2B
2E2C
2E2D
2E2E
2E2F
2E30
2E31
2E32
2E33
2E34
2E35
2E36
2E37
2E38
2E39
2E3A
2E3B
2E3C
2E3D
2E3E
2E3F
2E40
2E41
2E42
2E43
2E44
2E45
2E46
2E47
2E48
2E49
2E4A
2E4B
2E4C
2E4D
2E4E
2E4F
2E50
2E51
2E52
2E53
2E54
2E55
2E56
2E57
2E58
2E59
2E5A
2E5B
2E5C
2E5D
2E5E
2E5F
2E60
2E61
2E62
2E63
2E64
2E65
2E66
2E67
2E67
2E68
2E69
2E6A
2E6B
2E6C
2E6D
2E6E
2E6F
2E70
2E71
2E72
2E73
2E74
2E75
2E76
2E77
2E78
2E79
2E7A
2E7B
2E7C
2E7D
2E7E
2E7F
2E80
2E81
2E82
2E83
2E84
2E85
2E86
2E87
2E88
2E89
2E8A
2E8B
2E8C
2E8D
2E8E
2E8F
2E90
2E91
2E92
2E93
2E94
2E95
2E96
2E97
2E98
2E99
2E9A
2E9B
2E9C
2E9D
2E9E
2E9F
2EA0
2EA1
2EA2
2EA3
2EA4
2EA5
2EA6
2EA7
2EA8
2EA9
2EAA
2EAB
2EAC
2EAD
2EAE
2EAF
2EB0
2EB1
2EB2
2EB3
2EB4
2EB5
2EB6
2EB7
2EB8
2EB9
2EBA
2EBB
2EBC
2EBD
2EBE
2EBF
2EC0
2EC1
2EC2
2EC3
2EC4
2EC4
2EC5
2EC6
2EC7
2EC8
2EC9
2ECA
2ECB
2ECC
2ECD
2ECE
2ECF
2ED0
2ED1
2ED2
2ED3
2ED4
2ED5
2ED6
2ED7
2ED8
2ED9
2EDA
2EDB
2EDC
2EDD
2EDE
2EDF
2EE0
2EE1
2EE2
2EE3
2EE4
2EE5
2EE6
2EE7
2EE8
2EE9
2EEA
2EEB
2EEC
2EED
2EEE
2EEF
2EF0
2EF1
2EF2
2EF3
2EF4
2EF5
2EF6
2EF7
2EF8
2EF9
2EFA
2EFB
2EFC
2EFD
2EFE
2EFF
2F00
2F01
2F02
2F03
2F04
2F05
2F06
2F07
2F08
2F09
2F0A
2F0B
2F0C
2F0D
2F0E
2F0F
2F10
2F11
2F12
2F13
2F14
2F15
2F16
2F17
2F18
2F19
2F19
2F1A
2F1B
2F1C
2F1D
2F1E
2F1F
2F20
2F21
2F22
2F23
2F24
2F25
2F26
2F27
2F28
2F29
2F2A
2F2B
2F2C
2F2D
2F2E
2F2F
2F30
2F31
2F32
2F33
2F34
2F35
2F36
2F37
2F38
2F39
2F3A
2F3B
2F3C
2F3D
2F3E
2F3F
2F40
2F41
2F42
2F43
2F44
2F45
2F46
2F47
2F48
2F49
2F4A
2F4B
2F4C
2F4D
2F4E
2F4F
2F50
2F51
2F52
2F53
2F54
2F55
2F56
2F57
2F58
2F59
2F5A
2F5B
2F5C
2F5D
2F5E
2F5F
2F60
2F61
2F62
2F63
2F64
2F65
2F66
2F66
2F67
2F68
2F69
2F6A
2F6B
2F6C
2F6D
2F6E
2F6F
2F70
2F71
2F72
2F73
2F74
2F75
2F76
2F77
2F78
2F79
2F7A
2F7B
2F7C
2F7D
2F7E
2F7F
2F80
2F81
2F82
2F83
2F84
2F85
2F86
2F87
2F88
2F89
2F8A
2F8B
2F8C
2F8D
2F8E
2F8F
2F90
2F91
2F92
2F93
2F94
2F95
2F96
2F97
2F98
2F99
2F9A
2F9B
2F9C
2F9D
2F9E
2F9F
2FA0
2FA1
2FA2
2FA3
2FA4
2FA5
2FA6
2FA7
2FA8
2FA9
2FAA
2FAB
2FAC
2FAD
2FAD
2FAE
2FAF
2FB0
2FB1
2FB2
2FB3
2FB4
2FB5
2FB6
2FB7
2FB8
2FB9
2FBA
2FBB
2FBC
2FBD
2FBE
2FBF
2FC0
2FC1
2FC2
2FC3
2FC4
2FC5
2FC6
2FC7
2FC8
2FC9
2FCA
2FCB
2FCC
2FCD
2FCE
2FCF
2FD0
2FD1
2FD2
2FD3
2FD4
2FD5
2FD6
2FD7
2FD8
2FD9
2FDA
2FDB
2FDC
2FDD
2FDE
2FDF
2FE0
2FE1
2FE2
2FE3
2FE4
2FE5
2FE6
2FE7
2FE8
2FE9
2FEA
2FEB
2FEC
2FED
2FEE
2FEF
2FEF
2FF0
2FF1
2FF2
2FF3
2FF4
2FF5
2FF7
2FF9
2FFB
2FFD
2FFF
3001
3002
3003
3004
3005
3006
3007
3007
3008
3009
300A
300B
300C
300D
300E
300F
3010
3011
3012
3013
3014
3015
3016
3017
3018
3019
301A
301B
301C
301D
301E
301F
3020
3021
3022
3023
3024
3025
3026
3027
3028
3029
302A
302B
302C
302D
302E
302F
3030
3031
3032
3033
3034
3035
3036
3037
3038
3039
303A
303B
303C
303D
303E
303F
3040
3041
3042
3042
3043
3044
3045
3046
3047
3048
3049
304A
304B
304C
304D
304E
304F
3050
3051
3052
3053
3054
3055
3056
3057
3058
3059
305A
305B
305C
305D
305E
305F
3060
3061
3062
3063
3064
3065
3066
3067
3068
3069
306A
306B
306C
306D
306E
306F
3070
3071
3072
3073
3074
3075
3076
3077
3077
3078
3079
307A
307B
307C
307D
307E
307F
3080
3081
3082
3083
3084
3085
3086
3087
3088
3089
308A
308B
308C
308D
308E
308F
3090
3091
3092
3093
3094
3095
3096
3097
3098
3099
309A
309B
309C
309D
309E
309F
30A0
30A1
30A2
30A3
30A4
30A5
30A6
30A7
30A7
30A8
30A9
30AA
30AB
30AC
30AD
30AE
30AF
30B0
30B1
30B2
30B3
30B4
30B5
30B6
30B7
30B8
30B9
30BA
30BB
30BC
30BD
30BE
30BF
30C0
30C1
30C2
30C3
30C4
30C5
30C6
30C7
30C8
30C9
30CA
30CB
30CC
30CD
30CE
30CF
30D0
30D1
30D2
30D3
30D4
30D4
30D5
30D6
30D7
30D8
30D9
30DA
30DB
30DC
30DD
30DE
30DF
30E0
30E1
30E2
30E3
30E4
30E5
30E6
30E7
30E8
30E9
30EA
30EB
30EC
30ED
30EE
30EF
30F0
30F1
30F2
30F3
30F4
30F5
30F6
30F7
30F8
30F9
30FA
30FB
30FC
30FD
30FD
30FE
30FF
3100
3101
3102
3103
3104
3105
3106
3107
3108
3109
310A
310B
310C
310D
310E
310F
3110
3111
3112
3113
3114
3115
3116
3117
3118
3119
311A
311B
311C
311D
311E
311F
3120
3121
3122
3123
3124
3124
3125
3126
3127
3128
3129
312A
312B
312C
312D
312E
312F
3130
3131
3132
3133
3134
3135
3136
3137
3138
3139
313A
313B
313C
313D
313E
313F
3140
3141
3142
3143
3144
3145
3146
3147
3148
3149
3149
314A
314B
314C
314D
314E
314F
3150
3151
3152
3153
3154
3155
3156
3157
3158
3159
315A
315B
315C
315D
315E
315F
3160
3161
3162
3163
3164
3165
3166
3167
3168
3169
316A
316B
316B
316C
316D
316E
316F
3170
3171
3172
3173
3174
3175
3176
3177
3178
3179
317A
317B
317C
317D
317E
317F
3180
3181
3182
3183
3184
3185
3186
3187
3188
3189
318A
318B
318C
318D
318D
318E
318F
3190
3191
3192
3193
3194
3195
3196
3197
3198
3199
319A
319B
319C
319D
319E
319F
31A0
31A1
31A2
31A3
31A4
31A5
31A6
31A7
31A8
31A9
31AA
31AB
31AC
31AC
31AD
31AE
31AF
31B0
31B1
31B2
31B3
31B4
31B5
31B6
31B7
31B8
31B9
31BA
31BB
31BC
31BD
31BE
31BF
31C0
31C1
31C2
31C3
31C4
31C5
31C6
31C7
31C8
31C9
31CA
31CA
31CB
31CC
31CD
31CE
31CF
31D0
31D1
31D2
31D3
31D4
31D5
31D6
31D7
31D8
31D9
31DA
31DB
31DC
31DD
31DE
31DF
31E0
31E1
31E2
31E3
31E4
31E5
31E6
31E7
31E7
31E8
31E9
31EA
31EB
31EC
31ED
31EE
31EF
31F0
31F1
31F2
31F3
31F4
31F5
31F6
31F7
31F8
31F9
31FA
31FB
31FC
31FD
31FE
31FF
3200
3201
3202
3203
3203
3204
3205
3206
3207
3208
3209
320A
320B
320C
320D
320E
320F
3210
3211
3212
3213
3214
3215
3216
3217
3218
3219
321A
321B
321C
321D
321E
321E
321F
3220
3221
3222
3223
3224
3225
3226
3227
3228
3229
322A
322B
322C
322D
322E
322F
3230
3231
3232
3233
3234
3235
3236
3237
3238
3238
3239
323A
323B
323C
323D
323E
323F
3240
3241
3242
3243
3244
3245
3246
3247
3248
3249
324A
324B
324C
324D
324E
324F
3250
3251
3251
3252
3253
3254
3255
3256
3257
3258
3259
325A
325B
325C
325D
325E
325F
3260
3261
3262
3263
3264
3265
3266
3267
3268
3269
3269
326A
326B
326C
326D
326E
326F
3270
3271
3272
3273
3274
3275
3276
3277
3278
3279
327A
327B
327C
327D
327E
327F
3280
3281
3281
3282
3283
3284
3285
3286
3287
3288
3289
328A
328B
328C
328D
328E
328F
3290
3291
3292
3293
3294
3295
3296
3297
3298
3298
3299
329A
329B
329C
329D
329E
329F
32A0
32A1
32A2
32A3
32A4
32A5
32A6
32A7
32A8
32A9
32AA
32AB
32AC
32AD
32AE
32AE
32AF
32B0
32B1
32B2
32B3
32B4
32B5
32B6
32B7
32B8
32B9
32BA
32BB
32BC
32BD
32BE
32BF
32C0
32C1
32C2
32C3
32C4
32C4
32C5
32C6
32C7
32C8
32C9
32CA
32CB
32CC
32CD
32CE
32CF
32D0
32D1
32D2
32D3
32D4
32D5
32D6
32D7
32D8
32D9
32D9
32DA
32DB
32DC
32DD
32DE
32DF
32E0
32E1
32E2
32E3
32E4
32E5
32E6
32E7
32E8
32E9
32EA
32EB
32EC
32ED
32ED
32EE
32EF
32F0
32F1
32F2
32F3
32F4
32F5
32F6
32F7
32F8
32F9
32FA
32FB
32FC
32FD
32FE
32FF
3300
3301
3301
3302
3303
3304
3305
3306
3307
3308
3309
330A
330B
330C
330D
330E
330F
3310
3311
3312
3313
3314
3315
3315
3316
3317
3318
3319
331A
331B
331C
331D
331E
331F
3320
3321
3322
3323
3324
3325
3326
3327
3328
3328
3329
332A
332B
332C
332D
332E
332F
3330
3331
3332
3333
3334
3335
3336
3337
3338
3339
333A
333B
333B
333C
333D
333E
333F
3340
3341
3342
3343
3344
3345
3346
3347
3348
3349
334A
334B
334C
334D
334D
334E
334F
3350
3351
3352
3353
3354
3355
3356
3357
3358
3359
335A
335B
335C
335D
335E
335F
335F
3360
3361
3362
3363
3364
3365
3366
3367
3368
3369
336A
336B
336C
336D
336E
336F
3370
3371
3371
3372
3373
3374
3375
3376
3377
3378
3379
337A
337B
337C
337D
337E
337F
3380
3381
3382
3382
3383
3384
3385
3386
3387
3388
3389
338A
338B
338C
338D
338E
338F
3390
3391
3392
3393
3393
3394
3395
3396
3397
3398
3399
339A
339B
339C
339D
339E
339F
33A0
33A1
33A2
33A3
33A4
33A4
33A5
33A6
33A7
33A8
33A9
33AA
33AB
33AC
33AD
33AE
33AF
33B0
33B1
33B2
33B3
33B4
33B4
33B5
33B6
33B7
33B8
33B9
33BA
33BB
33BC
33BD
33BE
33BF
33C0
33C1
33C2
33C3
33C4
33C5
33C5
33C6
33C7
33C8
33C9
33CA
33CB
33CC
33CD
33CE
33CF
33D0
33D1
33D2
33D3
33D4
33D4
33D5
33D6
33D8
33DA
33DC
33DE
33E0
33E2
33E4
33E5
33E7
33E9
33EB
33ED
33EF
33F1
33F3
33F4
33F6
33F8
33FA
33FC
33FE
3400
3401
3402
3403
3404
3405
3405
3406
3407
3408
3409
340A
340B
340C
340D
340E
340F
3410
3411
3412
3413
3414
3414
3415
3416
3417
3418
3419
341A
341B
341C
341D
341E
341F
3420
3421
3422
3422
3423
3424
3425
3426
3427
3428
3429
342A
342B
342C
342D
342E
342F
3430
3430
3431
3432
3433
3434
3435
3436
3437
3438
3439
343A
343B
343C
343D
343D
343E
343F
3440
3441
3442
3443
3444
3445
3446
3447
3448
3449
344A
344A
344B
344C
344D
344E
344F
3450
3451
3452
3453
3454
3455
3456
3457
3457
3458
3459
345A
345B
345C
345D
345E
345F
3460
3461
3462
3463
3463
3464
3465
3466
3467
3468
3469
346A
346B
346C
346D
346E
346F
346F
3470
3471
3472
3473
3474
3475
3476
3477
3478
3479
347A
347B
347B
347C
347D
347E
347F
3480
3481
3482
3483
3484
3485
3486
3487
3487
3488
3489
348A
348B
348C
348D
348E
348F
3490
3491
3492
3492
3493
3494
3495
3496
3497
3498
3499
349A
349B
349C
349D
349D
349E
349F
34A0
34A1
34A2
34A3
34A4
34A5
34A6
34A7
34A8
34A8
34A9
34AA
34AB
34AC
34AD
34AE
34AF
34B0
34B1
34B2
34B3
34B3
34B4
34B5
34B6
34B7
34B8
34B9
34BA
34BB
34BC
34BD
34BE
34BE
34BF
34C0
34C1
34C2
34C3
34C4
34C5
34C6
34C7
34C8
34C8
34C9
34CA
34CB
34CC
34CD
34CE
34CF
34D0
34D1
34D2
34D2
34D3
34D4
34D5
34D6
34D7
34D8
34D9
34DA
34DB
34DC
34DC
34DD
34DE
34DF
34E0
34E1
34E2
34E3
34E4
34E5
34E6
34E6
34E7
34E8
34E9
34EA
34EB
34EC
34ED
34EE
34EF
34EF
34F0
34F1
34F2
34F3
34F4
34F5
34F6
34F7
34F8
34F9
34F9
34FA
34FB
34FC
34FD
34FE
34FF
3500
3501
3502
3502
3503
3504
3505
3506
3507
3508
3509
350A
350B
350B
350C
350D
350E
350F
3510
3511
3512
3513
3514
3514
3515
3516
3517
3518
3519
351A
351B
351C
351D
351D
351E
351F
3520
3521
3522
3523
3524
3525
3526
3526
3527
3528
3529
352A
352B
352C
352D
352E
352E
352F
3530
3531
3532
3533
3534
3535
3536
3537
3537
3538
3539
353A
353B
353C
353D
353E
353F
353F
3540
3541
3542
3543
3544
3545
3546
3547
3547
3548
3549
354A
354B
354C
354D
354E
354F
354F
3550
3551
3552
3553
3554
3555
3556
3557
3557
3558
3559
355A
355B
355C
355D
355E
355F
355F
3560
3561
3562
3563
3564
3565
3566
3567
3567
3568
3569
356A
356B
356C
356D
356E
356F
356F
3570
3571
3572
3573
3574
3575
3576
3577
3577
3578
3579
357A
357B
357C
357D
357E
357E
357F
3580
3581
3582
3583
3584
3585
3586
3586
3587
3588
3589
358A
358B
358C
358D
358D
358E
358F
3590
3591
3592
3593
3594
3594
3595
3596
3597
3598
3599
359A
359B
359B
359C
359D
359E
359F
35A0
35A1
35A2
35A2
35A3
35A4
35A5
35A6
35A7
35A8
35A9
35A9
35AA
35AB
35AC
35AD
35AE
35AF
35B0
35B0
35B1
35B2
35B3
35B4
35B5
35B6
35B7
35B7
35B8
35B9
35BA
35BB
35BC
35BD
35BE
35BE
35BF
35C0
35C1
35C2
35C3
35C4
35C5
35C5
35C6
35C7
35C8
35C9
35CA
35CB
35CB
35CC
35CD
35CE
35CF
35D0
35D1
35D2
35D2
35D3
35D4
35D5
35D6
35D7
35D8
35D9
35D9
35DA
35DB
35DC
35DD
35DE
35DF
35DF
35E0
35E1
35E2
35E3
35E4
35E5
35E5
35E6
35E7
35E8
35E9
35EA
35EB
35EC
35EC
35ED
35EE
35EF
35F0
35F1
35F2
35F2
35F3
35F4
35F5
35F6
35F7
35F8
35F8
35F9
35FA
35FB
35FC
35FD
35FE
35FE
35FF
3600
3601
3602
3603
3604
3605
3605
3606
3607
3608
3609
360A
360B
360B
360C
360D
360E
360F
3610
3611
3611
3612
3613
3614
3615
3616
3616
3617
3618
3619
361A
361B
361C
361C
361D
361E
361F
3620
3621
3622
3622
3623
3624
3625
3626
3627
3628
3628
3629
362A
362B
362C
362D
362E
362E
362F
3630
3631
3632
3633
3633
3634
3635
3636
3637
3638
3639
3639
363A
363B
363C
363D
363E
363F
363F
3640
3641
3642
3643
3644
3644
3645
3646
3647
3648
3649
364A
364A
364B
364C
364D
364E
364F
364F
3650
3651
3652
3653
3654
3654
3655
3656
3657
3658
3659
365A
365A
365B
365C
365D
365E
365F
365F
3660
3661
3662
3663
3664
3664
3665
3666
3667
3668
3669
366A
366A
366B
366C
366D
366E
366F
366F
3670
3671
3672
3673
3674
3674
3675
3676
3677
3678
3679
3679
367A
367B
367C
367D
367E
367E
367F
3680
3681
3682
3683
3683
3684
3685
3686
3687
3688
3688
3689
368A
368B
368C
368D
368D
368E
368F
3690
3691
3692
3692
3693
3694
3695
3696
3697
3697
3698
3699
369A
369B
369C
369C
369D
369E
369F
36A0
36A1
36A1
36A2
36A3
36A4
36A5
36A6
36A6
36A7
36A8
36A9
36AA
36AB
36AB
36AC
36AD
36AE
36AF
36AF
36B0
36B1
36B2
36B3
36B4
36B4
36B5
36B6
36B7
36B8
36B9
36B9
36BA
36BB
36BC
36BD
36BD
36BE
36BF
36C0
36C1
36C2
36C2
36C3
36C4
36C5
36C6
36C7
36C7
36C8
36C9
36CA
36CB
36CB
36CC
36CD
36CE
36CF
36D0
36D0
36D1
36D2
36D3
36D4
36D4
36D5
36D6
36D7
36D8
36D9
36D9
36DA
36DB
36DC
36DD
36DD
36DE
36DF
36E0
36E1
36E1
36E2
36E3
36E4
36E5
36E6
36E6
36E7
36E8
36E9
36EA
36EA
36EB
36EC
36ED
36EE
36EF
36EF
36F0
36F1
36F2
36F3
36F3
36F4
36F5
36F6
36F7
36F7
36F8
36F9
36FA
36FB
36FB
36FC
36FD
36FE
36FF
3700
3700
3701
3702
3703
3704
3704
3705
3706
3707
3708
3708
3709
370A
370B
370C
370C
370D
370E
370F
3710
3710
3711
3712
3713
3714
3715
3715
3716
3717
3718
3719
3719
371A
371B
371C
371D
371D
371E
371F
3720
3721
3721
3722
3723
3724
3725
3725
3726
3727
3728
3729
3729
372A
372B
372C
372D
372D
372E
372F
3730
3731
3731
3732
3733
3734
3735
3735
3736
3737
3738
3739
3739
373A
373B
373C
373C
373D
373E
373F
3740
3740
3741
3742
3743
3744
3744
3745
3746
3747
3748
3748
3749
374A
374B
374C
374C
374D
374E
374F
3750
3750
3751
3752
3753
3753
3754
3755
3756
3757
3757
3758
3759
375A
375B
375B
375C
375D
375E
375F
375F
3760
3761
3762
3762
3763
3764
3765
3766
3768
376A
376B
376D
376E
3770
3771
3773
3775
3776
3778
3779
377B
377C
377E
377F
3781
3783
3784
3786
3787
3789
378A
378C
378D
378F
3791
3792
3794
3795
3797
3798
379A
379B
379D
379F
37A0
37A2
37A3
37A5
37A6
37A8
37A9
37AB
37AC
37AE
37B0
37B1
37B3
37B4
37B6
37B7
37B9
37BA
37BC
37BD
37BF
37C0
37C2
37C3
37C5
37C7
37C8
37CA
37CB
37CD
37CE
37D0
37D1
37D3
37D4
37D6
37D7
37D9
37DA
37DC
37DD
37DF
37E0
37E2
37E3
37E5
37E6
37E8
37E9
37EB
37EC
37EE
37EF
37F1
37F3
37F4
37F6
37F7
37F9
37FA
37FC
37FD
37FF
3800
3801
3802
3802
3803
3804
3805
3805
3806
3807
3807
3808
3809
380A
380A
380B
380C
380D
380D
380E
380F
3810
3810
3811
3812
3813
3813
3814
3815
3816
3816
3817
3818
3819
3819
381A
381B
381C
381C
381D
381E
381E
381F
3820
3821
3821
3822
3823
3824
3824
3825
3826
3827
3827
3828
3829
3829
382A
382B
382C
382C
382D
382E
382F
382F
3830
3831
3831
3832
3833
3834
3834
3835
3836
3837
3837
3838
3839
3839
383A
383B
383C
383C
383D
383E
383E
383F
3840
3841
3841
3842
3843
3843
3844
3845
3846
3846
3847
3848
3848
3849
384A
384B
384B
384C
384D
384D
384E
384F
3850
3850
3851
3852
3852
3853
3854
3855
3855
3856
3857
3857
3858
3859
3859
385A
385B
385C
385C
385D
385E
385E
385F
3860
3860
3861
3862
3863
3863
3864
3865
3865
3866
3867
3867
3868
3869
386A
386A
386B
386C
386C
386D
386E
386E
386F
3870
3871
3871
3872
3873
3873
3874
3875
3875
3876
3877
3877
3878
3879
3879
387A
387B
387C
387C
387D
387E
387E
387F
3880
3880
3881
3882
3882
3883
3884
3884
3885
3886
3886
3887
3888
3889
3889
388A
388B
388B
388C
388D
388D
388E
388F
388F
3890
3891
3891
3892
3893
3893
3894
3895
3895
3896
3897
3897
3898
3899
3899
389A
389B
389B
389C
389D
389D
389E
389F
389F
38A0
38A1
38A1
38A2
38A3
38A3
38A4
38A5
38A5
38A6
38A7
38A7
38A8
38A9
38A9
38AA
38AB
38AB
38AC
38AD
38AD
38AE
38AF
38AF
38B0
38B1
38B1
38B2
38B3
38B3
38B4
38B4
38B5
38B6
38B6
38B7
38B8
38B8
38B9
38BA
38BA
38BB
38BC
38BC
38BD
38BE
38BE
38BF
38C0
38C0
38C1
38C2
38C2
38C3
38C3
38C4
38C5
38C5
38C6
38C7
38C7
38C8
38C9
38C9
38CA
38CB
38CB
38CC
38CC
38CD
38CE
38CE
38CF
38D0
38D0
38D1
38D2
38D2
38D3
38D3
38D4
38D5
38D5
38D6
38D7
38D7
38D8
38D9
38D9
38DA
38DA
38DB
38DC
38DC
38DD
38DE
38DE
38DF
38DF
38E0
38E1
38E1
38E2
38E3
38E3
38E4
38E4
38E5
38E6
38E6
38E7
38E8
38E8
38E9
38E9
38EA
38EB
38EB
38EC
38ED
38ED
38EE
38EE
38EF
38F0
38F0
38F1
38F2
38F2
38F3
38F3
38F4
38F5
38F5
38F6
38F6
38F7
38F8
38F8
38F9
38FA
38FA
38FB
38FB
38FC
38FD
38FD
38FE
38FE
38FF
3900
3900
3901
3902
3902
3903
3903
3904
3905
3905
3906
3906
3907
3908
3908
3909
3909
390A
390B
390B
390C
390C
390D
390E
390E
390F
390F
3910
3911
3911
3912
3912
3913
3914
3914
3915
3915
3916
3917
3917
3918
3918
3919
391A
391A
391B
391B
391C
391D
391D
391E
391E
391F
391F
3920
3921
3921
3922
3922
3923
3924
3924
3925
3925
3926
3927
3927
3928
3928
3929
3929
392A
392B
392B
392C
392C
392D
392E
392E
392F
392F
3930
3930
3931
3932
3932
3933
3933
3934
3934
3935
3936
3936
3937
3937
3938
3938
3939
393A
393A
393B
393B
393C
393D
393D
393E
393E
393F
393F
3940
3940
3941
3942
3942
3943
3943
3944
3944
3945
3946
3946
3947
3947
3948
3948
3949
394A
394A
394B
394B
394C
394C
394D
394D
394E
394F
394F
3950
3950
3951
3951
3952
3953
3953
3954
3954
3955
3955
3956
3956
3957
3958
3958
3959
3959
395A
395A
395B
395B
395C
395C
395D
395E
395E
395F
395F
3960
3960
3961
3961
3962
3963
3963
3964
3964
3965
3965
3966
3966
3967
3967
3968
3969
3969
396A
396A
396B
396B
396C
396C
396D
396D
396E
396E
396F
3970
3970
3971
3971
3972
3972
3973
3973
3974
3974
3975
3975
3976
3977
3977
3978
3978
3979
3979
397A
397A
397B
397B
397C
397C
397D
397D
397E
397E
397F
3980
3980
3981
3981
3982
3982
3983
3983
3984
3984
3985
3985
3986
3986
3987
3987
3988
3988
3989
398A
398A
398B
398B
398C
398C
398D
398D
398E
398E
398F
398F
3990
3990
3991
3991
3992
3992
3993
3993
3994
3994
3995
3995
3996
3996
3997
3997
3998
3998
3999
3999
399A
399B
399B
399C
399C
399D
399D
399E
399E
399F
399F
39A0
39A0
39A1
39A1
39A2
39A2
39A3
39A3
39A4
39A4
39A5
39A5
39A6
39A6
39A7
39A7
39A8
39A8
39A9
39A9
39AA
39AA
39AB
39AB
39AC
39AC
39AD
39AD
39AE
39AE
39AF
39AF
39B0
39B0
39B1
39B1
39B2
39B2
39B3
39B3
39B4
39B4
39B5
39B5
39B6
39B6
39B6
39B7
39B7
39B8
39B8
39B9
39B9
39BA
39BA
39BB
39BB
39BC
39BC
39BD
39BD
39BE
39BE
39BF
39BF
39C0
39C0
39C1
39C1
39C2
39C2
39C3
39C3
39C4
39C4
39C5
39C5
39C6
39C6
39C6
39C7
39C7
39C8
39C8
39C9
39C9
39CA
39CA
39CB
39CB
39CC
39CC
39CD
39CD
39CE
39CE
39CF
39CF
39D0
39D0
39D0
39D1
39D1
39D2
39D2
39D3
39D3
39D4
39D4
39D5
39D5
39D6
39D6
39D7
39D7
39D7
39D8
39D8
39D9
39D9
39DA
39DA
39DB
39DB
39DC
39DC
39DD
39DD
39DE
39DE
39DE
39DF
39DF
39E0
39E0
39E1
39E1
39E2
39E2
39E3
39E3
39E4
39E4
39E4
39E5
39E5
39E6
39E6
39E7
39E7
39E8
39E8
39E9
39E9
39E9
39EA
39EA
39EB
39EB
39EC
39EC
39ED
39ED
39EE
39EE
39EE
39EF
39EF
39F0
39F0
39F1
39F1
39F2
39F2
39F2
39F3
39F3
39F4
39F4
39F5
39F5
39F6
39F6
39F6
39F7
39F7
39F8
39F8
39F9
39F9
39FA
39FA
39FA
39FB
39FB
39FC
39FC
39FD
39FD
39FE
39FE
39FE
39FF
39FF
3A00
3A00
3A01
3A01
3A01
3A02
3A02
3A03
3A03
3A04
3A04
3A05
3A05
3A05
3A06
3A06
3A07
3A07
3A08
3A08
3A08
3A09
3A09
3A0A
3A0A
3A0B
3A0B
3A0B
3A0C
3A0C
3A0D
3A0D
3A0E
3A0E
3A0E
3A0F
3A0F
3A10
3A10
3A11
3A11
3A11
3A12
3A12
3A13
3A13
3A14
3A14
3A14
3A15
3A15
3A16
3A16
3A16
3A17
3A17
3A18
3A19
3A19
3A1A
3A1B
3A1C
3A1D
3A1E
3A1E
3A1F
3A20
3A21
3A22
3A23
3A23
3A24
3A25
3A26
3A27
3A27
3A28
3A29
3A2A
3A2B
3A2C
3A2C
3A2D
3A2E
3A2F
3A30
3A30
3A31
3A32
3A33
3A34
3A34
3A35
3A36
3A37
3A38
3A38
3A39
3A3A
3A3B
3A3C
3A3C
3A3D
3A3E
3A3F
3A3F
3A40
3A41
3A42
3A43
3A43
3A44
3A45
3A46
3A46
3A47
3A48
3A49
3A49
3A4A
3A4B
3A4C
3A4D
3A4D
3A4E
3A4F
3A50
3A50
3A51
3A52
3A53
3A53
3A54
3A55
3A56
3A56
3A57
3A58
3A59
3A59
3A5A
3A5B
3A5B
3A5C
3A5D
3A5E
3A5E
3A5F
3A60
3A61
3A61
3A62
3A63
3A64
3A64
3A65
3A66
3A66
3A67
3A68
3A69
3A69
3A6A
3A6B
3A6B
3A6C
3A6D
3A6E
3A6E
3A6F
3A70
3A70
3A71
3A72
3A72
3A73
3A74
3A75
3A75
3A76
3A77
3A77
3A78
3A79
3A79
3A7A
3A7B
3A7C
3A7C
3A7D
3A7E
3A7E
3A7F
3A80
3A80
3A81
3A82
3A82
3A83
3A84
3A84
3A85
3A86
3A86
3A87
3A88
3A88
3A89
3A8A
3A8A
3A8B
3A8C
3A8C
3A8D
3A8E
3A8E
3A8F
3A90
3A90
3A91
3A92
3A92
3A93
3A94
3A94
3A95
3A95
3A96
3A97
3A97
3A98
3A99
3A99
3A9A
3A9B
3A9B
3A9C
3A9D
3A9D
3A9E
3A9E
3A9F
3AA0
3AA0
3AA1
3AA2
3AA2
3AA3
3AA3
3AA4
3AA5
3AA5
3AA6
3AA7
3AA7
3AA8
3AA8
3AA9
3AAA
3AAA
3AAB
3AAB
3AAC
3AAD
3AAD
3AAE
3AAE
3AAF
3AB0
3AB0
3AB1
3AB1
3AB2
3AB3
3AB3
3AB4
3AB4
3AB5
3AB6
3AB6
3AB7
3AB7
3AB8
3AB9
3AB9
3ABA
3ABA
3ABB
3ABC
3ABC
3ABD
3ABD
3ABE
3ABE
3ABF
3AC0
3AC0
3AC1
3AC1
3AC2
3AC2
3AC3
3AC4
3AC4
3AC5
3AC5
3AC6
3AC6
3AC7
3AC8
3AC8
3AC9
3AC9
3ACA
3ACA
3ACB
3ACC
3ACC
3ACD
3ACD
3ACE
3ACE
3ACF
3ACF
3AD0
3AD0
3AD1
3AD2
3AD2
3AD3
3AD3
3AD4
3AD4
3AD5
3AD5
3AD6
3AD6
3AD7
3AD8
3AD8
3AD9
3AD9
3ADA
3ADA
3ADB
3ADB
3ADC
3ADC
3ADD
3ADD
3ADE
3ADE
3ADF
3AE0
3AE0
3AE1
3AE1
3AE2
3AE2
3AE3
3AE3
3AE4
3AE4
3AE5
3AE5
3AE6
3AE6
3AE7
3AE7
3AE8
3AE8
3AE9
3AE9
3AEA
3AEA
3AEB
3AEB
3AEC
3AEC
3AED
3AED
3AEE
3AEE
3AEF
3AEF
3AF0
3AF0
3AF1
3AF1
3AF2
3AF2
3AF3
3AF3
3AF4
3AF4
3AF5
3AF5
3AF6
3AF6
3AF7
3AF7
3AF8
3AF8
3AF9
3AF9
3AFA
3AFA
3AFB
3AFB
3AFC
3AFC
3AFC
3AFD
3AFD
3AFE
3AFE
3AFF
3AFF
3B00
3B00
3B01
3B01
3B02
3B02
3B03
3B03
3B03
3B04
3B04
3B05
3B05
3B06
3B06
3B07
3B07
3B08
3B08
3B09
3B09
3B09
3B0A
3B0A
3B0B
3B0B
3B0C
3B0C
3B0D
3B0D
3B0D
3B0E
3B0E
3B0F
3B0F
3B10
3B10
3B11
3B11
3B11
3B12
3B12
3B13
3B13
3B14
3B14
3B15
3B15
3B15
3B16
3B16
3B17
3B17
3B18
3B18
3B18
3B19
3B19
3B1A
3B1A
3B1B
3B1B
3B1B
3B1C
3B1C
3B1D
3B1D
3B1D
3B1E
3B1E
3B1F
3B1F
3B20
3B20
3B20
3B21
3B21
3B22
3B22
3B22
3B23
3B23
3B24
3B24
3B24
3B25
3B25
3B26
3B26
3B26
3B27
3B27
3B28
3B28
3B28
3B29
3B29
3B2A
3B2A
3B2A
3B2B
3B2B
3B2C
3B2C
3B2C
3B2D
3B2D
3B2E
3B2E
3B2E
3B2F
3B2F
3B30
3B30
3B30
3B31
3B31
3B31
3B32
3B32
3B33
3B33
3B33
3B34
3B34
3B35
3B35
3B35
3B36
3B36
3B36
3B37
3B37
3B38
3B38
3B38
3B39
3B39
3B39
3B3A
3B3A
3B3A
3B3B
3B3B
3B3C
3B3C
3B3C
3B3D
3B3D
3B3D
3B3E
3B3E
3B3E
3B3F
3B3F
3B40
3B40
3B40
3B41
3B41
3B41
3B42
3B42
3B42
3B43
3B43
3B43
3B44
3B44
3B44
3B45
3B45
3B46
3B46
3B46
3B47
3B47
3B47
3B48
3B48
3B48
3B49
3B49
3B49
3B4A
3B4A
3B4A
3B4B
3B4B
3B4B
3B4C
3B4C
3B4C
3B4D
3B4D
3B4D
3B4E
3B4E
3B4E
3B4F
3B4F
3B4F
3B50
3B50
3B50
3B51
3B51
3B51
3B52
3B52
3B52
3B53
3B53
3B53
3B54
3B54
3B54
3B55
3B55
3B55
3B56
3B56
3B56
3B56
3B57
3B57
3B57
3B58
3B58
3B58
3B59
3B59
3B59
3B5A
3B5A
3B5A
3B5B
3B5B
3B5B
3B5B
3B5C
3B5C
3B5C
3B5D
3B5D
3B5D
3B5E
3B5E
3B5E
3B5F
3B5F
3B5F
3B5F
3B60
3B60
3B60
3B61
3B61
3B61
3B62
3B62
3B62
3B62
3B63
3B63
3B63
3B64
3B64
3B64
3B65
3B65
3B65
3B65
3B66
3B66
3B66
3B67
3B67
3B67
3B67
3B68
3B68
3B68
3B69
3B69
3B69
3B69
3B6A
3B6A
3B6A
3B6B
3B6B
3B6B
3B6B
3B6C
3B6C
3B6C
3B6C
3B6D
3B6D
3B6D
3B6E
3B6E
3B6E
3B6E
3B6F
3B6F
3B6F
3B70
3B70
3B70
3B70
3B71
3B71
3B71
3B71
3B72
3B72
3B72
3B72
3B73
3B73
3B73
3B74
3B74
3B74
3B74
3B75
3B75
3B75
3B75
3B76
3B76
3B76
3B76
3B77
3B77
3B77
3B77
3B78
3B78
3B78
3B78
3B79
3B79
3B79
3B79
3B7A
3B7A
3B7A
3B7B
3B7B
3B7B
3B7B
3B7C
3B7C
3B7C
3B7C
3B7D
3B7D
3B7D
3B7D
3B7E
3B7E
3B7E
3B7E
3B7E
3B7F
3B7F
3B7F
3B7F
3B80
3B80
3B80
3B80
3B81
3B81
3B81
3B81
3B82
3B82
3B82
3B82
3B83
3B83
3B83
3B83
3B84
3B84
3B84
3B84
3B84
3B85
3B85
3B85
3B85
3B86
3B86
3B86
3B86
3B87
3B87
3B87
3B87
3B87
3B88
3B88
3B88
3B88
3B89
3B89
3B89
3B89
3B8A
3B8A
3B8A
3B8A
3B8A
3B8B
3B8B
3B8B
3B8B
3B8C
3B8C
3B8C
3B8C
3B8C
3B8D
3B8D
3B8D
3B8D
3B8D
3B8E
3B8E
3B8E
3B8E
3B8F
3B8F
3B8F
3B8F
3B8F
3B90
3B90
3B90
3B90
3B91
3B91
3B91
3B91
3B91
3B92
3B92
3B92
3B92
3B92
3B93
3B93
3B93
3B93
3B93
3B94
3B94
3B94
3B94
3B94
3B95
3B95
3B95
3B95
3B95
3B96
3B96
3B96
3B96
3B96
3B97
3B97
3B97
3B97
3B97
3B98
3B98
3B98
3B98
3B98
3B99
3B99
3B99
3B99
3B99
3B9A
3B9A
3B9A
3B9A
3B9A
3B9B
3B9B
3B9B
3B9B
3B9B
3B9C
3B9C
3B9C
3B9C
3B9C
3B9D
3B9D
3B9D
3B9D
3B9D
3B9D
3B9E
3B9E
3B9E
3B9E
3B9E
3B9F
3B9F
3B9F
3B9F
3B9F
3BA0
3BA0
3BA0
3BA0
3BA0
3BA0
3BA1
3BA1
3BA1
3BA1
3BA1
3BA2
3BA2
3BA2
3BA2
3BA2
3BA2
3BA3
3BA3
3BA3
3BA3
3BA3
3BA3
3BA4
3BA4
3BA4
3BA4
3BA4
3BA5
3BA5
3BA5
3BA5
3BA5
3BA5
3BA6
3BA6
3BA6
3BA6
3BA6
3BA6
3BA7
3BA7
3BA7
3BA7
3BA7
3BA7
3BA8
3BA8
3BA8
3BA8
3BA8
3BA8
3BA9
3BA9
3BA9
3BA9
3BA9
3BA9
3BAA
3BAA
3BAA
3BAA
3BAA
3BAA
3BAB
3BAB
3BAB
3BAB
3BAB
3BAB
3BAC
3BAC
3BAC
3BAC
3BAC
3BAC
3BAD
3BAD
3BAD
3BAD
3BAD
3BAD
3BAE
3BAE
3BAE
3BAE
3BAE
3BAE
3BAE
3BAF
3BAF
3BAF
3BAF
3BAF
3BAF
3BB0
3BB0
3BB0
3BB0
3BB0
3BB0
3BB0
3BB1
3BB1
3BB1
3BB1
3BB1
3BB1
3BB2
3BB2
3BB2
3BB2
3BB2
3BB2
3BB2
3BB3
3BB3
3BB3
3BB3
3BB3
3BB3
3BB3
3BB4
3BB4
3BB4
3BB4
3BB4
3BB4
3BB4
3BB5
3BB5
3BB5
3BB5
3BB5
3BB5
3BB5
3BB6
3BB6
3BB6
3BB6
3BB6
3BB6
3BB7
3BB7
3BB7
3BB7
3BB8
3BB8
3BB8
3BB9
3BB9
3BB9
3BB9
3BBA
3BBA
3BBA
3BBA
3BBB
3BBB
3BBB
3BBC
3BBC
3BBC
3BBC
3BBD
3BBD
3BBD
3BBD
3BBE
3BBE
3BBE
3BBE
3BBF
3BBF
3BBF
3BBF
3BC0
3BC0
3BC0
3BC0
3BC1
3BC1
3BC1
3BC1
3BC2
3BC2
3BC2
3BC2
3BC2
3BC3
3BC3
3BC3
3BC3
3BC4
3BC4
3BC4
3BC4
3BC5
3BC5
3BC5
3BC5
3BC6
3BC6
3BC6
3BC6
3BC6
3BC7
3BC7
3BC7
3BC7
3BC7
3BC8
3BC8
3BC8
3BC8
3BC9
3BC9
3BC9
3BC9
3BC9
3BCA
3BCA
3BCA
3BCA
3BCA
3BCB
3BCB
3BCB
3BCB
3BCB
3BCC
3BCC
3BCC
3BCC
3BCC
3BCD
3BCD
3BCD
3BCD
3BCD
3BCE
3BCE
3BCE
3BCE
3BCE
3BCF
3BCF
3BCF
3BCF
3BCF
3BD0
3BD0
3BD0
3BD0
3BD0
3BD0
3BD1
3BD1
3BD1
3BD1
3BD1
3BD2
3BD2
3BD2
3BD2
3BD2
3BD2
3BD3
3BD3
3BD3
3BD3
3BD3
3BD4
3BD4
3BD4
3BD4
3BD4
3BD4
3BD5
3BD5
3BD5
3BD5
3BD5
3BD5
3BD6
3BD6
3BD6
3BD6
3BD6
3BD6
3BD7
3BD7
3BD7
3BD7
3BD7
3BD7
3BD7
3BD8
3BD8
3BD8
3BD8
3BD8
3BD8
3BD9
3BD9
3BD9
3BD9
3BD9
3BD9
3BD9
3BDA
3BDA
3BDA
3BDA
3BDA
3BDA
3BDA
3BDB
3BDB
3BDB
3BDB
3BDB
3BDB
3BDB
3BDC
3BDC
3BDC
3BDC
3BDC
3BDC
3BDC
3BDD
3BDD
3BDD
3BDD
3BDD
3BDD
3BDD
3BDE
3BDE
3BDE
3BDE
3BDE
3BDE
3BDE
3BDE
3BDF
3BDF
3BDF
3BDF
3BDF
3BDF
3BDF
3BDF
3BE0
3BE0
3BE0
3BE0
3BE0
3BE0
3BE0
3BE0
3BE1
3BE1
3BE1
3BE1
3BE1
3BE1
3BE1
3BE1
3BE2
3BE2
3BE2
3BE2
3BE2
3BE2
3BE2
3BE2
3BE2
3BE3
3BE3
3BE3
3BE3
3BE3
3BE3
3BE3
3BE3
3BE4
3BE4
3BE4
3BE4
3BE4
3BE4
3BE4
3BE4
3BE4
3BE4
3BE5
3BE5
3BE5
3BE5
3BE5
3BE5
3BE5
3BE5
3BE5
3BE6
3BE6
3BE6
3BE6
3BE6
3BE6
3BE6
3BE6
3BE6
3BE6
3BE7
3BE7
3BE7
3BE7
3BE7
3BE7
3BE7
3BE7
3BE7
3BE7
3BE8
3BE8
3BE8
3BE8
3BE8
3BE8
3BE8
3BE8
3BE8
3BE8
3BE8
3BE9
3BE9
3BE9
3BE9
3BE9
3BE9
3BE9
3BE9
3BE9
3BE9
3BE9
3BEA
3BEA
3BEA
3BEA
3BEA
3BEA
3BEA
3BEA
3BEA
3BEA
3BEA
3BEA
3BEB
3BEB
3BEB
3BEB
3BEB
3BEB
3BEB
3BEB
3BEB
3BEB
3BEB
3BEB
3BEC
3BEC
3BEC
3BEC
3BEC
3BEC
3BEC
3BEC
3BEC
3BEC
3BEC
3BEC
3BEC
3BED
3BED
3BED
3BED
3BED
3BED
3BED
3BED
3BED
3BED
3BED
3BED
3BED
3BED
3BEE
3BEE
3BEE
3BEE
3BEE
3BEE
3BEE
3BEE
3BEE
3BEE
3BEE
3BEE
3BEE
3BEE
3BEF
3BEF
3BEF
3BEF
3BEF
3BEF
3BEF
3BEF
3BEF
3BEF
3BEF
3BEF
3BEF
3BEF
3BEF
3BF0
3BF0
3BF0
3BF0
3BF0
3BF0
3BF0
3BF0
3BF0
3BF0
3BF0
3BF0
3BF0
3BF0
3BF0
3BF0
3BF1
3BF1
3BF1
3BF1
3BF1
3BF1
3BF1
3BF1
3BF1
3BF1
3BF1
3BF1
3BF1
3BF1
3BF1
3BF1
3BF1
3BF2
3BF2
3BF2
3BF2
3BF2
3BF2
3BF2
3BF2
3BF2
3BF2
3BF2
3BF2
3BF2
3BF2
3BF2
3BF2
3BF2
3BF2
3BF2
3BF3
3BF3
3BF3
3BF3
3BF3
3BF3
3BF3
3BF3
3BF3
3BF3
3BF3
3BF3
3BF3
3BF3
3BF3
3BF3
3BF3
3BF3
3BF3
3BF4
3BF4
3BF4
3BF4
3BF4
3BF4
3BF4
3BF4
3BF4
3BF4
3BF4
3BF4
3BF4
3BF4
3BF4
3BF4
3BF4
3BF4
3BF4
3BF4
3BF4
3BF4
3BF5
3BF5
3BF5
3BF5
3BF5
3BF5
3BF5
3BF5
3BF5
3BF5
3BF5
3BF5
3BF5
3BF5
3BF5
3BF5
3BF5
3BF5
3BF5
3BF5
3BF5
3BF5
3BF5
3BF6
3BF6
3BF6
3BF6
3BF6
3BF6
3BF6
3BF6
3BF6
3BF6
3BF6
3BF6
3BF6
3BF6
3BF6
3BF6
3BF6
3BF6
3BF6
3BF6
3BF6
3BF6
3BF6
3BF6
3BF6
3BF6
3BF7
3BF7
3BF7
3BF7
3BF7
3BF7
3BF7
3BF7
3BF7
3BF7
3BF7
3BF7
3BF7
3BF7
3BF7
3BF7
3BF7
3BF7
3BF7
3BF7
3BF7
3BF7
3BF7
3BF7
3BF7
3BF7
3BF7
3BF7
3BF8
3BF8
3BF8
3BF8
3BF8
3BF8
3BF8
3BF8
3BF8
3BF8
3BF8
3BF8
3BF8
3BF8
3BF8
3BF8
3BF8
3BF8
3BF8
3BF8
3BF8
3BF8
3BF8
3BF8
3BF8
3BF8
3BF8
3BF8
3BF8
3BF8
3BF8
3BF8
3BF8
3BF9
3BF9
3BF9
3BF9
3BF9
3BF9
3BF9
3BF9
3BF9
3BF9
3BF9
3BF9
3BF9
3BF9
3BF9
3BF9
3BF9
3BF9
3BF9
3BF9
3BF9
3BF9
3BF9
3BF9
3BF9
3BF9
3BF9
3BF9
3BF9
3BF9
3BF9
3BF9
3BF9
3BF9
3BF9
3BF9
3BFA
3BFA
3BFA
3BFA
3BFA
3BFA
3BFA
3BFA
3BFA
3BFA
3BFA
3BFA
3BFA
3BFA
3BFA
3BFA
3BFA
3BFA
3BFA
3BFA
3BFA
3BFA
3BFA
3BFA
3BFA
3BFA
3BFA
3BFA
3BFA
3BFA
3BFA
3BFA
3BFA
3BFA
3BFA
3BFA
3BFA
3BFA
3BFA
3BFA
3BFA
3BFA
3BFA
3BFB
3BFB
3BFB
3BFB
3BFB
3BFB
3BFB
3BFB
3BFB
3BFB
3BFB
3BFB
3BFB
3BFB
3BFB
3BFB
3BFB
3BFB
3BFB
3BFB
3BFB
3BFB
3BFB
3BFB
3BFB
3BFB
3BFB
3BFB
3BFB
3BFB
3BFB
3BFB
3BFB
3BFB
3BFB
3BFB
3BFB
3BFB
3BFB
3BFB
3BFB
3BFB
3BFB
3BFB
3BFB
3BFB
3BFB
3BFB
3BFB
3BFB
3BFB
3BFB
3BFC
3BFC
3BFC
3BFC
3BFC
3BFC
3BFC
3BFC
3BFC
3BFC
3BFC
3BFC
3BFC
3BFC
3BFC
3BFC
3BFC
3BFC
3BFC
3BFC
3BFC
3BFC
3BFC
3BFC
3BFC
3BFC
3BFC
3BFC
3BFC
3BFC
3BFC
3BFC
3BFC
3BFC
3BFC
3BFC
3BFC
3BFC
3BFC
3BFC
3BFC
3BFC
3BFC
3BFC
3BFC
3BFC
3BFC
3BFC
3BFC
3BFC
3BFC
3BFC
3BFC
3BFC
3BFC
3BFC
3BFC
3BFC
3BFC
3BFC
3BFC
3BFC
3BFC
3BFC
3BFD
3BFD
3BFD
3BFD
3BFD
3BFD
3BFD
3BFD
3BFD
3BFD
3BFD
3BFD
3BFD
3BFD
3BFD
3BFD
3BFD
3BFD
3BFD
3BFD
3BFD
3BFD
3BFD
3BFD
3BFD
3BFD
3BFD
3BFD
3BFD
3BFD
3BFD
3BFD
3BFD
3BFD
3BFD
3BFD
3BFD
3BFD
3BFD
3BFD
3BFD
3BFD
3BFD
3BFD
3BFD
3BFD
3BFD
3BFD
3BFD
3BFD
3BFD
3BFD
3BFD
3BFD
3BFD
3BFD
3BFD
3BFD
3BFD
3BFD
3BFD
3BFD
3BFD
3BFD
3BFD
3BFD
3BFD
3BFD
3BFD
3BFD
3BFD
3BFD
3BFD
3BFD
3BFD
3BFD
3BFD
3BFD
3BFD
3BFD
3BFD
3BFD
3BFD
3BFD
3BFD
3BFD
3BFE
3BFE
3BFE
3BFE
3BFE
3BFE
3BFE
3BFE
3BFE
3BFE
3BFE
3BFE
3BFE
3BFE
3BFE
3BFE
3BFE
3BFE
3BFE
3BFE
3BFE
3BFE
3BFE
3BFE
3BFE
3BFE
3BFE
3BFE
3BFE
3BFE
3BFE
3BFE
3BFE
3BFE
3BFE
3BFE
3BFE
3BFE
3BFE
3BFE
3BFE
3BFE
3BFE
3BFE
3BFE
3BFE
3BFE
3BFE
3BFE
3BFE
3BFE
3BFE
3BFE
3BFE
3BFE
3BFE
3BFE
3BFE
3BFE
3BFE
3BFE
3BFE
3BFE
3BFE
3BFE
3BFE
3BFE
3BFE
3BFE
3BFE
3BFE
3BFE
3BFE
3BFE
3BFE
3BFE
3BFE
3BFE
3BFE
3BFE
3BFE
3BFE
3BFE
3BFE
3BFE
3BFE
3BFE
3BFE
3BFE
3BFE
3BFE
3BFE
3BFE
3BFE
3BFE
3BFE
3BFE
3BFE
3BFE
3BFE
3BFE
3BFE
3BFE
3BFE
3BFE
3BFE
3BFE
3BFE
3BFE
3BFE
3BFE
3BFE
3BFE
3BFE
3BFE
3BFE
3BFE
3BFE
3BFE
3BFE
3BFE
3BFE
3BFE
3BFE
3BFE
3BFE
3BFE
3BFE
3BFE
3BFE
3BFE
3BFF
3BFF
3BFF
3BFF
3BFF
3BFF
3BFF
3BFF
3BFF
3BFF
3BFF
3BFF
3BFF
3BFF
3BFF
3BFF
3BFF
3BFF
3BFF
3BFF
3BFF
3BFF
3BFF
3BFF
3BFF
3BFF
3BFF
3BFF
3BFF
3BFF
3BFF
3BFF
3BFF
3BFF
3BFF
3BFF
3BFF
3BFF
3BFF
3BFF
3BFF
3BFF
3BFF
3BFF
3BFF
3BFF
3BFF
3BFF
3BFF
3BFF
3BFF
3BFF
3BFF
3BFF
3BFF
3BFF
3BFF
3BFF
3BFF
3BFF
3BFF
3BFF
3BFF
3BFF
3BFF
3BFF
3BFF
3BFF
3BFF
3BFF
3BFF
3BFF
3BFF
3BFF
3BFF
3BFF
3BFF
3BFF
3BFF
3BFF
3BFF
3BFF
3BFF
3BFF
3BFF
3BFF
3BFF
3BFF
3BFF
3BFF
3BFF
3BFF
3BFF
3BFF
3BFF
3BFF
3BFF
3BFF
3BFF
3BFF
3BFF
3BFF
3BFF
3BFF
3BFF
3BFF
3BFF
3BFF
3BFF
3BFF
3BFF
3BFF
3BFF
3BFF
3BFF
3BFF
3BFF
3BFF
3BFF
3BFF
3BFF
3BFF
3BFF
3BFF
3BFF
3BFF
3BFF
3BFF
3BFF
3BFF
3BFF
3BFF
3BFF
3BFF
3BFF
3BFF
3BFF
3BFF
3BFF
3BFF
3BFF
3BFF
3BFF
3BFF
3BFF
3BFF
3BFF
3BFF
3BFF
3BFF
3BFF
3BFF
3C00
3C00
3C00
3C00
3C00
3C00
3C00
3C00
3C00
3C00
3C00
3C00
3C00
3C00
3C00
3C00
3C00
3C00
3C00
3C00
3C00
3C00
3C00
3C00
3C00
3C00
3C00
3C00
3C00
3C00
3C00
3C00
3C00
3C00
3C00
3C00
3C00
3C00
3C00
3C00
3C00
3C00
3C00
3C00
3C00
3C00
3C00
3C00
3C00
3C00
3C00
3C00
3C00
3C00
3C00
3C00
3C00
3C00
3C00
3C00
3C00
3C00
3C00
3C00
3C00
3C00
3C00
3C00
3C00
3C00
3C00
3C00
3C00
3C00
3C00
3C00
3C00
3C00
3C00
3C00
3C00
3C00
3C00
3C00
3C00
3C00
3C00
3C00
3C00
3C00
3C00
3C00
3C00
3C00
3C00
3C00
3C00
3C00
3C00
3C00
3C00
3C00
3C00
3C00
3C00
3C00
3C00
3C00
3C00
3C00
3C00
3C00
3C00
3C00
3C00
3C00
3C00
3C00
3C00
3C00
3C00
3C00
3C00
3C00
3C00
3C00
3C00
3C00
3C00
3C00
3C00
3C00
3C00
3C00
3C00
3C00
3C00
3C00
3C00
3C00
3C00
3C00
3C00
3C00
3C00
3C00
3C00
3C00
3C00
3C00
3C00
3C00
3C00
3C00
3C00
3C00
3C00
3C00
3C00
3C00
3C00
3C00
3C00
3C00
3C00
3C00
3C00
3C00
3C00
3C00
3C00
3C00
3C00
3C00
3C00
3C00
3C00
3C00
3C00
3C00
3C00
3C00
3C00
3C00
3C00
3C00
3C00
3C00
3C00
3C00
3C00
3C00
3C00
3C00
3C00
3C00
3C00
3C00
3C00
3C00
3C00
3C00
3C00
3C00
3C00
3C00
3C00
3C00
3C00
3C00
3C00
3C00
3C00
3C00
3C00
3C00
3C00
3C00
3C00
3C00
3C00
3C00
3C00
3C00
3C00
3C00
3C00
3C00
3C00
3C00
3C00
3C00
3C00
3C00
3C00
3C00
3C00
3C00
3C00
3C00
3C00
3C00
3C00
3C00
3C00
3C00
3C00
3C00
3C00
3C00
3C00
3C00
3C00
3C00
3C00
3C00
3C00
3C00
3C00
3C00
3C00
3C00
3C00
3C00
3C00
3C00
3C00
3C00
3C00
3C00
3C00
3C00
3C00
3C00
3C00
3C00
3C00
3C00
3C00
3C00
3C00
3C00
3C00
3C00
3C00
3C00
3C00
3C00
3C00
3C00
3C00
3C00
3C00
3C00
3C00
3C00
3C00
3C00
3C00
3C00
3C00
3C00
3C00
3C00
3C00
3C00
3C00
3C00
3C00
3C00
3C00
3C00
3C00
3C00
3C00
3C00
3C00
3C00
3C00
3C00
3C00
3C00
3C00
3C00
3C00
3C00
3C00
3C00
3C00
3C00
3C00
3C00
3C00
3C00
3C00
3C00
3C00
3C00
3C00
3C00
3C00
3C00
3C00
3C00
3C00
3C00
3C00
3C00
3C00
3C00
3C00
3C00
3C00
3C00
3C00
3C00
3C00
3C00
3C00
3C00
3C00
3C00
3C00
3C00
3C00
3C00
3C00
3C00
3C00
3C00
3C00
3C00
3C00
3C00
3C00
3C00
3C00
3C00
3C00
3C00
3C00
3C00
3C00
3C00
3C00
3C00
3C00
3C00
3C00
3C00
3C00
3C00
3C00
3C00
3C00
3C00
3C00
3C00
3C00
3C00
3C00
3C00
3C00
3C00
3C00
3C00
3C00
3C00
3C00
3C00
3C00
3C00
3C00
3C00
3C00
3C00
3C00
3C00
3C00
3C00
3C00
3C00
3C00
3C00
3C00
3C00
3C00
3C00
3C00
3C00
3C00
3C00
3C00
3C00
3C00
3C00
3C00
3C00
3C00
3C00
3C00
3C00
3C00
3C00
3C00
3C00
3C00
3C00
3C00
3C00
3C00
3C00
3C00
3C00
3C00
3C00
3C00
3C00
3C00
3C00
3C00
3C00
3C00
3C00
3C00
3C00
3C00
3C00
3C00
3C00
3C00
3C00
3C00
3C00
3C00
3C00
3C00
3C00
3C00
3C00
3C00
3C00
3C00
3C00
3C00
3C00
3C00
3C00
3C00
3C00
3C00
3C00
3C00
3C00
3C00
3C00
3C00
3C00
3C00
3C00
3C00
3C00
3C00
3C00
3C00
3C00
3C00
3C00
3C00
3C00
3C00
3C00
3C00
3C00
3C00
3C00
3C00
3C00
3C00
3C00
3C00
3C00
3C00
3C00
3C00
3C00
3C00
3C00
3C00
3C00
3C00
3C00
3C00
3C00
3C00
3C00
3C00
3C00
3C00
3C00
3C00
3C00
3C00
3C00
3C00
3C00
3C00
3C00
3C00
3C00
3C00
3C00
3C00
3C00
3C00
3C00
3C00
3C00
3C00
3C00
3C00
3C00
3C00
3C00
3C00
3C00
3C00
3C00
3C00
3C00
3C00
3C00
3C00
3C00
3C00
3C00
3C00
3C00
3C00
3C00
3C00
3C00
3C00
3C00
3C00
3C00
3C00
3C00
3C00
3C00
3C00
3C00
3C00
3C00
3C00
3C00
3C00
3C00
3C00
3C00
3C00
3C00
3C00
3C00
3C00
3C00
3C00
3C00
3C00
3C00
3C00
3C00
3C00
3C00
3C00
3C00
3C00
3C00
3C00
3C00
3C00
3C00
3C00
3C00
3C00
3C00
3C00
3C00
3C00
3C00
3C00
3C00
3C00
3C00
3C00
3C00
3C00
3C00
3C00
3C00
3C00
3C00
3C00
3C00
3C00
3C00
3C00
3C00
3C00
3C00
3C00
3C00
3C00
3C00
3C00
3C00
3C00
3C00
3C00
3C00
3C00
3C00
3C00
3C00
3C00
3C00
3C00
3C00
3C00
3C00
3C00
3C00
3C00
3C00
3C00
3C00
3C00
3C00
3C00
3C00
3C00
3C00
3C00
3C00
3C00
3C00
3C00
3C00
3C00
3C00
3C00
3C00
3C00
3C00
3C00
3C00
3C00
3C00
3C00
3C00
3C00
3C00
3C00
3C00
3C00
3C00
3C00
3C00
3C00
3C00
3C00
3C00
3C00
3C00
3C00
3C00
3C00
3C00
3C00
3C00
3C00
3C00
3C00
3C00
3C00
3C00
3C00
3C00
3C00
3C00
3C00
3C00
3C00
3C00
3C00
3C00
3C00
3C00
3C00
3C00
3C00
3C00
3C00
3C00
3C00
3C00
3C00
3C00
3C00
3C00
3C00
3C00
3C00
3C00
3C00
3C00
3C00
3C00
3C00
3C00
3C00
3C00
3C00
3C00
3C00
3C00
3C00
3C00
3C00
3C00
3C00
3C00
3C00
3C00
3C00
3C00
3C00
3C00
3C00
3C00
3C00
3C00
3C00
3C00
3C00
3C00
3C00
3C00
3C00
3C00
3C00
3C00
3C00
3C00
3C00
3C00
3C00
3C00
3C00
3C00
3C00
3C00
3C00
3C00
3C00
3C00
3C00
3C00
3C00
3C00
3C00
3C00
3C00
3C00
3C00
3C00
3C00
3C00
3C00
3C00
3C00
3C00
3C00
3C00
3C00
3C00
3C00
3C00
3C00
3C00
3C00
3C00
3C00
3C00
3C00
3C00
3C00
3C00
3C00
3C00
3C00
3C00
3C00
3C00
3C00
3C00
3C00
3C00
3C00
3C00
3C00
3C00
3C00
3C00
3C00
3C00
3C00
3C00
3C00
3C00
3C00
3C00
3C00
3C00
3C00
3C00
3C00
3C00
3C00
3C00
3C00
3C00
3C00
3C00
3C00
3C00
3C00
3C00
3C00
3C00
3C00
3C00
3C00
3C00
3C00
3C00
3C00
3C00
3C00
3C00
3C00
3C00
3C00
3C00
3C00
3C00
3C00
3C00
3C00
3C00
3C00
3C00
3C00
3C00
3C00
3C00
3C00
3C00
3C00
3C00
3C00
3C00
3C00
3C00
3C00
3C00
3C00
3C00
3C00
3C00
3C00
3C00
3C00
3C00
3C00
3C00
3C00
3C00
3C00
3C00
3C00
3C00
3C00
3C00
3C00
3C00
3C00
3C00
3C00
3C00
3C00
3C00
3C00
3C00
3C00
3C00
3C00
3C00
3C00
3C00
3C00
3C00
3C00
3C00
3C00
3C00
3C00
3C00
3C00
3C00
3C00
3C00
3C00
3C00
3C00
3C00
3C00
3C00
3C00
3C00
3C00
3C00
3C00
3C00
3C00
3C00
3C00
3C00
3C00
3C00
3C00
3C00
3C00
3C00
3C00
3C00
3C00
3C00
3C00
3C00
3C00
3C00
3C00
3C00
3C00
3C00
3C00
3C00
3C00
3C00
3C00
3C00
3C00
3C00
3C00
3C00
3C00
3C00
3C00
3C00
3C00
3C00
3C00
3C00
3C00
3C00
3C00
3C00
3C00
3C00
3C00
3C00
3C00
3C00
3C00
3C00
3C00
3C00
3C00
3C00
3C00
3C00
3C00
3C00
3C00
3C00
3C00
3C00
3C00
3C00
3C00
3C00
3C00
3C00
3C00
3C00
3C00
3C00
3C00
3C00
3C00
3C00
3C00
3C00
3C00
3C00
3C00
3C00
3C00
3C00
3C00
3C00
3C00
3C00
3C00
3C00
3C00
3C00
3C00
3C00
3C00
3C00
3C00
3C00
3C00
3C00
3C00
3C00
3C00
3C00
3C00
3C00
3C00
3C00
3C00
3C00
3C00
3C00
3C00
3C00
3C00
3C00
3C00
3C00
3C00
3C00
3C00
3C00
3C00
3C00
3C00
3C00
3C00
3C00
3C00
3C00
3C00
3C00
3C00
3C00
3C00
3C00
3C00
3C00
3C00
3C00
3C00
3C00
3C00
3C00
3C00
3C00
3C00
3C00
3C00
3C00
3C00
3C00
3C00
3C00
3C00
3C00
3C00
3C00
3C00
3C00
3C00
3C00
3C00
3C00
3C00
3C00
3C00
3C00
3C00
3C00
3C00
3C00
3C00
3C00
3C00
3C00
3C00
3C00
3C00
3C00
3C00
3C00
3C00
3C00
3C00
3C00
3C00
3C00
3C00
3C00
3C00
3C00
3C00
3C00
3C00
3C00
3C00
3C00
3C00
3C00
3C00
3C00
3C00
3C00
3C00
3C00
3C00
3C00
3C00
3C00
3C00
3C00
3C00
3C00
3C00
3C00
3C00
3C00
3C00
3C00
3C00
3C00
3C00
3C00
3C00
3C00
3C00
3C00
3C00
3C00
3C00
3C00
3C00
3C00
3C00
3C00
3C00
3C00
3C00
3C00
3C00
3C00
3C00
3C00
3C00
3C00
3C00
3C00
3C00
3C00
3C00
3C00
3C00
3C00
3C00
3C00
3C00
3C00
3C00
3C00
3C00
3C00
3C00
3C00
3C00
3C00
3C00
3C00
3C00
3C00
3C00
3C00
3C00
3C00
3C00
3C00
3C00
3C00
3C00
3C00
3C00
3C00
3C00
3C00
3C00
3C00
3C00
3C00
3C00
3C00
3C00
3C00
3C00
3C00
3C00
3C00
3C00
3C00
3C00
3C00
3C00
3C00
3C00
3C00
3C00
3C00
3C00
3C00
3C00
3C00
3C00
3C00
3C00
3C00
3C00
3C00
3C00
3C00
3C00
3C00
3C00
3C00
3C00
3C00
3C00
3C00
3C00
3C00
3C00
3C00
3C00
3C00
3C00
3C00
3C00
3C00
3C00
3C00
3C00
3C00
3C00
3C00
3C00
3C00
3C00
3C00
3C00
3C00
3C00
3C00
3C00
3C00
3C00
3C00
3C00
3C00
3C00
3C00
3C00
3C00
3C00
3C00
3C00
3C00
3C00
3C00
3C00
3C00
3C00
3C00
3C00
3C00
3C00
3C00
3C00
3C00
3C00
3C00
3C00
3C00
3C00
3C00
3C00
3C00
3C00
3C00
3C00
3C00
3C00
3C00
3C00
3C00
3C00
3C00
3C00
3C00
3C00
3C00
3C00
3C00
3C00
3C00
3C00
3C00
3C00
3C00
3C00
3C00
3C00
3C00
3C00
3C00
3C00
3C00
3C00
3C00
3C00
3C00
3C00
3C00
3C00
3C00
3C00
3C00
3C00
3C00
3C00
3C00
3C00
3C00
3C00
3C00
3C00
3C00
3C00
3C00
3C00
3C00
3C00
3C00
3C00
3C00
3C00
3C00
3C00
3C00
3C00
3C00
3C00
3C00
3C00
3C00
3C00
3C00
3C00
3C00
3C00
3C00
3C00
3C00
3C00
3C00
3C00
3C00
3C00
3C00
3C00
3C00
3C00
3C00
3C00
3C00
3C00
3C00
3C00
3C00
3C00
3C00
3C00
3C00
3C00
3C00
3C00
3C00
3C00
3C00
3C00
3C00
3C00
3C00
3C00
3C00
3C00
3C00
3C00
3C00
3C00
3C00
3C00
3C00
3C00
3C00
3C00
3C00
3C00
3C00
3C00
3C00
3C00
3C00
3C00
3C00
3C00
3C00
3C00
3C00
3C00
3C00
3C00
3C00
3C00
3C00
3C00
3C00
3C00
3C00
3C00
3C00
3C00
3C00
3C00
3C00
3C00
3C00
3C00
3C00
3C00
3C00
3C00
3C00
3C00
3C00
3C00
3C00
3C00
3C00
3C00
3C00
3C00
3C00
3C00
3C00
3C00
3C00
3C00
3C00
3C00
3C00
3C00
3C00
3C00
3C00
3C00
3C00
3C00
3C00
3C00
3C00
3C00
3C00
3C00
3C00
3C00
3C00
3C00
3C00
3C00
3C00
3C00
3C00
3C00
3C00
3C00
3C00
3C00
3C00
3C00
3C00
3C00
3C00
3C00
3C00
3C00
3C00
3C00
3C00
3C00
3C00
3C00
3C00
3C00
3C00
3C00
3C00
3C00
3C00
3C00
3C00
3C00
3C00
3C00
3C00
3C00
3C00
3C00
3C00
3C00
3C00
3C00
3C00
3C00
3C00
3C00
3C00
3C00
3C00
3C00
3C00
3C00
3C00
3C00
3C00
3C00
3C00
3C00
3C00
3C00
3C00
3C00
3C00
3C00
3C00
3C00
3C00
3C00
3C00
3C00
3C00
3C00
3C00
3C00
3C00
3C00
3C00
3C00
3C00
3C00
3C00
3C00
3C00
3C00
3C00
3C00
3C00
3C00
3C00
3C00
3C00
3C00
3C00
3C00
3C00
3C00
3C00
3C00
3C00
3C00
3C00
3C00
3C00
3C00
3C00
3C00
3C00
3C00
3C00
3C00
3C00
3C00
3C00
3C00
3C00
3C00
3C00
3C00
3C00
3C00
3C00
3C00
3C00
3C00
3C00
3C00
3C00
3C00
3C00
3C00
3C00
3C00
3C00
3C00
3C00
3C00
3C00
3C00
3C00
3C00
3C00
3C00
3C00
3C00
3C00
3C00
3C00
3C00
3C00
3C00
3C00
3C00
3C00
3C00
3C00
3C00
3C00
3C00
3C00
3C00
3C00
3C00
3C00
3C00
3C00
3C00
3C00
3C00
3C00
3C00
3C00
3C00
3C00
3C00
3C00
3C00
3C00
3C00
3C00
3C00
3C00
3C00
3C00
3C00
3C00
3C00
3C00
3C00
3C00
3C00
3C00
3C00
3C00
3C00
3C00
3C00
3C00
3C00
3C00
3C00
3C00
3C00
3C00
3C00
3C00
3C00
3C00
3C00
3C00
3C00
3C00
3C00
3C00
3C00
3C00
3C00
3C00
3C00
3C00
3C00
3C00
3C00
3C00
3C00
3C00
3C00
3C00
3C00
3C00
3C00
3C00
3C00
3C00
3C00
3C00
3C00
3C00
3C00
3C00
3C00
3C00
3C00
3C00
3C00
3C00
3C00
3C00
3C00
3C00
3C00
3C00
3C00
3C00
3C00
3C00
3C00
3C00
3C00
3C00
3C00
3C00
3C00
3C00
3C00
3C00
3C00
3C00
3C00
3C00
3C00
3C00
3C00
3C00
3C00
3C00
3C00
3C00
3C00
3C00
3C00
3C00
3C00
3C00
3C00
3C00
3C00
3C00
3C00
3C00
3C00
3C00
3C00
3C00
3C00
3C00
3C00
3C00
3C00
3C00
3C00
3C00
3C00
3C00
3C00
3C00
3C00
3C00
3C00
3C00
3C00
3C00
3C00
3C00
3C00
3C00
3C00
3C00
3C00
3C00
3C00
3C00
3C00
3C00
3C00
3C00
3C00
3C00
3C00
3C00
3C00
3C00
3C00
3C00
3C00
3C00
3C00
3C00
3C00
3C00
3C00
3C00
3C00
3C00
3C00
3C00
3C00
3C00
3C00
3C00
3C00
3C00
3C00
3C00
3C00
3C00
3C00
3C00
3C00
3C00
3C00
3C00
3C00
3C00
3C00
3C00
3C00
3C00
3C00
3C00
3C00
3C00
3C00
3C00
3C00
3C00
3C00
3C00
3C00
3C00
3C00
3C00
3C00
3C00
3C00
3C00
3C00
3C00
3C00
3C00
3C00
3C00
3C00
3C00
3C00
3C00
3C00
3C00
3C00
3C00
3C00
3C00
3C00
3C00
3C00
3C00
3C00
3C00
3C00
3C00
3C00
3C00
3C00
3C00
3C00
3C00
3C00
3C00
3C00
3C00
3C00
3C00
3C00
3C00
3C00
3C00
3C00
3C00
3C00
3C00
3C00
3C00
3C00
3C00
3C00
3C00
3C00
3C00
3C00
3C00
3C00
3C00
3C00
3C00
3C00
3C00
3C00
3C00
3C00
3C00
3C00
3C00
3C00
3C00
3C00
3C00
3C00
3C00
3C00
3C00
3C00
3C00
3C00
3C00
3C00
3C00
3C00
3C00
3C00
3C00
3C00
3C00
3C00
3C00
3C00
3C00
3C00
3C00
3C00
3C00
3C00
3C00
3C00
3C00
3C00
3C00
3C00
3C00
3C00
3C00
3C00
3C00
3C00
3C00
3C00
3C00
3C00
3C00
3C00
3C00
3C00
3C00
3C00
3C00
3C00
3C00
3C00
3C00
3C00
3C00
3C00
3C00
3C00
3C00
3C00
3C00
3C00
3C00
3C00
3C00
3C00
3C00
3C00
3C00
3C00
3C00
3C00
3C00
3C00
3C00
3C00
3C00
3C00
3C00
3C00
3C00
3C00
3C00
3C00
3C00
3C00
3C00
3C00
3C00
3C00
3C00
3C00
3C00
3C00
3C00
3C00
3C00
3C00
3C00
3C00
3C00
3C00
3C00
3C00
3C00
3C00
3C00
3C00
3C00
3C00
3C00
3C00
3C00
3C00
3C00
3C00
3C00
3C00
3C00
3C00
3C00
3C00
3C00
3C00
3C00
3C00
3C00
3C00
3C00
3C00
3C00
3C00
3C00
3C00
3C00
3C00
3C00
3C00
3C00
3C00
3C00
3C00
3C00
3C00
3C00
3C00
3C00
3C00
3C00
3C00
3C00
3C00
3C00
3C00
3C00
3C00
3C00
3C00
3C00
3C00
3C00
3C00
3C00
3C00
3C00
3C00
3C00
3C00
3C00
3C00
3C00
3C00
3C00
3C00
3C00
3C00
3C00
3C00
3C00
3C00
3C00
3C00
3C00
3C00
3C00
3C00
3C00
3C00
3C00
3C00
3C00
3C00
3C00
3C00
3C00
3C00
3C00
3C00
3C00
3C00
3C00
3C00
3C00
3C00
3C00
3C00
3C00
3C00
3C00
3C00
3C00
3C00
3C00
3C00
3C00
3C00
3C00
3C00
3C00
3C00
3C00
3C00
3C00
3C00
3C00
3C00
3C00
3C00
3C00
3C00
3C00
3C00
3C00
3C00
3C00
3C00
3C00
3C00
3C00
3C00
3C00
3C00
3C00
3C00
3C00
3C00
3C00
3C00
3C00
3C00
3C00
3C00
3C00
3C00
3C00
3C00
3C00
3C00
3C00
3C00
3C00
3C00
3C00
3C00
3C00
3C00
3C00
3C00
3C00
3C00
3C00
3C00
3C00
3C00
3C00
3C00
3C00
3C00
3C00
3C00
3C00
3C00
3C00
3C00
3C00
3C00
3C00
3C00
3C00
3C00
3C00
3C00
3C00
3C00
3C00
3C00
3C00
3C00
3C00
3C00
3C00
3C00
3C00
3C00
3C00
3C00
3C00
3C00
3C00
3C00
3C00
3C00
3C00
3C00
3C00
3C00
3C00
3C00
3C00
3C00
3C00
3C00
3C00
3C00
3C00
3C00
3C00
3C00
3C00
3C00
3C00
3C00
3C00
3C00
3C00
3C00
3C00
3C00
3C00
3C00
3C00
3C00
3C00
3C00
3C00
3C00
3C00
3C00
3C00
3C00
3C00
3C00
3C00
3C00
3C00
3C00
3C00
3C00
3C00
3C00
3C00
3C00
3C00
3C00
3C00
3C00
3C00
3C00
3C00
3C00
3C00
3C00
3C00
3C00
3C00
3C00
3C00
3C00
3C00
3C00
3C00
3C00
3C00
3C00
3C00
3C00
3C00
3C00
3C00
3C00
3C00
3C00
3C00
3C00
3C00
3C00
3C00
3C00
3C00
3C00
3C00
3C00
3C00
3C00
3C00
3C00
3C00
3C00
3C00
3C00
3C00
3C00
3C00
3C00
3C00
3C00
3C00
3C00
3C00
3C00
3C00
3C00
3C00
3C00
3C00
3C00
3C00
3C00
3C00
3C00
3C00
3C00
3C00
3C00
3C00
3C00
3C00
3C00
3C00
3C00
3C00
3C00
3C00
3C00
3C00
3C00
3C00
3C00
3C00
3C00
3C00
3C00
3C00
3C00
3C00
3C00
3C00
3C00
3C00
3C00
3C00
3C00
3C00
3C00
3C00
3C00
3C00
3C00
3C00
3C00
3C00
3C00
3C00
3C00
3C00
3C00
3C00
3C00
3C00
3C00
3C00
3C00
3C00
3C00
3C00
3C00
3C00
3C00
3C00
3C00
3C00
3C00
3C00
3C00
3C00
3C00
3C00
3C00
3C00
3C00
3C00
3C00
3C00
3C00
3C00
3C00
3C00
3C00
3C00
3C00
3C00
3C00
3C00
3C00
3C00
3C00
3C00
3C00
3C00
3C00
3C00
3C00
3C00
3C00
3C00
3C00
3C00
3C00
3C00
3C00
3C00
3C00
3C00
3C00
3C00
3C00
3C00
3C00
3C00
3C00
3C00
3C00
3C00
3C00
3C00
3C00
3C00
3C00
3C00
3C00
3C00
3C00
3C00
3C00
3C00
3C00
3C00
3C00
3C00
3C00
3C00
3C00
3C00
3C00
3C00
3C00
3C00
3C00
3C00
3C00
3C00
3C00
3C00
3C00
3C00
3C00
3C00
3C00
3C00
3C00
3C00
3C00
3C00
3C00
3C00
3C00
3C00
3C00
3C00
3C00
3C00
3C00
3C00
3C00
3C00
3C00
3C00
3C00
3C00
3C00
3C00
3C00
3C00
3C00
3C00
3C00
3C00
3C00
3C00
3C00
3C00
3C00
3C00
3C00
3C00
3C00
3C00
3C00
3C00
3C00
3C00
3C00
3C00
3C00
3C00
3C00
3C00
3C00
3C00
3C00
3C00
3C00
3C00
3C00
3C00
3C00
3C00
3C00
3C00
3C00
3C00
3C00
3C00
3C00
3C00
3C00
3C00
3C00
3C00
3C00
3C00
3C00
3C00
3C00
3C00
3C00
3C00
3C00
3C00
3C00
3C00
3C00
3C00
3C00
3C00
3C00
3C00
3C00
3C00
3C00
3C00
3C00
3C00
3C00
3C00
3C00
3C00
3C00
3C00
3C00
3C00
3C00
3C00
3C00
3C00
3C00
3C00
3C00
3C00
3C00
3C00
3C00
3C00
3C00
3C00
3C00
3C00
3C00
3C00
3C00
3C00
3C00
3C00
3C00
3C00
3C00
3C00
3C00
3C00
3C00
3C00
3C00
3C00
3C00
3C00
3C00
3C00
3C00
3C00
3C00
3C00
3C00
3C00
3C00
3C00
3C00
3C00
3C00
3C00
3C00
3C00
3C00
3C00
3C00
3C00
3C00
3C00
3C00
3C00
3C00
3C00
3C00
3C00
3C00
3C00
3C00
3C00
3C00
3C00
3C00
3C00
3C00
3C00
3C00
3C00
3C00
3C00
3C00
3C00
3C00
3C00
3C00
3C00
3C00
3C00
3C00
3C00
3C00
3C00
3C00
3C00
3C00
3C00
3C00
3C00
3C00
3C00
3C00
3C00
3C00
3C00
3C00
3C00
3C00
3C00
3C00
3C00
3C00
3C00
3C00
3C00
3C00
3C00
3C00
3C00
3C00
3C00
3C00
3C00
3C00
3C00
3C00
3C00
3C00
3C00
3C00
3C00
3C00
3C00
3C00
3C00
3C00
3C00
3C00
3C00
3C00
3C00
3C00
3C00
3C00
3C00
3C00
3C00
3C00
3C00
3C00
3C00
3C00
3C00
3C00
3C00
3C00
3C00
3C00
3C00
3C00
3C00
3C00
3C00
3C00
3C00
3C00
3C00
3C00
3C00
3C00
3C00
3C00
3C00
3C00
3C00
3C00
3C00
3C00
3C00
3C00
3C00
3C00
3C00
3C00
3C00
3C00
3C00
3C00
3C00
3C00
3C00
3C00
3C00
3C00
3C00
3C00
3C00
3C00
3C00
3C00
3C00
3C00
3C00
3C00
3C00
3C00
3C00
3C00
3C00
3C00
3C00
3C00
3C00
3C00
3C00
3C00
3C00
3C00
3C00
3C00
3C00
3C00
3C00
3C00
3C00
3C00
3C00
3C00
3C00
3C00
3C00
3C00
3C00
3C00
3C00
3C00
3C00
3C00
3C00
3C00
3C00
3C00
3C00
3C00
3C00
3C00
3C00
3C00
3C00
3C00
3C00
3C00
3C00
3C00
3C00
3C00
3C00
3C00
3C00
3C00
3C00
3C00
3C00
3C00
3C00
3C00
3C00
3C00
3C00
3C00
3C00
3C00
3C00
3C00
3C00
3C00
3C00
3C00
3C00
3C00
3C00
3C00
3C00
3C00
3C00
3C00
3C00
3C00
3C00
3C00
3C00
3C00
3C00
3C00
3C00
3C00
3C00
3C00
3C00
3C00
3C00
3C00
3C00
3C00
3C00
3C00
3C00
3C00
3C00
3C00
3C00
3C00
3C00
3C00
3C00
3C00
3C00
3C00
3C00
3C00
3C00
3C00
3C00
3C00
3C00
3C00
3C00
3C00
3C00
3C00
3C00
3C00
3C00
3C00
3C00
3C00
3C00
3C00
3C00
3C00
3C00
3C00
3C00
3C00
3C00
3C00
3C00
3C00
3C00
3C00
3C00
3C00
3C00
3C00
3C00
3C00
3C00
3C00
3C00
3C00
3C00
3C00
3C00
3C00
3C00
3C00
3C00
3C00
3C00
3C00
3C00
3C00
3C00
3C00
3C00
3C00
3C00
3C00
3C00
3C00
3C00
3C00
3C00
3C00
3C00
3C00
3C00
3C00
3C00
3C00
3C00
3C00
3C00
3C00
3C00
3C00
3C00
3C00
3C00
3C00
3C00
3C00
3C00
3C00
3C00
3C00
3C00
3C00
3C00
3C00
3C00
3C00
3C00
3C00
3C00
3C00
3C00
3C00
3C00
3C00
3C00
3C00
3C00
3C00
3C00
3C00
3C00
3C00
3C00
3C00
3C00
3C00
3C00
3C00
3C00
3C00
3C00
3C00
3C00
3C00
3C00
3C00
3C00
3C00
3C00
3C00
3C00
3C00
3C00
3C00
3C00
3C00
3C00
3C00
3C00
3C00
3C00
3C00
3C00
3C00
3C00
3C00
3C00
3C00
3C00
3C00
3C00
3C00
3C00
3C00
3C00
3C00
3C00
3C00
3C00
3C00
3C00
3C00
3C00
3C00
3C00
3C00
3C00
3C00
3C00
3C00
3C00
3C00
3C00
3C00
3C00
3C00
3C00
3C00
3C00
3C00
3C00
3C00
3C00
3C00
3C00
3C00
3C00
3C00
3C00
3C00
3C00
3C00
3C00
3C00
3C00
3C00
3C00
3C00
3C00
3C00
3C00
3C00
3C00
3C00
3C00
3C00
3C00
3C00
3C00
3C00
3C00
3C00
3C00
3C00
3C00
3C00
3C00
3C00
3C00
3C00
3C00
3C00
3C00
3C00
3C00
3C00
3C00
3C00
3C00
3C00
3C00
3C00
3C00
3C00
3C00
3C00
3C00
3C00
3C00
3C00
3C00
3C00
3C00
3C00
3C00
3C00
3C00
3C00
3C00
3C00
3C00
3C00
3C00
3C00
3C00
3C00
3C00
3C00
3C00
3C00
3C00
3C00
3C00
3C00
3C00
3C00
3C00
3C00
3C00
3C00
3C00
3C00
3C00
3C00
3C00
3C00
3C00
3C00
3C00
3C00
3C00
3C00
3C00
3C00
3C00
3C00
3C00
3C00
3C00
3C00
3C00
3C00
3C00
3C00
3C00
3C00
3C00
3C00
3C00
3C00
3C00
3C00
3C00
3C00
3C00
3C00
3C00
3C00
3C00
3C00
3C00
3C00
3C00
3C00
3C00
3C00
3C00
3C00
3C00
3C00
3C00
3C00
3C00
3C00
3C00
3C00
3C00
3C00
3C00
3C00
3C00
3C00
3C00
3C00
3C00
3C00
3C00
3C00
3C00
3C00
3C00
3C00
3C00
3C00
3C00
3C00
3C00
3C00
3C00
3C00
3C00
3C00
3C00
3C00
3C00
3C00
3C00
3C00
3C00
3C00
3C00
3C00
3C00
3C00
3C00
3C00
3C00
3C00
3C00
3C00
3C00
3C00
3C00
3C00
3C00
3C00
3C00
3C00
3C00
3C00
3C00
3C00
3C00
3C00
3C00
3C00
3C00
3C00
3C00
3C00
3C00
3C00
3C00
3C00
3C00
3C00
3C00
3C00
3C00
3C00
3C00
3C00
3C00
3C00
3C00
3C00
3C00
3C00
3C00
3C00
3C00
3C00
3C00
3C00
3C00
3C00
3C00
3C00
3C00
3C00
3C00
3C00
3C00
3C00
3C00
3C00
3C00
3C00
3C00
3C00
3C00
3C00
3C00
3C00
3C00
3C00
3C00
3C00
3C00
3C00
3C00
3C00
3C00
3C00
3C00
3C00
3C00
3C00
3C00
3C00
3C00
3C00
3C00
3C00
3C00
3C00
3C00
3C00
3C00
3C00
3C00
3C00
3C00
3C00
3C00
3C00
3C00
3C00
3C00
3C00
3C00
3C00
3C00
3C00
3C00
3C00
3C00
3C00
3C00
3C00
3C00
3C00
3C00
3C00
3C00
3C00
3C00
3C00
3C00
3C00
3C00
3C00
3C00
3C00
3C00
3C00
3C00
3C00
3C00
3C00
3C00
3C00
3C00
3C00
3C00
3C00
3C00
3C00
3C00
3C00
3C00
3C00
3C00
3C00
3C00
3C00
3C00
3C00
3C00
3C00
3C00
3C00
3C00
3C00
3C00
3C00
3C00
3C00
3C00
3C00
3C00
3C00
3C00
3C00
3C00
3C00
3C00
3C00
3C00
3C00
3C00
3C00
3C00
3C00
3C00
3C00
3C00
3C00
3C00
3C00
3C00
3C00
3C00
3C00
3C00
3C00
3C00
3C00
3C00
3C00
3C00
3C00
3C00
3C00
3C00
3C00
3C00
3C00
3C00
3C00
3C00
3C00
3C00
3C00
3C00
3C00
3C00
3C00
3C00
3C00
3C00
3C00
3C00
3C00
3C00
3C00
3C00
3C00
3C00
3C00
3C00
3C00
3C00
3C00
3C00
3C00
3C00
3C00
3C00
3C00
3C00
3C00
3C00
3C00
3C00
3C00
3C00
3C00
3C00
3C00
3C00
3C00
3C00
3C00
3C00
3C00
3C00
3C00
3C00
3C00
3C00
3C00
3C00
3C00
3C00
3C00
3C00
3C00
3C00
3C00
3C00
3C00
3C00
3C00
3C00
3C00
3C00
3C00
3C00
3C00
3C00
3C00
3C00
3C00
3C00
3C00
3C00
3C00
3C00
3C00
3C00
3C00
3C00
3C00
3C00
3C00
3C00
3C00
3C00
3C00
3C00
3C00
3C00
3C00
3C00
3C00
3C00
3C00
3C00
3C00
3C00
3C00
3C00
3C00
3C00
3C00
3C00
3C00
3C00
3C00
3C00
3C00
3C00
3C00
3C00
3C00
3C00
3C00
3C00
3C00
3C00
3C00
3C00
3C00
3C00
3C00
3C00
3C00
3C00
3C00
3C00
3C00
3C00
3C00
3C00
3C00
3C00
3C00
3C00
3C00
3C00
3C00
3C00
3C00
3C00
3C00
3C00
3C00
3C00
3C00
3C00
3C00
3C00
3C00
3C00
3C00
3C00
3C00
3C00
3C00
3C00
3C00
3C00
3C00
3C00
3C00
3C00
3C00
3C00
3C00
3C00
3C00
3C00
3C00
3C00
3C00
3C00
3C00
3C00
3C00
3C00
3C00
3C00
3C00
3C00
3C00
3C00
3C00
3C00
3C00
3C00
3C00
3C00
3C00
3C00
3C00
3C00
3C00
3C00
3C00
3C00
3C00
3C00
3C00
3C00
3C00
3C00
3C00
3C00
3C00
3C00
3C00
3C00
3C00
3C00
3C00
3C00
3C00
3C00
3C00
3C00
3C00
3C00
3C00
3C00
3C00
3C00
3C00
3C00
3C00
3C00
3C00
3C00
3C00
3C00
3C00
3C00
3C00
3C00
3C00
3C00
3C00
3C00
3C00
3C00
3C00
3C00
3C00
3C00
3C00
3C00
3C00
3C00
3C00
3C00
3C00
3C00
3C00
3C00
3C00
3C00
3C00
3C00
3C00
3C00
3C00
3C00
3C00
3C00
3C00
3C00
3C00
3C00
3C00
3C00
3C00
3C00
3C00
3C00
3C00
3C00
3C00
3C00
3C00
3C00
3C00
3C00
3C00
3C00
3C00
3C00
3C00
3C00
3C00
3C00
3C00
3C00
3C00
3C00
3C00
3C00
3C00
3C00
3C00
3C00
3C00
3C00
3C00
3C00
3C00
3C00
3C00
3C00
3C00
3C00
3C00
3C00
3C00
3C00
3C00
3C00
3C00
3C00
3C00
3C00
3C00
3C00
3C00
3C00
3C00
3C00
3C00
3C00
3C00
3C00
3C00
3C00
3C00
3C00
3C00
3C00
3C00
3C00
3C00
3C00
3C00
3C00
3C00
3C00
3C00
3C00
3C00
3C00
3C00
3C00
3C00
3C00
3C00
3C00
3C00
3C00
3C00
3C00
3C00
3C00
3C00
3C00
3C00
3C00
3C00
3C00
3C00
3C00
3C00
3C00
3C00
3C00
3C00
3C00
3C00
3C00
3C00
3C00
3C00
3C00
3C00
3C00
3C00
3C00
3C00
3C00
3C00
3C00
3C00
3C00
3C00
3C00
3C00
3C00
3C00
3C00
3C00
3C00
3C00
3C00
3C00
3C00
3C00
3C00
3C00
3C00
3C00
3C00
3C00
3C00
3C00
3C00
3C00
3C00
3C00
3C00
3C00
3C00
3C00
3C00
3C00
3C00
3C00
3C00
3C00
3C00
3C00
3C00
3C00
3C00
3C00
3C00
3C00
3C00
3C00
3C00
3C00
3C00
3C00
3C00
3C00
3C00
3C00
3C00
3C00
3C00
3C00
3C00
3C00
3C00
3C00
3C00
3C00
3C00
3C00
3C00
3C00
3C00
3C00
3C00
3C00
3C00
3C00
3C00
3C00
3C00
3C00
3C00
3C00
3C00
3C00
3C00
3C00
3C00
3C00
3C00
3C00
3C00
3C00
3C00
3C00
3C00
3C00
3C00
3C00
3C00
3C00
3C00
3C00
3C00
3C00
3C00
3C00
3C00
3C00
3C00
3C00
3C00
3C00
3C00
3C00
3C00
3C00
3C00
3C00
3C00
3C00
3C00
3C00
3C00
3C00
3C00
3C00
3C00
3C00
3C00
3C00
3C00
3C00
3C00
3C00
3C00
3C00
3C00
3C00
3C00
3C00
3C00
3C00
3C00
3C00
3C00
3C00
3C00
3C00
3C00
3C00
3C00
3C00
3C00
3C00
3C00
3C00
3C00
3C00
3C00
3C00
3C00
3C00
3C00
3C00
3C00
3C00
3C00
3C00
3C00
3C00
3C00
3C00
3C00
3C00
3C00
3C00
3C00
3C00
3C00
3C00
3C00
3C00
3C00
3C00
3C00
3C00
3C00
3C00
3C00
3C00
3C00
3C00
3C00
3C00
3C00
3C00
3C00
3C00
3C00
3C00
3C00
3C00
3C00
3C00
3C00
3C00
3C00
3C00
3C00
3C00
3C00
3C00
3C00
3C00
3C00
3C00
3C00
3C00
3C00
3C00
3C00
3C00
3C00
3C00
3C00
3C00
3C00
3C00
3C00
3C00
3C00
3C00
3C00
3C00
3C00
3C00
3C00
3C00
3C00
3C00
3C00
3C00
3C00
3C00
3C00
3C00
3C00
3C00
3C00
3C00
3C00
3C00
3C00
3C00
3C00
3C00
3C00
3C00
3C00
3C00
3C00
3C00
3C00
3C00
3C00
3C00
3C00
3C00
3C00
3C00
3C00
3C00
3C00
3C00
3C00
3C00
3C00
3C00
3C00
3C00
3C00
3C00
3C00
3C00
3C00
3C00
3C00
3C00
3C00
3C00
3C00
3C00
3C00
3C00
3C00
3C00
3C00
3C00
3C00
3C00
3C00
3C00
3C00
3C00
3C00
3C00
3C00
3C00
3C00
3C00
3C00
3C00
3C00
3C00
3C00
3C00
3C00
3C00
3C00
3C00
3C00
3C00
3C00
3C00
3C00
3C00
3C00
3C00
3C00
3C00
3C00
3C00
3C00
3C00
3C00
3C00
3C00
3C00
3C00
3C00
3C00
3C00
3C00
3C00
3C00
3C00
3C00
3C00
3C00
3C00
3C00
3C00
3C00
3C00
3C00
3C00
3C00
3C00
3C00
3C00
3C00
3C00
3C00
3C00
3C00
3C00
3C00
3C00
3C00
3C00
3C00
3C00
3C00
3C00
3C00
3C00
3C00
3C00
3C00
3C00
3C00
3C00
3C00
3C00
3C00
3C00
3C00
3C00
3C00
3C00
3C00
3C00
3C00
3C00
3C00
3C00
3C00
3C00
3C00
3C00
3C00
3C00
3C00
3C00
3C00
3C00
3C00
3C00
3C00
3C00
3C00
3C00
3C00
3C00
3C00
3C00
3C00
3C00
3C00
3C00
3C00
3C00
3C00
3C00
3C00
3C00
3C00
3C00
3C00
3C00
3C00
3C00
3C00
3C00
3C00
3C00
3C00
3C00
3C00
3C00
3C00
3C00
3C00
3C00
3C00
3C00
3C00
3C00
3C00
3C00
3C00
3C00
3C00
3C00
3C00
3C00
3C00
3C00
3C00
3C00
3C00
3C00
3C00
3C00
3C00
3C00
3C00
3C00
3C00
3C00
3C00
3C00
3C00
3C00
3C00
3C00
3C00
3C00
3C00
3C00
3C00
3C00
3C00
3C00
3C00
3C00
3C00
3C00
3C00
3C00
3C00
3C00
3C00
3C00
3C00
3C00
3C00
3C00
3C00
3C00
3C00
3C00
3C00
3C00
3C00
3C00
3C00
3C00
3C00
3C00
3C00
3C00
3C00
3C00
3C00
3C00
3C00
3C00
3C00
3C00
3C00
3C00
3C00
3C00
3C00
3C00
3C00
3C00
3C00
3C00
3C00
3C00
3C00
3C00
3C00
3C00
3C00
3C00
3C00
3C00
3C00
3C00
3C00
3C00
3C00
3C00
3C00
3C00
3C00
3C00
3C00
3C00
3C00
3C00
3C00
3C00
3C00
3C00
3C00
3C00
3C00
3C00
3C00
3C00
3C00
3C00
3C00
3C00
3C00
3C00
3C00
3C00
3C00
3C00
3C00
3C00
3C00
3C00
3C00
3C00
3C00
3C00
3C00
3C00
3C00
3C00
3C00
3C00
3C00
3C00
3C00
3C00
3C00
3C00
3C00
3C00
3C00
3C00
3C00
3C00
3C00
3C00
3C00
3C00
3C00
3C00
3C00
3C00
3C00
3C00
3C00
3C00
3C00
3C00
3C00
3C00
3C00
3C00
3C00
3C00
3C00
3C00
3C00
3C00
3C00
3C00
3C00
3C00
3C00
3C00
3C00
3C00
3C00
3C00
3C00
3C00
3C00
3C00
3C00
3C00
3C00
3C00
3C00
3C00
3C00
3C00
3C00
3C00
3C00
3C00
3C00
3C00
3C00
3C00
3C00
3C00
3C00
3C00
3C00
3C00
3C00
3C00
3C00
3C00
3C00
3C00
3C00
3C00
3C00
3C00
3C00
3C00
3C00
3C00
3C00
3C00
3C00
3C00
3C00
3C00
3C00
3C00
3C00
3C00
3C00
3C00
3C00
3C00
3C00
3C00
3C00
3C00
3C00
3C00
3C00
3C00
3C00
3C00
3C00
3C00
3C00
3C00
3C00
3C00
3C00
3C00
3C00
3C00
3C00
3C00
3C00
3C00
3C00
3C00
3C00
3C00
3C00
3C00
3C00
3C00
3C00
3C00
3C00
3C00
3C00
3C00
3C00
3C00
3C00
3C00
3C00
3C00
3C00
3C00
3C00
3C00
3C00
3C00
3C00
3C00
3C00
3C00
3C00
3C00
3C00
3C00
3C00
3C00
3C00
3C00
3C00
3C00
3C00
3C00
3C00
3C00
3C00
3C00
3C00
3C00
3C00
3C00
3C00
3C00
3C00
3C00
3C00
3C00
3C00
3C00
3C00
3C00
3C00
3C00
3C00
3C00
3C00
3C00
3C00
3C00
3C00
3C00
3C00
3C00
3C00
3C00
3C00
3C00
3C00
3C00
3C00
3C00
3C00
3C00
3C00
3C00
3C00
3C00
3C00
3C00
3C00
3C00
3C00
3C00
3C00
3C00
3C00
3C00
3C00
3C00
3C00
3C00
3C00
3C00
3C00
3C00
3C00
3C00
3C00
3C00
3C00
3C00
3C00
3C00
3C00
3C00
3C00
3C00
3C00
3C00
3C00
3C00
3C00
3C00
3C00
3C00
3C00
3C00
3C00
3C00
3C00
3C00
3C00
3C00
3C00
3C00
3C00
3C00
3C00
3C00
3C00
3C00
3C00
3C00
3C00
3C00
3C00
3C00
3C00
3C00
3C00
3C00
3C00
3C00
3C00
3C00
3C00
3C00
3C00
3C00
3C00
3C00
3C00
3C00
3C00
3C00
3C00
3C00
3C00
3C00
3C00
3C00
3C00
3C00
3C00
3C00
3C00
3C00
3C00
3C00
3C00
3C00
3C00
3C00
3C00
3C00
3C00
3C00
3C00
3C00
3C00
3C00
3C00
3C00
3C00
3C00
3C00
3C00
3C00
3C00
3C00
3C00
3C00
3C00
3C00
3C00
3C00
3C00
3C00
3C00
3C00
3C00
3C00
3C00
3C00
3C00
3C00
3C00
3C00
3C00
3C00
3C00
3C00
3C00
3C00
3C00
3C00
3C00
3C00
3C00
3C00
3C00
3C00
3C00
3C00
3C00
3C00
3C00
3C00
3C00
3C00
3C00
3C00
3C00
3C00
3C00
3C00
3C00
3C00
3C00
3C00
3C00
3C00
3C00
3C00
3C00
3C00
3C00
3C00
3C00
3C00
3C00
3C00
3C00
3C00
3C00
3C00
3C00
3C00
3C00
3C00
3C00
3C00
3C00
3C00
3C00
3C00
3C00
3C00
3C00
3C00
3C00
3C00
3C00
3C00
3C00
3C00
3C00
3C00
3C00
3C00
3C00
3C00
3C00
3C00
3C00
3C00
3C00
3C00
3C00
3C00
3C00
3C00
3C00
3C00
3C00
3C00
3C00
3C00
3C00
3C00
3C00
3C00
3C00
3C00
3C00
3C00
3C00
3C00
3C00
3C00
3C00
3C00
3C00
3C00
3C00
3C00
3C00
3C00
3C00
3C00
3C00
3C00
3C00
3C00
3C00
3C00
3C00
3C00
3C00
3C00
3C00
3C00
3C00
3C00
3C00
3C00
3C00
3C00
3C00
3C00
3C00
3C00
3C00
3C00
3C00
3C00
3C00
3C00
3C00
3C00
3C00
3C00
3C00
3C00
3C00
3C00
3C00
3C00
3C00
3C00
3C00
3C00
3C00
3C00
3C00
3C00
3C00
3C00
3C00
3C00
3C00
3C00
3C00
3C00
3C00
3C00
3C00
3C00
3C00
3C00
3C00
3C00
3C00
3C00
3C00
3C00
3C00
3C00
3C00
3C00
3C00
3C00
3C00
3C00
3C00
3C00
3C00
3C00
3C00
3C00
3C00
3C00
3C00
3C00
3C00
3C00
3C00
3C00
3C00
3C00
3C00
3C00
3C00
3C00
3C00
3C00
3C00
3C00
3C00
3C00
3C00
3C00
3C00
3C00
3C00
3C00
3C00
3C00
3C00
3C00
3C00
3C00
3C00
3C00
3C00
3C00
3C00
3C00
3C00
3C00
3C00
3C00
3C00
3C00
3C00
3C00
3C00
3C00
3C00
3C00
3C00
3C00
3C00
3C00
3C00
3C00
3C00
3C00
3C00
3C00
3C00
3C00
3C00
3C00
3C00
3C00
3C00
3C00
3C00
3C00
3C00
3C00
3C00
3C00
3C00
3C00
3C00
3C00
3C00
3C00
3C00
3C00
3C00
3C00
3C00
3C00
3C00
3C00
3C00
3C00
3C00
3C00
3C00
3C00
3C00
3C00
3C00
3C00
3C00
3C00
3C00
3C00
3C00
3C00
3C00
3C00
3C00
3C00
3C00
3C00
3C00
3C00
3C00
3C00
3C00
3C00
3C00
3C00
3C00
3C00
3C00
3C00
3C00
3C00
3C00
3C00
3C00
3C00
3C00
3C00
3C00
3C00
3C00
3C00
3C00
3C00
3C00
3C00
3C00
3C00
3C00
3C00
3C00
3C00
3C00
3C00
3C00
3C00
3C00
3C00
3C00
3C00
3C00
3C00
3C00
3C00
3C00
3C00
3C00
3C00
3C00
3C00
3C00
3C00
3C00
3C00
3C00
3C00
3C00
3C00
3C00
3C00
3C00
3C00
3C00
3C00
3C00
3C00
3C00
3C00
3C00
3C00
3C00
3C00
3C00
3C00
3C00
3C00
3C00
3C00
3C00
3C00
3C00
3C00
3C00
3C00
3C00
3C00
3C00
3C00
3C00
3C00
3C00
3C00
3C00
3C00
3C00
3C00
3C00
3C00
3C00
3C00
3C00
3C00
3C00
3C00
3C00
3C00
3C00
3C00
3C00
3C00
3C00
3C00
3C00
3C00
3C00
3C00
3C00
3C00
3C00
3C00
3C00
3C00
3C00
3C00
3C00
3C00
3C00
3C00
3C00
3C00
3C00
3C00
3C00
3C00
3C00
3C00
3C00
3C00
3C00
3C00
3C00
3C00
3C00
3C00
3C00
3C00
3C00
3C00
3C00
3C00
3C00
3C00
3C00
3C00
3C00
3C00
3C00
3C00
3C00
3C00
3C00
3C00
3C00
3C00
3C00
3C00
3C00
3C00
3C00
3C00
3C00
3C00
3C00
3C00
3C00
3C00
3C00
3C00
3C00
3C00
3C00
3C00
3C00
3C00
3C00
3C00
3C00
3C00
3C00
3C00
3C00
3C00
3C00
3C00
3C00
3C00
3C00
3C00
3C00
3C00
3C00
3C00
3C00
3C00
3C00
3C00
3C00
3C00
3C00
3C00
3C00
3C00
3C00
3C00
3C00
3C00
3C00
3C00
3C00
3C00
3C00
3C00
3C00
3C00
3C00
3C00
3C00
3C00
3C00
3C00
3C00
3C00
3C00
3C00
3C00
3C00
3C00
3C00
3C00
3C00
3C00
3C00
3C00
3C00
3C00
3C00
3C00
3C00
3C00
3C00
3C00
3C00
3C00
3C00
3C00
3C00
3C00
3C00
3C00
3C00
3C00
3C00
3C00
3C00
3C00
3C00
3C00
3C00
3C00
3C00
3C00
3C00
3C00
3C00
3C00
3C00
3C00
3C00
3C00
3C00
3C00
3C00
3C00
3C00
3C00
3C00
3C00
3C00
3C00
3C00
3C00
3C00
3C00
3C00
3C00
3C00
3C00
3C00
3C00
3C00
3C00
3C00
3C00
3C00
3C00
3C00
3C00
3C00
3C00
3C00
3C00
3C00
3C00
3C00
3C00
3C00
3C00
3C00
3C00
3C00
3C00
3C00
3C00
3C00
3C00
3C00
3C00
3C00
3C00
3C00
3C00
3C00
3C00
3C00
3C00
3C00
3C00
3C00
3C00
3C00
3C00
3C00
3C00
3C00
3C00
3C00
3C00
3C00
3C00
3C00
3C00
3C00
3C00
3C00
3C00
3C00
3C00
3C00
3C00
3C00
3C00
3C00
3C00
3C00
3C00
3C00
3C00
3C00
3C00
3C00
3C00
3C00
3C00
3C00
3C00
3C00
3C00
3C00
3C00
3C00
3C00
3C00
3C00
3C00
3C00
3C00
3C00
3C00
3C00
3C00
3C00
3C00
3C00
3C00
3C00
3C00
3C00
3C00
3C00
3C00
3C00
3C00
3C00
3C00
3C00
3C00
3C00
3C00
3C00
3C00
3C00
3C00
3C00
3C00
3C00
3C00
3C00
3C00
3C00
3C00
3C00
3C00
3C00
3C00
3C00
3C00
3C00
3C00
3C00
3C00
3C00
3C00
3C00
3C00
3C00
3C00
3C00
3C00
3C00
3C00
3C00
3C00
3C00
3C00
3C00
3C00
3C00
3C00
3C00
3C00
3C00
3C00
3C00
3C00
3C00
3C00
3C00
3C00
3C00
3C00
3C00
3C00
3C00
3C00
3C00
3C00
3C00
3C00
3C00
3C00
3C00
3C00
3C00
3C00
3C00
3C00
3C00
3C00
3C00
3C00
3C00
3C00
3C00
3C00
3C00
3C00
3C00
3C00
3C00
3C00
3C00
3C00
3C00
3C00
3C00
3C00
3C00
3C00
3C00
3C00
3C00
3C00
3C00
3C00
3C00
3C00
3C00
3C00
3C00
3C00
3C00
3C00
3C00
3C00
3C00
3C00
3C00
3C00
3C00
3C00
3C00
3C00
3C00
3C00
3C00
3C00
3C00
3C00
3C00
3C00
3C00
3C00
3C00
3C00
3C00
3C00
3C00
3C00
3C00
3C00
3C00
3C00
3C00
3C00
3C00
3C00
3C00
3C00
3C00
3C00
3C00
3C00
3C00
3C00
3C00
3C00
3C00
3C00
3C00
3C00
3C00
3C00
3C00
3C00
3C00
3C00
3C00
3C00
3C00
3C00
3C00
3C00
3C00
3C00
3C00
3C00
3C00
3C00
3C00
3C00
3C00
3C00
3C00
3C00
3C00
3C00
3C00
3C00
3C00
3C00
3C00
3C00
3C00
3C00
3C00
3C00
3C00
3C00
3C00
3C00
3C00
3C00
3C00
3C00
3C00
3C00
3C00
3C00
3C00
3C00
3C00
3C00
3C00
3C00
3C00
3C00
3C00
3C00
3C00
3C00
3C00
3C00
3C00
3C00
3C00
3C00
3C00
3C00
3C00
3C00
3C00
3C00
3C00
3C00
3C00
3C00
3C00
3C00
3C00
3C00
3C00
3C00
3C00
3C00
3C00
3C00
3C00
3C00
3C00
3C00
3C00
3C00
3C00
3C00
3C00
3C00
3C00
3C00
3C00
3C00
3C00
3C00
3C00
3C00
3C00
3C00
3C00
3C00
3C00
3C00
3C00
3C00
3C00
3C00
3C00
3C00
3C00
3C00
3C00
3C00
3C00
3C00
3C00
3C00
3C00
3C00
3C00
3C00
3C00
3C00
3C00
3C00
3C00
3C00
3C00
3C00
3C00
3C00
3C00
3C00
3C00
3C00
3C00
3C00
3C00
3C00
3C00
3C00
3C00
3C00
3C00
3C00
3C00
3C00
3C00
3C00
3C00
3C00
3C00
3C00
3C00
3C00
3C00
3C00
3C00
3C00
3C00
3C00
3C00
3C00
3C00
3C00
3C00
3C00
3C00
3C00
3C00
3C00
3C00
3C00
3C00
3C00
3C00
3C00
3C00
3C00
3C00
3C00
3C00
3C00
3C00
3C00
3C00
3C00
3C00
3C00
3C00
3C00
3C00
3C00
3C00
3C00
3C00
3C00
3C00
3C00
3C00
3C00
3C00
3C00
3C00
3C00
3C00
3C00
3C00
3C00
3C00
3C00
3C00
3C00
3C00
3C00
3C00
3C00
3C00
3C00
3C00
3C00
3C00
3C00
3C00
3C00
3C00
3C00
3C00
3C00
3C00
3C00
3C00
3C00
3C00
3C00
3C00
3C00
3C00
3C00
3C00
3C00
3C00
3C00
3C00
3C00
3C00
3C00
3C00
3C00
3C00
3C00
3C00
3C00
3C00
3C00
3C00
3C00
3C00
3C00
3C00
3C00
3C00
3C00
3C00
3C00
3C00
3C00
3C00
3C00
3C00
3C00
3C00
3C00
3C00
3C00
3C00
3C00
3C00
3C00
3C00
3C00
3C00
3C00
3C00
3C00
3C00
3C00
3C00
3C00
3C00
3C00
3C00
3C00
3C00
3C00
3C00
3C00
3C00
3C00
3C00
3C00
3C00
3C00
3C00
3C00
3C00
3C00
3C00
3C00
3C00
3C00
3C00
3C00
3C00
3C00
3C00
3C00
3C00
3C00
3C00
3C00
3C00
3C00
3C00
3C00
3C00
3C00
3C00
3C00
3C00
3C00
3C00
3C00
3C00
3C00
3C00
3C00
3C00
3C00
3C00
3C00
3C00
3C00
3C00
3C00
3C00
3C00
3C00
3C00
3C00
3C00
3C00
3C00
3C00
3C00
3C00
3C00
3C00
3C00
3C00
3C00
3C00
3C00
3C00
3C00
3C00
3C00
3C00
3C00
3C00
3C00
3C00
3C00
3C00
3C00
3C00
3C00
3C00
3C00
3C00
3C00
3C00
3C00
3C00
3C00
3C00
3C00
3C00
3C00
3C00
3C00
3C00
3C00
3C00
3C00
3C00
3C00
3C00
3C00
3C00
3C00
3C00
3C00
3C00
3C00
3C00
3C00
3C00
3C00
3C00
3C00
3C00
3C00
3C00
3C00
3C00
3C00
3C00
3C00
3C00
3C00
3C00
3C00
3C00
3C00
3C00
3C00
3C00
3C00
3C00
3C00
3C00
3C00
3C00
3C00
3C00
3C00
3C00
3C00
3C00
3C00
3C00
3C00
3C00
3C00
3C00
3C00
3C00
3C00
3C00
3C00
3C00
3C00
3C00
3C00
3C00
3C00
3C00
3C00
3C00
3C00
3C00
3C00
3C00
3C00
3C00
3C00
3C00
3C00
3C00
3C00
3C00
3C00
3C00
3C00
3C00
3C00
3C00
3C00
3C00
3C00
3C00
3C00
3C00
3C00
3C00
3C00
3C00
3C00
3C00
3C00
3C00
3C00
3C00
3C00
3C00
3C00
3C00
3C00
3C00
3C00
3C00
3C00
3C00
3C00
3C00
3C00
3C00
3C00
3C00
3C00
3C00
3C00
3C00
3C00
3C00
3C00
3C00
3C00
3C00
3C00
3C00
3C00
3C00
3C00
3C00
3C00
3C00
3C00
3C00
3C00
3C00
3C00
3C00
3C00
3C00
3C00
3C00
3C00
3C00
3C00
3C00
3C00
3C00
3C00
3C00
3C00
3C00
3C00
3C00
3C00
3C00
3C00
3C00
3C00
3C00
3C00
3C00
3C00
3C00
3C00
3C00
3C00
3C00
3C00
3C00
3C00
3C00
3C00
3C00
3C00
3C00
3C00
3C00
3C00
3C00
3C00
3C00
3C00
3C00
3C00
3C00
3C00
3C00
3C00
3C00
3C00
3C00
3C00
3C00
3C00
3C00
3C00
3C00
3C00
3C00
3C00
3C00
3C00
3C00
3C00
3C00
3C00
3C00
3C00
3C00
3C00
3C00
3C00
3C00
3C00
3C00
3C00
3C00
3C00
3C00
3C00
3C00
3C00
3C00
3C00
3C00
3C00
3C00
3C00
3C00
3C00
3C00
3C00
3C00
3C00
3C00
3C00
3C00
3C00
3C00
3C00
3C00
3C00
3C00
3C00
3C00
3C00
3C00
3C00
3C00
3C00
3C00
3C00
3C00
3C00
3C00
3C00
3C00
3C00
3C00
3C00
3C00
3C00
3C00
3C00
3C00
3C00
3C00
3C00
3C00
3C00
3C00
3C00
3C00
3C00
3C00
3C00
3C00
3C00
3C00
3C00
3C00
3C00
3C00
3C00
3C00
3C00
3C00
3C00
3C00
3C00
3C00
3C00
3C00
3C00
3C00
3C00
3C00
3C00
3C00
3C00
3C00
3C00
3C00
3C00
3C00
3C00
3C00
3C00
3C00
3C00
3C00
3C00
3C00
3C00
3C00
3C00
3C00
3C00
3C00
3C00
3C00
3C00
3C00
3C00
3C00
3C00
3C00
3C00
3C00
3C00
3C00
3C00
3C00
3C00
3C00
3C00
3C00
3C00
3C00
3C00
3C00
3C00
3C00
3C00
3C00
3C00
3C00
3C00
3C00
3C00
3C00
3C00
3C00
3C00
3C00
3C00
3C00
3C00
3C00
3C00
3C00
3C00
3C00
3C00
3C00
3C00
3C00
3C00
3C00
3C00
3C00
3C00
3C00
3C00
3C00
3C00
3C00
3C00
3C00
3C00
3C00
3C00
3C00
3C00
3C00
3C00
3C00
3C00
3C00
3C00
3C00
3C00
3C00
3C00
3C00
3C00
3C00
3C00
3C00
3C00
3C00
3C00
3C00
3C00
3C00
3C00
3C00
3C00
3C00
3C00
3C00
3C00
3C00
3C00
3C00
3C00
3C00
3C00
3C00
3C00
3C00
3C00
3C00
3C00
3C00
3C00
3C00
3C00
3C00
3C00
3C00
3C00
3C00
3C00
3C00
3C00
3C00
3C00
3C00
3C00
3C00
3C00
3C00
3C00
3C00
3C00
3C00
3C00
3C00
3C00
3C00
3C00
3C00
3C00
3C00
3C00
3C00
3C00
3C00
3C00
3C00
3C00
3C00
3C00
3C00
3C00
3C00
3C00
3C00
3C00
3C00
3C00
3C00
3C00
3C00
3C00
3C00
3C00
3C00
3C00
3C00
3C00
3C00
3C00
3C00
3C00
3C00
3C00
3C00
3C00
3C00
3C00
3C00
3C00
3C00
3C00
3C00
3C00
3C00
3C00
3C00
3C00
3C00
3C00
3C00
3C00
3C00
3C00
3C00
3C00
3C00
3C00
3C00
3C00
3C00
3C00
3C00
3C00
3C00
3C00
3C00
3C00
3C00
3C00
3C00
3C00
3C00
3C00
3C00
3C00
3C00
3C00
3C00
3C00
3C00
3C00
3C00
3C00
3C00
3C00
3C00
3C00
3C00
3C00
3C00
3C00
3C00
3C00
3C00
3C00
3C00
3C00
3C00
3C00
3C00
3C00
3C00
3C00
3C00
3C00
3C00
3C00
3C00
3C00
3C00
3C00
3C00
3C00
3C00
3C00
3C00
3C00
3C00
3C00
3C00
3C00
3C00
3C00
3C00
3C00
3C00
3C00
3C00
3C00
3C00
3C00
3C00
3C00
3C00
3C00
3C00
3C00
3C00
3C00
3C00
3C00
3C00
3C00
3C00
3C00
3C00
3C00
3C00
3C00
3C00
3C00
3C00
3C00
3C00
3C00
3C00
3C00
3C00
3C00
3C00
3C00
3C00
3C00
3C00
3C00
3C00
3C00
3C00
3C00
3C00
3C00
3C00
3C00
3C00
3C00
3C00
3C00
3C00
3C00
3C00
3C00
3C00
3C00
3C00
3C00
3C00
3C00
3C00
3C00
3C00
3C00
3C00
3C00
3C00
3C00
3C00
3C00
3C00
3C00
3C00
3C00
3C00
3C00
3C00
3C00
3C00
3C00
3C00
3C00
3C00
3C00
3C00
3C00
3C00
3C00
3C00
3C00
3C00
3C00
3C00
3C00
3C00
3C00
3C00
3C00
3C00
3C00
3C00
3C00
3C00
3C00
3C00
3C00
3C00
3C00
3C00
3C00
3C00
3C00
3C00
3C00
3C00
3C00
3C00
3C00
3C00
3C00
3C00
3C00
3C00
3C00
3C00
3C00
3C00
3C00
3C00
3C00
3C00
3C00
3C00
3C00
3C00
3C00
3C00
3C00
3C00
3C00
3C00
3C00
3C00
3C00
3C00
3C00
3C00
3C00
3C00
3C00
3C00
3C00
3C00
3C00
3C00
3C00
3C00
3C00
3C00
3C00
3C00
3C00
3C00
3C00
3C00
3C00
3C00
3C00
3C00
3C00
3C00
3C00
3C00
3C00
3C00
3C00
3C00
3C00
3C00
3C00
3C00
3C00
3C00
3C00
3C00
3C00
3C00
3C00
3C00
3C00
3C00
3C00
3C00
3C00
3C00
3C00
3C00
3C00
3C00
3C00
3C00
3C00
3C00
3C00
3C00
3C00
3C00
3C00
3C00
3C00
3C00
3C00
3C00
3C00
3C00
3C00
3C00
3C00
3C00
3C00
3C00
3C00
3C00
3C00
3C00
3C00
3C00
3C00
3C00
3C00
3C00
3C00
3C00
3C00
3C00
3C00
3C00
3C00
3C00
3C00
3C00
3C00
3C00
3C00
3C00
3C00
3C00
3C00
3C00
3C00
3C00
3C00
3C00
3C00
3C00
3C00
3C00
3C00
3C00
3C00
3C00
3C00
3C00
3C00
3C00
3C00
3C00
3C00
3C00
3C00
3C00
3C00
3C00
3C00
3C00
3C00
3C00
3C00
3C00
3C00
3C00
3C00
3C00
3C00
3C00
3C00
3C00
3C00
3C00
3C00
3C00
3C00
3C00
3C00
3C00
3C00
3C00
3C00
3C00
3C00
3C00
3C00
3C00
3C00
3C00
3C00
3C00
3C00
3C00
3C00
3C00
3C00
3C00
3C00
3C00
3C00
3C00
3C00
3C00
3C00
3C00
3C00
3C00
3C00
3C00
3C00
3C00
3C00
3C00
3C00
3C00
3C00
3C00
3C00
3C00
3C00
3C00
3C00
3C00
3C00
3C00
3C00
3C00
3C00
3C00
3C00
3C00
3C00
3C00
3C00
3C00
3C00
3C00
3C00
3C00
3C00
3C00
3C00
3C00
3C00
3C00
3C00
3C00
3C00
3C00
3C00
3C00
3C00
3C00
3C00
3C00
3C00
3C00
3C00
3C00
3C00
3C00
3C00
3C00
3C00
3C00
3C00
3C00
3C00
3C00
3C00
3C00
3C00
3C00
3C00
3C00
3C00
3C00
3C00
3C00
3C00
3C00
3C00
3C00
3C00
3C00
3C00
3C00
3C00
3C00
3C00
3C00
3C00
3C00
3C00
3C00
3C00
3C00
3C00
3C00
3C00
3C00
3C00
3C00
3C00
3C00
3C00
3C00
3C00
3C00
3C00
3C00
3C00
3C00
3C00
3C00
3C00
3C00
3C00
3C00
3C00
3C00
3C00
3C00
3C00
3C00
3C00
3C00
3C00
3C00
3C00
3C00
3C00
3C00
3C00
3C00
3C00
3C00
3C00
3C00
3C00
3C00
3C00
3C00
3C00
3C00
3C00
3C00
3C00
3C00
3C00
3C00
3C00
3C00
3C00
3C00
3C00
3C00
3C00
3C00
3C00
3C00
3C00
3C00
3C00
3C00
3C00
3C00
3C00
3C00
3C00
3C00
3C00
3C00
3C00
3C00
3C00
3C00
3C00
3C00
3C00
3C00
3C00
3C00
3C00
3C00
3C00
3C00
3C00
3C00
3C00
3C00
3C00
3C00
3C00
3C00
3C00
3C00
3C00
3C00
3C00
3C00
3C00
3C00
3C00
3C00
3C00
3C00
3C00
3C00
3C00
3C00
3C00
3C00
3C00
3C00
3C00
3C00
3C00
3C00
3C00
3C00
3C00
3C00
3C00
3C00
3C00
3C00
3C00
3C00
3C00
3C00
3C00
3C00
3C00
3C00
3C00
3C00
3C00
3C00
3C00
3C00
3C00
3C00
3C00
3C00
3C00
3C00
3C00
3C00
3C00
3C00
3C00
3C00
3C00
3C00
3C00
3C00
3C00
3C00
3C00
3C00
3C00
3C00
3C00
3C00
3C00
3C00
3C00
3C00
3C00
3C00
3C00
3C00
3C00
3C00
3C00
3C00
3C00
3C00
3C00
3C00
3C00
3C00
3C00
3C00
3C00
3C00
3C00
3C00
3C00
3C00
3C00
3C00
3C00
3C00
3C00
3C00
3C00
3C00
3C00
3C00
3C00
3C00
3C00
3C00
3C00
3C00
3C00
3C00
3C00
3C00
3C00
3C00
3C00
3C00
3C00
3C00
3C00
3C00
3C00
3C00
3C00
3C00
3C00
3C00
3C00
3C00
3C00
3C00
3C00
3C00
3C00
3C00
3C00
3C00
3C00
3C00
3C00
3C00
3C00
3C00
3C00
3C00
3C00
3C00
3C00
3C00
3C00
3C00
3C00
3C00
3C00
3C00
3C00
3C00
3C00
3C00
3C00
3C00
3C00
3C00
3C00
3C00
3C00
3C00
3C00
3C00
3C00
3C00
3C00
3C00
3C00
3C00
3C00
3C00
3C00
3C00
3C00
3C00
3C00
3C00
3C00
3C00
3C00
3C00
3C00
3C00
3C00
3C00
3C00
3C00
3C00
3C00
3C00
3C00
3C00
3C00
3C00
3C00
3C00
3C00
3C00
3C00
3C00
3C00
3C00
3C00
3C00
3C00
3C00
3C00
3C00
3C00
3C00
3C00
3C00
3C00
3C00
3C00
3C00
3C00
3C00
3C00
3C00
3C00
3C00
3C00
3C00
3C00
3C00
3C00
3C00
3C00
3C00
3C00
3C00
3C00
3C00
3C00
3C00
3C00
3C00
3C00
3C00
3C00
3C00
3C00
3C00
3C00
3C00
3C00
3C00
3C00
3C00
3C00
3C00
3C00
3C00
3C00
3C00
3C00
3C00
3C00
3C00
3C00
3C00
3C00
3C00
3C00
3C00
3C00
3C00
3C00
3C00
3C00
3C00
3C00
3C00
3C00
3C00
3C00
3C00
3C00
3C00
3C00
3C00
3C00
3C00
3C00
3C00
3C00
3C00
3C00
3C00
3C00
3C00
3C00
3C00
3C00
3C00
3C00
3C00
3C00
3C00
3C00
3C00
3C00
3C00
3C00
3C00
3C00
3C00
3C00
3C00
3C00
3C00
3C00
3C00
3C00
3C00
3C00
3C00
3C00
3C00
3C00
3C00
3C00
3C00
3C00
3C00
3C00
3C00
3C00
3C00
3C00
3C00
3C00
3C00
3C00
3C00
3C00
3C00
3C00
3C00
3C00
3C00
3C00
3C00
3C00
3C00
3C00
3C00
3C00
3C00
3C00
3C00
3C00
3C00
3C00
3C00
3C00
3C00
3C00
3C00
3C00
3C00
3C00
3C00
3C00
3C00
3C00
3C00
3C00
3C00
3C00
3C00
3C00
3C00
3C00
3C00
3C00
3C00
3C00
3C00
3C00
3C00
3C00
3C00
3C00
3C00
3C00
3C00
3C00
3C00
3C00
3C00
3C00
3C00
3C00
3C00
3C00
3C00
3C00
3C00
3C00
3C00
3C00
3C00
3C00
3C00
3C00
3C00
3C00
3C00
3C00
3C00
3C00
3C00
3C00
3C00
3C00
3C00
3C00
3C00
3C00
3C00
3C00
3C00
3C00
3C00
3C00
3C00
3C00
3C00
3C00
3C00
3C00
3C00
3C00
3C00
3C00
3C00
3C00
3C00
3C00
3C00
3C00
3C00
3C00
3C00
3C00
3C00
3C00
3C00
3C00
3C00
3C00
3C00
3C00
3C00
3C00
3C00
3C00
3C00
3C00
3C00
3C00
3C00
3C00
3C00
3C00
3C00
3C00
3C00
3C00
3C00
3C00
3C00
3C00
3C00
3C00
3C00
3C00
3C00
3C00
3C00
3C00
3C00
3C00
3C00
3C00
3C00
3C00
3C00
3C00
3C00
3C00
3C00
3C00
3C00
3C00
3C00
3C00
3C00
3C00
3C00
3C00
3C00
3C00
3C00
3C00
3C00
3C00
3C00
3C00
3C00
3C00
3C00
3C00
3C00
3C00
3C00
3C00
3C00
3C00
3C00
3C00
3C00
3C00
3C00
3C00
3C00
3C00
3C00
3C00
3C00
3C00
3C00
3C00
3C00
3C00
3C00
3C00
3C00
3C00
3C00
3C00
3C00
3C00
3C00
3C00
3C00
3C00
3C00
3C00
3C00
3C00
3C00
3C00
3C00
3C00
3C00
3C00
3C00
3C00
3C00
3C00
3C00
3C00
3C00
3C00
3C00
3C00
3C00
3C00
3C00
3C00
3C00
3C00
3C00
3C00
3C00
3C00
3C00
3C00
3C00
3C00
3C00
3C00
3C00
3C00
3C00
3C00
3C00
3C00
3C00
3C00
3C00
3C00
3C00
3C00
3C00
3C00
3C00
3C00
3C00
3C00
3C00
3C00
3C00
3C00
3C00
3C00
3C00
3C00
3C00
3C00
3C00
3C00
3C00
3C00
3C00
3C00
3C00
3C00
3C00
3C00
3C00
3C00
3C00
3C00
3C00
3C00
3C00
3C00
3C00
3C00
3C00
3C00
3C00
3C00
3C00
3C00
3C00
3C00
3C00
3C00
3C00
3C00
3C00
3C00
3C00
3C00
3C00
3C00
3C00
3C00
3C00
3C00
3C00
3C00
3C00
3C00
3C00
3C00
3C00
3C00
3C00
3C00
3C00
3C00
3C00
3C00
3C00
3C00
3C00
3C00
3C00
3C00
3C00
3C00
3C00
3C00
3C00
3C00
3C00
3C00
3C00
3C00
3C00
3C00
3C00
3C00
3C00
3C00
3C00
3C00
3C00
3C00
3C00
3C00
3C00
3C00
3C00
3C00
3C00
3C00
3C00
3C00
3C00
3C00
3C00
3C00
3C00
3C00
3C00
3C00
3C00
3C00
3C00
3C00
3C00
3C00
3C00
3C00
3C00
3C00
3C00
3C00
3C00
3C00
3C00
3C00
3C00
3C00
3C00
3C00
3C00
3C00
3C00
3C00
3C00
3C00
3C00
3C00
3C00
3C00
3C00
3C00
3C00
3C00
3C00
3C00
3C00
3C00
3C00
3C00
3C00
3C00
3C00
3C00
3C00
3C00
3C00
3C00
3C00
3C00
3C00
3C00
3C00
3C00
3C00
3C00
3C00
3C00
3C00
3C00
3C00
3C00
3C00
3C00
3C00
3C00
3C00
3C00
3C00
3C00
3C00
3C00
3C00
3C00
3C00
3C00
3C00
3C00
3C00
3C00
3C00
3C00
3C00
3C00
3C00
3C00
3C00
3C00
3C00
3C00
3C00
3C00
3C00
3C00
3C00
3C00
3C00
3C00
3C00
3C00
3C00
3C00
3C00
3C00
3C00
3C00
3C00
3C00
3C00
3C00
3C00
3C00
3C00
3C00
3C00
3C00
3C00
3C00
3C00
3C00
3C00
3C00
3C00
3C00
3C00
3C00
3C00
3C00
3C00
3C00
3C00
3C00
3C00
3C00
3C00
3C00
3C00
3C00
3C00
3C00
3C00
3C00
3C00
3C00
3C00
3C00
3C00
3C00
3C00
3C00
3C00
3C00
3C00
3C00
3C00
3C00
3C00
3C00
3C00
3C00
3C00
3C00
3C00
3C00
3C00
3C00
3C00
3C00
3C00
3C00
3C00
3C00
3C00
3C00
3C00
3C00
3C00
3C00
3C00
3C00
3C00
3C00
3C00
3C00
3C00
3C00
3C00
3C00
3C00
3C00
3C00
3C00
3C00
3C00
3C00
3C00
3C00
3C00
3C00
3C00
3C00
3C00
3C00
3C00
3C00
3C00
3C00
3C00
3C00
3C00
3C00
3C00
3C00
3C00
3C00
3C00
3C00
3C00
3C00
3C00
3C00
3C00
3C00
3C00
3C00
3C00
3C00
3C00
3C00
3C00
3C00
3C00
3C00
3C00
3C00
3C00
3C00
3C00
3C00
3C00
3C00
3C00
3C00
3C00
3C00
3C00
3C00
3C00
3C00
3C00
3C00
3C00
3C00
3C00
3C00
3C00
3C00
3C00
3C00
3C00
3C00
3C00
3C00
3C00
3C00
3C00
3C00
3C00
3C00
3C00
3C00
3C00
3C00
3C00
3C00
3C00
3C00
3C00
3C00
3C00
3C00
3C00
3C00
3C00
3C00
3C00
3C00
3C00
3C00
3C00
3C00
3C00
3C00
3C00
3C00
3C00
3C00
3C00
3C00
3C00
3C00
3C00
3C00
3C00
3C00
3C00
3C00
3C00
3C00
3C00
3C00
3C00
3C00
3C00
3C00
3C00
3C00
3C00
3C00
3C00
3C00
3C00
3C00
3C00
3C00
3C00
3C00
3C00
3C00
3C00
3C00
3C00
3C00
3C00
3C00
3C00
3C00
3C00
3C00
3C00
3C00
3C00
3C00
3C00
3C00
3C00
3C00
3C00
3C00
3C00
3C00
3C00
3C00
3C00
3C00
3C00
3C00
3C00
3C00
3C00
3C00
3C00
3C00
3C00
3C00
3C00
3C00
3C00
3C00
3C00
3C00
3C00
3C00
3C00
3C00
3C00
3C00
3C00
3C00
3C00
3C00
3C00
3C00
3C00
3C00
3C00
3C00
3C00
3C00
3C00
3C00
3C00
3C00
3C00
3C00
3C00
3C00
3C00
3C00
3C00
3C00
3C00
3C00
3C00
3C00
3C00
3C00
3C00
3C00
3C00
3C00
3C00
3C00
3C00
3C00
3C00
3C00
3C00
3C00
3C00
3C00
3C00
3C00
3C00
3C00
3C00
3C00
3C00
3C00
3C00
3C00
3C00
3C00
3C00
3C00
3C00
3C00
3C00
3C00
3C00
3C00
3C00
3C00
3C00
3C00
3C00
3C00
3C00
3C00
3C00
3C00
3C00
3C00
3C00
3C00
3C00
3C00
3C00
3C00
3C00
3C00
3C00
3C00
3C00
3C00
3C00
3C00
3C00
3C00
3C00
3C00
3C00
3C00
3C00
3C00
3C00
3C00
3C00
3C00
3C00
3C00
3C00
3C00
3C00
3C00
3C00
3C00
3C00
3C00
3C00
3C00
3C00
3C00
3C00
3C00
3C00
3C00
3C00
3C00
3C00
3C00
3C00
3C00
3C00
3C00
3C00
3C00
3C00
3C00
3C00
3C00
3C00
3C00
3C00
3C00
3C00
3C00
3C00
3C00
3C00
3C00
3C00
3C00
3C00
3C00
3C00
3C00
3C00
3C00
3C00
3C00
3C00
3C00
3C00
3C00
3C00
3C00
3C00
3C00
3C00
3C00
3C00
3C00
3C00
3C00
3C00
3C00
3C00
3C00
3C00
3C00
3C00
3C00
3C00
3C00
3C00
3C00
3C00
3C00
3C00
3C00
3C00
3C00
3C00
3C00
3C00
3C00
3C00
3C00
3C00
3C00
3C00
3C00
3C00
3C00
3C00
3C00
3C00
3C00
3C00
3C00
3C00
3C00
3C00
3C00
3C00
3C00
3C00
3C00
3C00
3C00
3C00
3C00
3C00
3C00
3C00
3C00
3C00
3C00
3C00
3C00
3C00
3C00
3C00
3C00
3C00
3C00
3C00
3C00
3C00
3C00
3C00
3C00
3C00
3C00
3C00
3C00
3C00
3C00
3C00
3C00
3C00
3C00
3C00
3C00
3C00
3C00
3C00
3C00
3C00
3C00
3C00
3C00
3C00
3C00
3C00
3C00
3C00
3C00
3C00
3C00
3C00
3C00
3C00
3C00
3C00
3C00
3C00
3C00
3C00
3C00
3C00
3C00
3C00
3C00
3C00
3C00
3C00
3C00
3C00
3C00
3C00
3C00
3C00
3C00
3C00
3C00
3C00
3C00
3C00
3C00
3C00
3C00
3C00
3C00
3C00
3C00
3C00
3C00
3C00
3C00
3C00
3C00
3C00
3C00
3C00
3C00
3C00
3C00
3C00
3C00
3C00
3C00
3C00
3C00
3C00
3C00
3C00
3C00
3C00
3C00
3C00
3C00
3C00
3C00
3C00
3C00
3C00
3C00
3C00
3C00
3C00
3C00
3C00
3C00
3C00
3C00
3C00
3C00
3C00
3C00
3C00
3C00
3C00
3C00
3C00
3C00
3C00
3C00
3C00
3C00
3C00
3C00
3C00
3C00
3C00
3C00
3C00
3C00
3C00
3C00
3C00
3C00
3C00
3C00
3C00
3C00
3C00
3C00
3C00
3C00
3C00
3C00
3C00
3C00
3C00
3C00
3C00
3C00
3C00
3C00
3C00
3C00
3C00
3C00
3C00
3C00
3C00
3C00
3C00
3C00
3C00
3C00
3C00
3C00
3C00
3C00
3C00
3C00
3C00
3C00
3C00
3C00
3C00
3C00
3C00
3C00
3C00
3C00
3C00
3C00
3C00
3C00
3C00
3C00
3C00
3C00
3C00
3C00
3C00
3C00
3C00
3C00
3C00
3C00
3C00
3C00
3C00
3C00
3C00
3C00
3C00
3C00
3C00
3C00
3C00
3C00
3C00
3C00
3C00
3C00
3C00
3C00
3C00
3C00
3C00
3C00
3C00
3C00
3C00
3C00
3C00
3C00
3C00
3C00
3C00
3C00
3C00
3C00
3C00
3C00
3C00
3C00
3C00
3C00
3C00
3C00
3C00
3C00
3C00
3C00
3C00
3C00
3C00
3C00
3C00
3C00
3C00
3C00
3C00
3C00
3C00
3C00
3C00
3C00
3C00
3C00
3C00
3C00
3C00
3C00
3C00
3C00
3C00
3C00
3C00
3C00
3C00
3C00
3C00
3C00
3C00
3C00
3C00
3C00
3C00
3C00
3C00
3C00
3C00
3C00
3C00
3C00
3C00
3C00
3C00
3C00
3C00
3C00
3C00
3C00
3C00
3C00
3C00
3C00
3C00
3C00
3C00
3C00
3C00
3C00
3C00
3C00
3C00
3C00
3C00
3C00
3C00
3C00
3C00
3C00
3C00
3C00
3C00
3C00
3C00
3C00
3C00
3C00
3C00
3C00
3C00
3C00
3C00
3C00
3C00
3C00
3C00
3C00
3C00
3C00
3C00
3C00
3C00
3C00
3C00
3C00
3C00
3C00
3C00
3C00
3C00
3C00
3C00
3C00
3C00
3C00
3C00
3C00
3C00
3C00
3C00
3C00
3C00
3C00
3C00
3C00
3C00
3C00
3C00
3C00
3C00
3C00
3C00
3C00
3C00
3C00
3C00
3C00
3C00
3C00
3C00
3C00
3C00
3C00
3C00
3C00
3C00
3C00
3C00
3C00
3C00
3C00
3C00
3C00
3C00
3C00
3C00
3C00
3C00
3C00
3C00
3C00
3C00
3C00
3C00
3C00
3C00
3C00
3C00
3C00
3C00
3C00
3C00
3C00
3C00
3C00
3C00
3C00
3C00
3C00
3C00
3C00
3C00
3C00
3C00
3C00
3C00
3C00
3C00
3C00
3C00
3C00
3C00
3C00
3C00
3C00
3C00
3C00
3C00
3C00
3C00
3C00
3C00
3C00
3C00
3C00
3C00
3C00
3C00
3C00
3C00
3C00
3C00
3C00
3C00
3C00
3C00
3C00
3C00
3C00
3C00
3C00
3C00
3C00
3C00
3C00
3C00
3C00
3C00
3C00
3C00
3C00
3C00
3C00
3C00
3C00
3C00
3C00
3C00
3C00
3C00
3C00
3C00
3C00
3C00
3C00
3C00
3C00
3C00
3C00
3C00
3C00
3C00
3C00
3C00
3C00
3C00
3C00
3C00
3C00
3C00
3C00
3C00
3C00
3C00
3C00
3C00
3C00
3C00
3C00
3C00
3C00
3C00
3C00
3C00
3C00
3C00
3C00
3C00
3C00
3C00
3C00
3C00
3C00
3C00
3C00
3C00
3C00
3C00
3C00
3C00
3C00
3C00
3C00
3C00
3C00
3C00
3C00
3C00
3C00
3C00
3C00
3C00
3C00
3C00
3C00
3C00
3C00
3C00
3C00
3C00
3C00
3C00
3C00
3C00
3C00
3C00
3C00
3C00
3C00
3C00
3C00
3C00
3C00
3C00
3C00
3C00
3C00
3C00
3C00
3C00
3C00
3C00
3C00
3C00
3C00
3C00
3C00
3C00
3C00
3C00
3C00
3C00
3C00
3C00
3C00
3C00
3C00
3C00
3C00
3C00
3C00
3C00
3C00
3C00
3C00
3C00
3C00
3C00
3C00
3C00
3C00
3C00
3C00
3C00
3C00
3C00
3C00
3C00
3C00
3C00
3C00
3C00
3C00
3C00
3C00
3C00
3C00
3C00
3C00
3C00
3C00
3C00
3C00
3C00
3C00
3C00
3C00
3C00
3C00
3C00
3C00
3C00
3C00
3C00
3C00
3C00
3C00
3C00
3C00
3C00
3C00
3C00
3C00
3C00
3C00
3C00
3C00
3C00
3C00
3C00
3C00
3C00
3C00
3C00
3C00
3C00
3C00
3C00
3C00
3C00
3C00
3C00
3C00
3C00
3C00
3C00
3C00
3C00
3C00
3C00
3C00
3C00
3C00
3C00
3C00
3C00
3C00
3C00
3C00
3C00
3C00
3C00
3C00
3C00
3C00
3C00
3C00
3C00
3C00
3C00
3C00
3C00
3C00
3C00
3C00
3C00
3C00
3C00
3C00
3C00
3C00
3C00
3C00
3C00
3C00
3C00
3C00
3C00
3C00
3C00
3C00
3C00
3C00
3C00
3C00
3C00
3C00
3C00
3C00
3C00
3C00
3C00
3C00
3C00
3C00
3C00
3C00
3C00
3C00
3C00
3C00
3C00
3C00
3C00
3C00
3C00
3C00
3C00
3C00
3C00
3C00
3C00
3C00
3C00
3C00
3C00
3C00
3C00
3C00
3C00
3C00
3C00
3C00
3C00
3C00
3C00
3C00
3C00
3C00
3C00
3C00
3C00
3C00
3C00
3C00
3C00
3C00
3C00
3C00
3C00
3C00
3C00
3C00
3C00
3C00
3C00
3C00
3C00
3C00
3C00
3C00
3C00
3C00
3C00
3C00
3C00
3C00
3C00
3C00
3C00
3C00
3C00
3C00
3C00
3C00
3C00
3C00
3C00
3C00
3C00
3C00
3C00
3C00
3C00
3C00
3C00
3C00
3C00
3C00
3C00
3C00
3C00
3C00
3C00
3C00
3C00
3C00
3C00
3C00
3C00
3C00
3C00
3C00
3C00
3C00
3C00
3C00
3C00
3C00
3C00
3C00
3C00
3C00
3C00
3C00
3C00
3C00
3C00
3C00
3C00
3C00
3C00
3C00
3C00
3C00
3C00
3C00
3C00
3C00
3C00
3C00
3C00
3C00
3C00
3C00
3C00
3C00
3C00
3C00
3C00
3C00
3C00
3C00
3C00
3C00
3C00
3C00
3C00
3C00
3C00
3C00
3C00
3C00
3C00
3C00
3C00
3C00
3C00
3C00
3C00
3C00
3C00
3C00
3C00
3C00
3C00
3C00
3C00
3C00
3C00
3C00
3C00
3C00
3C00
3C00
3C00
3C00
3C00
3C00
3C00
3C00
3C00
3C00
3C00
3C00
3C00
3C00
3C00
3C00
3C00
3C00
3C00
3C00
3C00
3C00
3C00
3C00
3C00
3C00
3C00
3C00
3C00
3C00
3C00
3C00
3C00
3C00
3C00
3C00
3C00
3C00
3C00
3C00
3C00
3C00
3C00
3C00
3C00
3C00
3C00
3C00
3C00
3C00
3C00
3C00
3C00
3C00
3C00
3C00
3C00
3C00
3C00
3C00
3C00
3C00
3C00
3C00
3C00
3C00
3C00
3C00
3C00
3C00
3C00
3C00
3C00
3C00
3C00
3C00
3C00
3C00
3C00
3C00
3C00
3C00
3C00
3C00
3C00
3C00
3C00
3C00
3C00
3C00
3C00
3C00
3C00
3C00
3C00
3C00
3C00
3C00
3C00
3C00
3C00
3C00
3C00
3C00
3C00
3C00
3C00
3C00
3C00
3C00
3C00
3C00
3C00
3C00
3C00
3C00
3C00
3C00
3C00
3C00
3C00
3C00
3C00
3C00
3C00
3C00
3C00
3C00
3C00
3C00
3C00
3C00
3C00
3C00
3C00
3C00
3C00
3C00
3C00
3C00
3C00
3C00
3C00
3C00
3C00
3C00
3C00
3C00
3C00
3C00
3C00
3C00
3C00
3C00
3C00
3C00
3C00
3C00
3C00
3C00
3C00
3C00
3C00
3C00
3C00
3C00
3C00
3C00
3C00
3C00
3C00
3C00
3C00
3C00
3C00
3C00
3C00
3C00
3C00
3C00
3C00
3C00
3C00
3C00
3C00
3C00
3C00
3C00
3C00
3C00
3C00
3C00
3C00
3C00
3C00
3C00
3C00
3C00
3C00
3C00
3C00
3C00
3C00
3C00
3C00
3C00
3C00
3C00
3C00
3C00
3C00
3C00
3C00
3C00
3C00
3C00
3C00
3C00
3C00
3C00
3C00
3C00
3C00
3C00
3C00
3C00
3C00
3C00
3C00
3C00
3C00
3C00
3C00
3C00
3C00
3C00
3C00
3C00
3C00
3C00
3C00
3C00
3C00
3C00
3C00
3C00
3C00
3C00
3C00
3C00
3C00
3C00
3C00
3C00
3C00
3C00
3C00
3C00
3C00
3C00
3C00
3C00
3C00
3C00
3C00
3C00
3C00
3C00
3C00
3C00
3C00
3C00
3C00
3C00
3C00
3C00
3C00
3C00
3C00
3C00
3C00
3C00
3C00
3C00
3C00
3C00
3C00
3C00
3C00
3C00
3C00
3C00
3C00
3C00
3C00
3C00
3C00
3C00
3C00
3C00
3C00
3C00
3C00
3C00
3C00
3C00
3C00
3C00
3C00
3C00
3C00
3C00
3C00
3C00
3C00
3C00
3C00
3C00
3C00
3C00
3C00
3C00
3C00
3C00
3C00
3C00
3C00
3C00
3C00
3C00
3C00
3C00
3C00
3C00
3C00
3C00
3C00
3C00
3C00
3C00
3C00
3C00
3C00
3C00
3C00
3C00
3C00
3C00
3C00
3C00
3C00
3C00
3C00
3C00
3C00
3C00
3C00
3C00
3C00
3C00
3C00
3C00
3C00
3C00
3C00
3C00
3C00
3C00
3C00
3C00
3C00
3C00
3C00
3C00
3C00
3C00
3C00
3C00
3C00
3C00
3C00
3C00
3C00
3C00
3C00
3C00
3C00
3C00
3C00
3C00
3C00
3C00
3C00
3C00
3C00
3C00
3C00
3C00
3C00
3C00
3C00
3C00
3C00
3C00
3C00
3C00
3C00
3C00
3C00
3C00
3C00
3C00
3C00
3C00
3C00
3C00
3C00
3C00
3C00
3C00
3C00
3C00
3C00
3C00
3C00
3C00
3C00
3C00
3C00
3C00
3C00
3C00
3C00
3C00
3C00
3C00
3C00
3C00
3C00
3C00
3C00
3C00
3C00
3C00
3C00
3C00
3C00
3C00
3C00
3C00
3C00
3C00
3C00
3C00
3C00
3C00
3C00
3C00
3C00
3C00
3C00
3C00
3C00
3C00
3C00
3C00
3C00
3C00
3C00
3C00
3C00
3C00
3C00
3C00
3C00
3C00
3C00
3C00
3C00
3C00
3C00
3C00
3C00
3C00
3C00
3C00
3C00
3C00
3C00
3C00
3C00
3C00
3C00
3C00
3C00
3C00
3C00
3C00
3C00
3C00
3C00
3C00
3C00
3C00
3C00
3C00
3C00
3C00
3C00
3C00
3C00
3C00
3C00
3C00
3C00
3C00
3C00
3C00
3C00
3C00
3C00
3C00
3C00
3C00
3C00
3C00
3C00
3C00
3C00
3C00
3C00
3C00
3C00
3C00
3C00
3C00
3C00
3C00
3C00
3C00
3C00
3C00
3C00
3C00
3C00
3C00
3C00
3C00
3C00
3C00
3C00
3C00
3C00
3C00
3C00
3C00
3C00
3C00
3C00
3C00
3C00
3C00
3C00
3C00
3C00
3C00
3C00
3C00
3C00
3C00
3C00
3C00
3C00
3C00
3C00
3C00
3C00
3C00
3C00
3C00
3C00
3C00
3C00
3C00
3C00
3C00
3C00
3C00
3C00
3C00
3C00
3C00
3C00
3C00
3C00
3C00
3C00
3C00
3C00
3C00
3C00
3C00
3C00
3C00
3C00
3C00
3C00
3C00
3C00
3C00
3C00
3C00
3C00
3C00
3C00
3C00
3C00
3C00
3C00
3C00
3C00
3C00
3C00
3C00
3C00
3C00
3C00
3C00
3C00
3C00
3C00
3C00
3C00
3C00
3C00
3C00
3C00
3C00
3C00
3C00
3C00
3C00
3C00
3C00
3C00
3C00
3C00
3C00
3C00
3C00
3C00
3C00
3C00
3C00
3C00
3C00
3C00
3C00
3C00
3C00
3C00
3C00
3C00
3C00
3C00
3C00
3C00
3C00
3C00
3C00
3C00
3C00
3C00
3C00
3C00
3C00
3C00
3C00
3C00
3C00
3C00
3C00
3C00
3C00
3C00
3C00
3C00
3C00
3C00
3C00
3C00
3C00
3C00
3C00
3C00
3C00
3C00
3C00
3C00
3C00
3C00
3C00
3C00
3C00
3C00
3C00
3C00
3C00
3C00
3C00
3C00
3C00
3C00
3C00
3C00
3C00
3C00
3C00
3C00
3C00
3C00
3C00
3C00
3C00
3C00
3C00
3C00
3C00
3C00
3C00
3C00
3C00
3C00
3C00
3C00
3C00
3C00
3C00
3C00
3C00
3C00
3C00
3C00
3C00
3C00
3C00
3C00
3C00
3C00
3C00
3C00
3C00
3C00
3C00
3C00
3C00
3C00
3C00
3C00
3C00
3C00
3C00
3C00
3C00
3C00
3C00
3C00
3C00
3C00
3C00
3C00
3C00
3C00
3C00
3C00
3C00
3C00
3C00
3C00
3C00
3C00
3C00
3C00
3C00
3C00
3C00
3C00
3C00
3C00
3C00
3C00
3C00
3C00
3C00
3C00
3C00
3C00
3C00
3C00
3C00
3C00
3C00
3C00
3C00
3C00
3C00
3C00
3C00
3C00
3C00
3C00
3C00
3C00
3C00
3C00
3C00
3C00
3C00
3C00
3C00
3C00
3C00
3C00
3C00
3C00
3C00
3C00
3C00
3C00
3C00
3C00
3C00
3C00
3C00
3C00
3C00
3C00
3C00
3C00
3C00
3C00
3C00
3C00
3C00
3C00
3C00
3C00
3C00
3C00
3C00
3C00
3C00
3C00
3C00
3C00
3C00
3C00
3C00
3C00
3C00
3C00
3C00
3C00
3C00
3C00
3C00
3C00
3C00
3C00
3C00
3C00
3C00
3C00
3C00
3C00
3C00
3C00
3C00
3C00
3C00
3C00
3C00
3C00
3C00
3C00
3C00
3C00
3C00
3C00
3C00
3C00
3C00
3C00
3C00
3C00
3C00
3C00
3C00
3C00
3C00
3C00
3C00
3C00
3C00
3C00
3C00
3C00
3C00
3C00
3C00
3C00
3C00
3C00
3C00
3C00
3C00
3C00
3C00
3C00
3C00
3C00
3C00
3C00
3C00
3C00
3C00
3C00
3C00
3C00
3C00
3C00
3C00
3C00
3C00
3C00
3C00
3C00
3C00
3C00
3C00
3C00
3C00
3C00
3C00
3C00
3C00
3C00
3C00
3C00
3C00
3C00
3C00
3C00
3C00
3C00
3C00
3C00
3C00
3C00
3C00
3C00
3C00
3C00
3C00
3C00
3C00
3C00
3C00
3C00
3C00
3C00
3C00
3C00
3C00
3C00
3C00
3C00
3C00
3C00
3C00
3C00
3C00
3C00
3C00
3C00
3C00
3C00
3C00
3C00
3C00
3C00
3C00
3C00
3C00
3C00
3C00
3C00
3C00
3C00
3C00
3C00
3C00
3C00
3C00
3C00
3C00
3C00
3C00
3C00
3C00
3C00
3C00
3C00
3C00
3C00
3C00
3C00
3C00
3C00
3C00
3C00
3C00
3C00
3C00
3C00
3C00
3C00
3C00
3C00
3C00
3C00
3C00
3C00
3C00
3C00
3C00
3C00
3C00
3C00
3C00
3C00
3C00
3C00
3C00
3C00
3C00
3C00
3C00
3C00
3C00
3C00
3C00
3C00
3C00
3C00
3C00
3C00
3C00
3C00
3C00
3C00
3C00
3C00
3C00
3C00
3C00
3C00
3C00
3C00
3C00
3C00
3C00
3C00
3C00
3C00
3C00
3C00
3C00
3C00
3C00
3C00
3C00
3C00
3C00
3C00
3C00
3C00
3C00
3C00
3C00
3C00
3C00
3C00
3C00
3C00
3C00
3C00
3C00
3C00
3C00
3C00
3C00
3C00
3C00
3C00
3C00
3C00
3C00
3C00
3C00
3C00
3C00
3C00
3C00
3C00
3C00
3C00
3C00
3C00
3C00
3C00
3C00
3C00
3C00
3C00
3C00
3C00
3C00
3C00
3C00
3C00
3C00
3C00
3C00
3C00
3C00
3C00
3C00
3C00
3C00
3C00
3C00
3C00
3C00
3C00
3C00
3C00
3C00
3C00
3C00
3C00
3C00
3C00
3C00
3C00
3C00
3C00
3C00
3C00
3C00
3C00
3C00
3C00
3C00
3C00
3C00
3C00
3C00
3C00
3C00
3C00
3C00
3C00
3C00
3C00
3C00
3C00
3C00
3C00
3C00
3C00
3C00
3C00
3C00
3C00
3C00
3C00
3C00
3C00
3C00
3C00
3C00
3C00
3C00
3C00
3C00
3C00
3C00
3C00
3C00
3C00
3C00
3C00
3C00
3C00
3C00
3C00
3C00
3C00
3C00
3C00
3C00
3C00
3C00
3C00
3C00
3C00
3C00
3C00
3C00
3C00
3C00
3C00
3C00
3C00
3C00
3C00
3C00
3C00
3C00
3C00
3C00
3C00
3C00
3C00
3C00
3C00
3C00
3C00
3C00
3C00
3C00
3C00
3C00
3C00
3C00
3C00
3C00
3C00
3C00
3C00
3C00
3C00
3C00
3C00
3C00
3C00
3C00
3C00
3C00
3C00
3C00
3C00
3C00
3C00
3C00
3C00
3C00
3C00
3C00
3C00
3C00
3C00
3C00
3C00
3C00
3C00
3C00
3C00
3C00
3C00
3C00
3C00
3C00
3C00
3C00
3C00
3C00
3C00
3C00
3C00
3C00
3C00
3C00
3C00
3C00
3C00
3C00
3C00
3C00
3C00
3C00
3C00
3C00
3C00
3C00
3C00
3C00
3C00
3C00
3C00
3C00
3C00
3C00
3C00
3C00
3C00
3C00
3C00
3C00
3C00
3C00
3C00
3C00
3C00
3C00
3C00
3C00
3C00
3C00
3C00
3C00
3C00
3C00
3C00
3C00
3C00
3C00
3C00
3C00
3C00
3C00
3C00
3C00
3C00
3C00
3C00
3C00
3C00
3C00
3C00
3C00
3C00
3C00
3C00
3C00
3C00
3C00
3C00
3C00
3C00
3C00
3C00
3C00
3C00
3C00
3C00
3C00
3C00
3C00
3C00
3C00
3C00
3C00
3C00
3C00
3C00
3C00
3C00
3C00
3C00
3C00
3C00
3C00
3C00
3C00
3C00
3C00
3C00
3C00
3C00
3C00
3C00
3C00
3C00
3C00
3C00
3C00
3C00
3C00
3C00
3C00
3C00
3C00
3C00
3C00
3C00
3C00
3C00
3C00
3C00
3C00
3C00
3C00
3C00
3C00
3C00
3C00
3C00
3C00
3C00
3C00
3C00
3C00
3C00
3C00
3C00
3C00
3C00
3C00
3C00
3C00
3C00
3C00
3C00
3C00
3C00
3C00
3C00
3C00
3C00
3C00
3C00
3C00
3C00
3C00
3C00
3C00
3C00
3C00
3C00
3C00
3C00
3C00
3C00
3C00
3C00
3C00
3C00
3C00
3C00
3C00
3C00
3C00
3C00
3C00
3C00
3C00
3C00
3C00
3C00
3C00
3C00
3C00
3C00
3C00
3C00
3C00
3C00
3C00
3C00
3C00
3C00
3C00
3C00
3C00
3C00
3C00
3C00
3C00
3C00
3C00
3C00
3C00
3C00
3C00
3C00
3C00
3C00
3C00
3C00
3C00
3C00
3C00
3C00
3C00
3C00
3C00
3C00
3C00
3C00
3C00
3C00
3C00
3C00
3C00
3C00
3C00
3C00
3C00
3C00
3C00
3C00
3C00
3C00
3C00
3C00
3C00
3C00
3C00
3C00
3C00
3C00
3C00
3C00
3C00
3C00
3C00
3C00
3C00
3C00
3C00
3C00
3C00
3C00
3C00
3C00
3C00
3C00
3C00
3C00
3C00
3C00
3C00
3C00
3C00
3C00
3C00
3C00
3C00
3C00
3C00
3C00
3C00
3C00
3C00
3C00
3C00
3C00
3C00
3C00
3C00
3C00
3C00
3C00
3C00
3C00
3C00
3C00
3C00
3C00
3C00
3C00
3C00
3C00
3C00
3C00
3C00
3C00
3C00
3C00
3C00
3C00
3C00
3C00
3C00
3C00
3C00
3C00
3C00
3C00
3C00
3C00
3C00
3C00
3C00
3C00
3C00
3C00
3C00
3C00
3C00
3C00
3C00
3C00
3C00
3C00
3C00
3C00
3C00
3C00
3C00
3C00
3C00
3C00
3C00
3C00
3C00
3C00
3C00
3C00
3C00
3C00
3C00
3C00
3C00
3C00
3C00
3C00
3C00
3C00
3C00
3C00
3C00
3C00
3C00
3C00
3C00
3C00
3C00
3C00
3C00
3C00
3C00
3C00
3C00
3C00
3C00
3C00
3C00
3C00
3C00
3C00
3C00
3C00
3C00
3C00
3C00
3C00
3C00
3C00
3C00
3C00
3C00
3C00
3C00
3C00
3C00
3C00
3C00
3C00
3C00
3C00
3C00
3C00
3C00
3C00
3C00
3C00
3C00
3C00
3C00
3C00
3C00
3C00
3C00
3C00
3C00
3C00
3C00
3C00
3C00
3C00
3C00
3C00
3C00
3C00
3C00
3C00
3C00
3C00
3C00
3C00
3C00
3C00
3C00
3C00
3C00
3C00
3C00
3C00
3C00
3C00
3C00
3C00
3C00
3C00
3C00
3C00
3C00
3C00
3C00
3C00
3C00
3C00
3C00
3C00
3C00
3C00
3C00
3C00
3C00
3C00
3C00
3C00
3C00
3C00
3C00
3C00
3C00
3C00
3C00
3C00
3C00
3C00
3C00
3C00
3C00
3C00
3C00
3C00
3C00
3C00
3C00
3C00
3C00
3C00
3C00
3C00
3C00
3C00
3C00
3C00
3C00
3C00
3C00
3C00
3C00
3C00
3C00
3C00
3C00
3C00
3C00
3C00
3C00
3C00
3C00
3C00
3C00
3C00
3C00
3C00
3C00
3C00
3C00
3C00
3C00
3C00
3C00
3C00
3C00
3C00
3C00
3C00
3C00
3C00
3C00
3C00
3C00
3C00
3C00
3C00
3C00
3C00
3C00
3C00
3C00
3C00
3C00
3C00
3C00
3C00
3C00
3C00
3C00
3C00
3C00
3C00
3C00
3C00
3C00
3C00
3C00
3C00
3C00
3C00
3C00
3C00
3C00
3C00
3C00
3C00
3C00
3C00
3C00
3C00
3C00
3C00
3C00
3C00
3C00
3C00
3C00
3C00
3C00
3C00
3C00
3C00
3C00
3C00
3C00
3C00
3C00
3C00
3C00
3C00
3C00
3C00
3C00
3C00
3C00
3C00
3C00
3C00
3C00
3C00
3C00
3C00
3C00
3C00
3C00
3C00
3C00
3C00
3C00
3C00
3C00
3C00
3C00
3C00
3C00
3C00
3C00
3C00
3C00
3C00
3C00
3C00
3C00
3C00
3C00
3C00
3C00
3C00
3C00
3C00
3C00
3C00
3C00
3C00
3C00
3C00
3C00
3C00
3C00
3C00
3C00
3C00
3C00
3C00
3C00
3C00
3C00
3C00
3C00
3C00
3C00
3C00
3C00
3C00
3C00
3C00
3C00
3C00
3C00
3C00
3C00
3C00
3C00
3C00
3C00
3C00
3C00
3C00
3C00
3C00
3C00
3C00
3C00
3C00
3C00
3C00
3C00
3C00
3C00
3C00
3C00
3C00
3C00
3C00
3C00
3C00
3C00
3C00
3C00
3C00
3C00
3C00
3C00
3C00
3C00
3C00
3C00
3C00
3C00
3C00
3C00
3C00
3C00
3C00
3C00
3C00
3C00
3C00
3C00
3C00
3C00
3C00
3C00
3C00
3C00
3C00
3C00
3C00
3C00
3C00
3C00
3C00
3C00
3C00
3C00
3C00
3C00
3C00
3C00
3C00
3C00
3C00
3C00
3C00
3C00
3C00
3C00
3C00
3C00
3C00
3C00
3C00
3C00
3C00
3C00
3C00
3C00
3C00
3C00
3C00
3C00
3C00
3C00
3C00
3C00
3C00
3C00
3C00
3C00
3C00
3C00
3C00
3C00
3C00
3C00
3C00
3C00
3C00
3C00
3C00
3C00
3C00
3C00
3C00
3C00
3C00
3C00
3C00
3C00
3C00
3C00
3C00
3C00
3C00
3C00
3C00
3C00
3C00
3C00
3C00
3C00
3C00
3C00
3C00
3C00
3C00
3C00
3C00
3C00
3C00
3C00
3C00
3C00
3C00
3C00
3C00
3C00
3C00
3C00
3C00
3C00
3C00
3C00
3C00
3C00
3C00
3C00
3C00
3C00
3C00
3C00
3C00
3C00
3C00
3C00
3C00
3C00
3C00
3C00
3C00
3C00
3C00
3C00
3C00
3C00
3C00
3C00
3C00
3C00
3C00
3C00
3C00
3C00
3C00
3C00
3C00
3C00
3C00
3C00
3C00
3C00
3C00
3C00
3C00
3C00
3C00
3C00
3C00
3C00
3C00
3C00
3C00
3C00
3C00
3C00
3C00
3C00
3C00
3C00
3C00
3C00
3C00
3C00
3C00
3C00
3C00
3C00
3C00
3C00
3C00
3C00
3C00
3C00
3C00
3C00
3C00
3C00
3C00
3C00
3C00
3C00
3C00
3C00
3C00
3C00
3C00
3C00
3C00
3C00
3C00
3C00
3C00
3C00
3C00
3C00
3C00
3C00
3C00
3C00
3C00
3C00
3C00
3C00
3C00
3C00
3C00
3C00
3C00
3C00
3C00
3C00
3C00
3C00
3C00
3C00
3C00
3C00
3C00
3C00
3C00
3C00
3C00
3C00
3C00
3C00
3C00
3C00
3C00
3C00
3C00
3C00
3C00
3C00
3C00
3C00
3C00
3C00
3C00
3C00
3C00
3C00
3C00
3C00
3C00
3C00
3C00
3C00
3C00
3C00
3C00
3C00
3C00
3C00
3C00
3C00
3C00
3C00
3C00
3C00
3C00
3C00
3C00
3C00
3C00
3C00
3C00
3C00
3C00
3C00
3C00
3C00
3C00
3C00
3C00
3C00
3C00
3C00
3C00
3C00
3C00
3C00
3C00
3C00
3C00
3C00
3C00
3C00
3C00
3C00
3C00
3C00
3C00
3C00
3C00
3C00
3C00
3C00
3C00
3C00
3C00
3C00
3C00
3C00
3C00
3C00
3C00
3C00
3C00
3C00
3C00
3C00
3C00
3C00
3C00
3C00
3C00
3C00
3C00
3C00
3C00
3C00
3C00
3C00
3C00
3C00
3C00
3C00
3C00
3C00
3C00
3C00
3C00
3C00
3C00
3C00
3C00
3C00
3C00
3C00
3C00
3C00
3C00
3C00
3C00
3C00
3C00
3C00
3C00
3C00
3C00
3C00
3C00
3C00
3C00
3C00
3C00
3C00
3C00
3C00
3C00
3C00
3C00
3C00
3C00
3C00
3C00
3C00
3C00
3C00
3C00
3C00
3C00
3C00
3C00
3C00
3C00
3C00
3C00
3C00
3C00
3C00
3C00
3C00
3C00
3C00
3C00
3C00
3C00
3C00
3C00
3C00
3C00
3C00
3C00
3C00
3C00
3C00
3C00
3C00
3C00
3C00
3C00
3C00
3C00
3C00
3C00
3C00
3C00
3C00
3C00
3C00
3C00
3C00
3C00
3C00
3C00
3C00
3C00
3C00
3C00
3C00
3C00
3C00
3C00
3C00
3C00
3C00
3C00
3C00
3C00
3C00
3C00
3C00
3C00
3C00
3C00
3C00
3C00
3C00
3C00
3C00
3C00
3C00
3C00
3C00
3C00
3C00
3C00
3C00
3C00
3C00
3C00
3C00
3C00
3C00
3C00
3C00
3C00
3C00
3C00
3C00
3C00
3C00
3C00
3C00
3C00
3C00
3C00
3C00
3C00
3C00
3C00
3C00
3C00
3C00
3C00
3C00
3C00
3C00
3C00
3C00
3C00
3C00
3C00
3C00
3C00
3C00
3C00
3C00
3C00
3C00
3C00
3C00
3C00
3C00
3C00
3C00
3C00
3C00
3C00
3C00
3C00
3C00
3C00
3C00
3C00
3C00
3C00
3C00
3C00
3C00
3C00
3C00
3C00
3C00
3C00
3C00
3C00
3C00
3C00
3C00
3C00
3C00
3C00
3C00
3C00
3C00
3C00
3C00
3C00
3C00
3C00
3C00
3C00
3C00
3C00
3C00
3C00
3C00
3C00
3C00
3C00
3C00
3C00
3C00
3C00
3C00
3C00
3C00
3C00
3C00
3C00
3C00
3C00
3C00
3C00
3C00
3C00
3C00
3C00
3C00
3C00
3C00
3C00
3C00
3C00
3C00
3C00
3C00
3C00
3C00
3C00
3C00
3C00
3C00
3C00
3C00
3C00
3C00
3C00
3C00
3C00
3C00
3C00
3C00
3C00
3C00
3C00
3C00
3C00
3C00
3C00
3C00
3C00
3C00
3C00
3C00
3C00
3C00
3C00
3C00
3C00
3C00
3C00
3C00
3C00
3C00
3C00
3C00
3C00
3C00
3C00
3C00
3C00
3C00
3C00
3C00
3C00
3C00
3C00
3C00
3C00
3C00
3C00
3C00
3C00
3C00
3C00
3C00
3C00
3C00
3C00
3C00
3C00
3C00
3C00
3C00
3C00
3C00
3C00
3C00
3C00
3C00
3C00
3C00
3C00
3C00
3C00
3C00
3C00
3C00
3C00
3C00
3C00
3C00
3C00
3C00
3C00
3C00
3C00
3C00
3C00
3C00
3C00
3C00
3C00
3C00
3C00
3C00
3C00
3C00
3C00
3C00
3C00
3C00
3C00
3C00
3C00
3C00
3C00
3C00
3C00
3C00
3C00
3C00
3C00
3C00
3C00
3C00
3C00
3C00
3C00
3C00
3C00
3C00
3C00
3C00
3C00
3C00
3C00
3C00
3C00
3C00
3C00
3C00
3C00
3C00
3C00
3C00
3C00
3C00
3C00
3C00
3C00
3C00
3C00
3C00
3C00
3C00
3C00
3C00
3C00
3C00
3C00
3C00
3C00
3C00
3C00
3C00
3C00
3C00
3C00
3C00
3C00
3C00
3C00
3C00
3C00
3C00
3C00
3C00
3C00
3C00
3C00
3C00
3C00
3C00
3C00
3C00
3C00
3C00
3C00
3C00
3C00
3C00
3C00
3C00
3C00
3C00
3C00
3C00
3C00
3C00
3C00
3C00
3C00
3C00
3C00
3C00
3C00
3C00
3C00
3C00
3C00
3C00
3C00
3C00
3C00
3C00
3C00
3C00
3C00
3C00
3C00
3C00
3C00
3C00
3C00
3C00
3C00
3C00
3C00
3C00
3C00
3C00
3C00
3C00
3C00
3C00
3C00
3C00
3C00
3C00
3C00
3C00
3C00
3C00
3C00
3C00
3C00
3C00
3C00
3C00
3C00
3C00
3C00
3C00
3C00
3C00
3C00
3C00
3C00
3C00
3C00
3C00
3C00
3C00
3C00
3C00
3C00
3C00
3C00
3C00
3C00
3C00
3C00
3C00
3C00
3C00
3C00
3C00
3C00
3C00
3C00
3C00
3C00
3C00
3C00
3C00
3C00
3C00
3C00
3C00
3C00
3C00
3C00
3C00
3C00
3C00
3C00
3C00
3C00
3C00
3C00
3C00
3C00
3C00
3C00
3C00
3C00
3C00
3C00
3C00
3C00
3C00
3C00
3C00
3C00
3C00
3C00
3C00
3C00
3C00
3C00
3C00
3C00
3C00
3C00
3C00
3C00
3C00
3C00
3C00
3C00
3C00
3C00
3C00
3C00
3C00
3C00
3C00
3C00
3C00
3C00
3C00
3C00
3C00
3C00
3C00
3C00
3C00
3C00
3C00
3C00
3C00
3C00
3C00
3C00
3C00
3C00
3C00
3C00
3C00
3C00
3C00
3C00
3C00
3C00
3C00
3C00
3C00
3C00
3C00
3C00
3C00
3C00
3C00
3C00
3C00
3C00
3C00
3C00
3C00
3C00
3C00
3C00
3C00
3C00
3C00
3C00
3C00
3C00
3C00
3C00
3C00
3C00
3C00
3C00
3C00
3C00
3C00
3C00
3C00
3C00
3C00
3C00
3C00
3C00
3C00
3C00
3C00
3C00
3C00
3C00
3C00
3C00
3C00
3C00
3C00
3C00
3C00
3C00
3C00
3C00
3C00
3C00
3C00
3C00
3C00
3C00
3C00
3C00
3C00
3C00
3C00
3C00
3C00
3C00
3C00
3C00
3C00
3C00
3C00
3C00
3C00
3C00
3C00
3C00
3C00
3C00
3C00
3C00
3C00
3C00
3C00
3C00
3C00
3C00
3C00
3C00
3C00
3C00
3C00
3C00
3C00
3C00
3C00
3C00
3C00
3C00
3C00
3C00
3C00
3C00
3C00
3C00
3C00
3C00
3C00
3C00
3C00
3C00
3C00
3C00
3C00
3C00
3C00
3C00
3C00
3C00
3C00
3C00
3C00
3C00
3C00
3C00
3C00
3C00
3C00
3C00
3C00
3C00
3C00
3C00
3C00
3C00
3C00
3C00
3C00
3C00
3C00
3C00
3C00
3C00
3C00
3C00
3C00
3C00
3C00
3C00
3C00
3C00
3C00
3C00
3C00
3C00
3C00
3C00
3C00
3C00
3C00
3C00
3C00
3C00
3C00
3C00
3C00
3C00
3C00
3C00
3C00
3C00
3C00
3C00
3C00
3C00
3C00
3C00
3C00
3C00
3C00
3C00
3C00
3C00
3C00
3C00
3C00
3C00
3C00
3C00
3C00
3C00
3C00
3C00
3C00
3C00
3C00
3C00
3C00
3C00
3C00
3C00
3C00
3C00
3C00
3C00
3C00
3C00
3C00
3C00
3C00
3C00
3C00
3C00
3C00
3C00
3C00
3C00
3C00
3C00
3C00
3C00
3C00
3C00
3C00
3C00
3C00
3C00
3C00
3C00
3C00
3C00
3C00
3C00
3C00
3C00
3C00
3C00
3C00
3C00
3C00
3C00
3C00
3C00
3C00
3C00
3C00
3C00
3C00
3C00
3C00
3C00
3C00
3C00
3C00
3C00
3C00
3C00
3C00
3C00
3C00
3C00
3C00
3C00
3C00
3C00
3C00
3C00
3C00
3C00
3C00
3C00
3C00
3C00
3C00
3C00
3C00
3C00
3C00
3C00
3C00
3C00
3C00
3C00
3C00
3C00
3C00
3C00
3C00
3C00
3C00
3C00
3C00
3C00
3C00
3C00
3C00
3C00
3C00
3C00
3C00
3C00
3C00
3C00
3C00
3C00
3C00
3C00
3C00
3C00
3C00
3C00
3C00
3C00
3C00
3C00
3C00
3C00
3C00
3C00
3C00
3C00
3C00
3C00
3C00
3C00
3C00
3C00
3C00
3C00
3C00
3C00
3C00
3C00
3C00
3C00
3C00
3C00
3C00
3C00
3C00
3C00
3C00
3C00
3C00
3C00
3C00
3C00
3C00
3C00
3C00
3C00
3C00
3C00
3C00
3C00
3C00
3C00
3C00
3C00
3C00
3C00
3C00
3C00
3C00
3C00
3C00
3C00
3C00
3C00
3C00
3C00
3C00
3C00
3C00
3C00
3C00
3C00
3C00
3C00
3C00
3C00
3C00
3C00
3C00
3C00
3C00
3C00
3C00
3C00
3C00
3C00
3C00
3C00
3C00
3C00
3C00
3C00
3C00
3C00
3C00
3C00
3C00
3C00
3C00
3C00
3C00
3C00
3C00
3C00
3C00
3C00
3C00
3C00
3C00
3C00
3C00
3C00
3C00
3C00
3C00
3C00
3C00
3C00
3C00
3C00
3C00
3C00
3C00
3C00
3C00
3C00
3C00
3C00
3C00
3C00
3C00
3C00
3C00
3C00
3C00
3C00
3C00
3C00
3C00
3C00
3C00
3C00
3C00
3C00
3C00
3C00
3C00
3C00
3C00
3C00
3C00
3C00
3C00
3C00
3C00
3C00
3C00
3C00
3C00
3C00
3C00
3C00
3C00
3C00
3C00
3C00
3C00
3C00
3C00
3C00
3C00
3C00
3C00
3C00
3C00
3C00
3C00
3C00
3C00
3C00
3C00
3C00
3C00
3C00
3C00
3C00
3C00
3C00
3C00
3C00
3C00
3C00
3C00
3C00
3C00
3C00
3C00
3C00
3C00
3C00
3C00
3C00
3C00
3C00
3C00
3C00
3C00
3C00
3C00
3C00
3C00
3C00
3C00
3C00
3C00
3C00
3C00
3C00
3C00
3C00
3C00
3C00
3C00
3C00
3C00
3C00
3C00
3C00
3C00
3C00
3C00
3C00
3C00
3C00
3C00
3C00
3C00
3C00
3C00
3C00
3C00
3C00
3C00
3C00
3C00
3C00
3C00
3C00
3C00
3C00
3C00
3C00
3C00
3C00
3C00
3C00
3C00
3C00
3C00
3C00
3C00
3C00
3C00
3C00
3C00
3C00
3C00
3C00
3C00
3C00
3C00
3C00
3C00
3C00
3C00
3C00
3C00
3C00
3C00
3C00
3C00
3C00
3C00
3C00
3C00
3C00
3C00
3C00
3C00
3C00
3C00
3C00
3C00
3C00
3C00
3C00
3C00
3C00
3C00
3C00
3C00
3C00
3C00
3C00
3C00
3C00
3C00
3C00
3C00
3C00
3C00
3C00
3C00
3C00
3C00
3C00
3C00
3C00
3C00
3C00
3C00
3C00
3C00
3C00
3C00
3C00
3C00
3C00
3C00
3C00
3C00
3C00
3C00
3C00
3C00
3C00
3C00
3C00
3C00
3C00
3C00
3C00
3C00
3C00
3C00
3C00
3C00
3C00
3C00
3C00
3C00
3C00
3C00
3C00
3C00
3C00
3C00
3C00
3C00
3C00
3C00
3C00
3C00
3C00
3C00
3C00
3C00
3C00
3C00
3C00
3C00
3C00
3C00
3C00
3C00
3C00
3C00
3C00
3C00
3C00
3C00
3C00
3C00
3C00
3C00
3C00
3C00
3C00
3C00
3C00
3C00
3C00
3C00
3C00
3C00
3C00
3C00
3C00
3C00
3C00
3C00
3C00
3C00
3C00
3C00
3C00
3C00
3C00
3C00
3C00
3C00
3C00
3C00
3C00
3C00
3C00
3C00
3C00
3C00
3C00
3C00
3C00
3C00
3C00
3C00
3C00
3C00
3C00
3C00
3C00
3C00
3C00
3C00
3C00
3C00
3C00
3C00
3C00
3C00
3C00
3C00
3C00
3C00
3C00
3C00
3C00
3C00
3C00
3C00
3C00
3C00
3C00
3C00
3C00
3C00
3C00
3C00
3C00
3C00
3C00
3C00
3C00
3C00
3C00
3C00
3C00
3C00
3C00
3C00
3C00
3C00
3C00
3C00
3C00
3C00
3C00
3C00
3C00
3C00
3C00
3C00
3C00
3C00
3C00
3C00
3C00
3C00
3C00
3C00
3C00
3C00
3C00
3C00
3C00
3C00
3C00
3C00
3C00
3C00
3C00
3C00
3C00
3C00
3C00
3C00
3C00
3C00
3C00
3C00
3C00
3C00
3C00
3C00
3C00
3C00
3C00
3C00
3C00
3C00
3C00
3C00
3C00
3C00
3C00
3C00
3C00
3C00
3C00
3C00
3C00
3C00
3C00
3C00
3C00
3C00
3C00
3C00
3C00
3C00
3C00
3C00
3C00
3C00
3C00
3C00
3C00
3C00
3C00
3C00
3C00
3C00
3C00
3C00
3C00
3C00
3C00
3C00
3C00
3C00
3C00
3C00
3C00
3C00
3C00
3C00
3C00
3C00
3C00
3C00
3C00
3C00
3C00
3C00
3C00
3C00
3C00
3C00
3C00
3C00
3C00
3C00
3C00
3C00
3C00
3C00
3C00
3C00
3C00
3C00
3C00
3C00
3C00
3C00
3C00
3C00
3C00
3C00
3C00
3C00
3C00
3C00
3C00
3C00
3C00
3C00
3C00
3C00
3C00
3C00
3C00
3C00
3C00
3C00
3C00
3C00
3C00
3C00
3C00
3C00
3C00
3C00
3C00
3C00
3C00
3C00
3C00
3C00
3C00
3C00
3C00
3C00
3C00
3C00
3C00
3C00
3C00
3C00
3C00
3C00
3C00
3C00
3C00
3C00
3C00
3C00
3C00
3C00
3C00
3C00
3C00
3C00
3C00
3C00
3C00
3C00
3C00
3C00
3C00
3C00
3C00
3C00
3C00
3C00
3C00
3C00
3C00
3C00
3C00
3C00
3C00
3C00
3C00
3C00
3C00
3C00
3C00
3C00
3C00
3C00
3C00
3C00
3C00
3C00
3C00
3C00
3C00
3C00
3C00
3C00
3C00
3C00
3C00
3C00
3C00
3C00
3C00
3C00
3C00
3C00
3C00
3C00
3C00
3C00
3C00
3C00
3C00
3C00
3C00
3C00
3C00
3C00
3C00
3C00
3C00
3C00
3C00
3C00
3C00
3C00
3C00
3C00
3C00
3C00
3C00
3C00
3C00
3C00
3C00
3C00
3C00
3C00
3C00
3C00
3C00
3C00
3C00
3C00
3C00
3C00
3C00
3C00
3C00
3C00
3C00
3C00
3C00
3C00
3C00
3C00
3C00
3C00
3C00
3C00
3C00
3C00
3C00
3C00
3C00
3C00
3C00
3C00
3C00
3C00
3C00
3C00
3C00
3C00
3C00
3C00
3C00
3C00
3C00
3C00
3C00
3C00
3C00
3C00
3C00
3C00
3C00
3C00
3C00
3C00
3C00
3C00
3C00
3C00
3C00
3C00
3C00
3C00
3C00
3C00
3C00
3C00
3C00
3C00
3C00
3C00
3C00
3C00
3C00
3C00
3C00
3C00
3C00
3C00
3C00
3C00
3C00
3C00
3C00
3C00
3C00
3C00
3C00
3C00
3C00
3C00
3C00
3C00
3C00
3C00
3C00
3C00
3C00
3C00
3C00
3C00
3C00
3C00
3C00
3C00
3C00
3C00
3C00
3C00
3C00
3C00
3C00
3C00
3C00
3C00
3C00
3C00
3C00
3C00
3C00
3C00
3C00
3C00
3C00
3C00
3C00
3C00
3C00
3C00
3C00
3C00
3C00
3C00
3C00
3C00
3C00
3C00
3C00
3C00
3C00
3C00
3C00
3C00
3C00
3C00
3C00
3C00
3C00
3C00
3C00
3C00
3C00
3C00
3C00
3C00
3C00
3C00
3C00
3C00
3C00
3C00
3C00
3C00
3C00
3C00
3C00
3C00
3C00
3C00
3C00
3C00
3C00
3C00
3C00
3C00
3C00
3C00
3C00
3C00
3C00
3C00
3C00
3C00
3C00
3C00
3C00
3C00
3C00
3C00
3C00
3C00
3C00
3C00
3C00
3C00
3C00
3C00
3C00
3C00
3C00
3C00
3C00
3C00
3C00
3C00
3C00
3C00
3C00
3C00
3C00
3C00
3C00
3C00
3C00
3C00
3C00
3C00
3C00
3C00
3C00
3C00
3C00
3C00
3C00
3C00
3C00
3C00
3C00
3C00
3C00
3C00
3C00
3C00
3C00
3C00
3C00
3C00
3C00
3C00
3C00
3C00
3C00
3C00
3C00
3C00
3C00
3C00
3C00
3C00
3C00
3C00
3C00
3C00
3C00
3C00
3C00
3C00
3C00
3C00
3C00
3C00
3C00
3C00
3C00
3C00
3C00
3C00
3C00
3C00
3C00
3C00
3C00
3C00
3C00
3C00
3C00
3C00
3C00
3C00
3C00
3C00
3C00
3C00
3C00
3C00
3C00
3C00
3C00
3C00
3C00
3C00
3C00
3C00
3C00
3C00
3C00
3C00
3C00
3C00
3C00
3C00
3C00
3C00
3C00
3C00
3C00
3C00
3C00
3C00
3C00
3C00
3C00
3C00
3C00
3C00
3C00
3C00
3C00
3C00
3C00
3C00
3C00
3C00
3C00
3C00
3C00
3C00
3C00
3C00
3C00
3C00
3C00
3C00
3C00
3C00
3C00
3C00
3C00
3C00
3C00
3C00
3C00
3C00
3C00
3C00
3C00
3C00
3C00
3C00
3C00
3C00
3C00
3C00
3C00
3C00
3C00
3C00
3C00
3C00
3C00
3C00
3C00
3C00
3C00
3C00
3C00
3C00
3C00
3C00
3C00
3C00
3C00
3C00
3C00
3C00
3C00
3C00
3C00
3C00
3C00
3C00
3C00
3C00
3C00
3C00
3C00
3C00
3C00
3C00
3C00
3C00
3C00
3C00
3C00
3C00
3C00
3C00
3C00
3C00
3C00
3C00
3C00
3C00
3C00
3C00
3C00
3C00
3C00
3C00
3C00
3C00
3C00
3C00
3C00
3C00
3C00
3C00
3C00
3C00
3C00
3C00
3C00
3C00
3C00
3C00
3C00
3C00
3C00
3C00
3C00
3C00
3C00
3C00
3C00
3C00
3C00
3C00
3C00
3C00
3C00
3C00
3C00
3C00
3C00
3C00
3C00
3C00
3C00
3C00
3C00
3C00
3C00
3C00
3C00
3C00
3C00
3C00
3C00
3C00
3C00
3C00
3C00
3C00
3C00
3C00
3C00
3C00
3C00
3C00
3C00
3C00
3C00
3C00
3C00
3C00
3C00
3C00
3C00
3C00
3C00
3C00
3C00
3C00
3C00
3C00
3C00
3C00
3C00
3C00
3C00
3C00
3C00
3C00
3C00
3C00
3C00
3C00
3C00
3C00
3C00
3C00
3C00
3C00
3C00
3C00
3C00
3C00
3C00
3C00
3C00
3C00
3C00
3C00
3C00
3C00
3C00
3C00
3C00
3C00
3C00
3C00
3C00
3C00
3C00
3C00
3C00
3C00
3C00
3C00
3C00
3C00
3C00
3C00
3C00
3C00
3C00
3C00
3C00
3C00
3C00
3C00
3C00
3C00
3C00
3C00
3C00
3C00
3C00
3C00
3C00
3C00
3C00
3C00
3C00
3C00
3C00
3C00
3C00
3C00
3C00
3C00
3C00
3C00
3C00
3C00
3C00
3C00
3C00
3C00
3C00
3C00
3C00
3C00
3C00
3C00
3C00
3C00
3C00
3C00
3C00
3C00
3C00
3C00
3C00
3C00
3C00
3C00
3C00
3C00
3C00
3C00
3C00
3C00
3C00
3C00
3C00
3C00
3C00
3C00
3C00
3C00
3C00
3C00
3C00
3C00
3C00
3C00
3C00
3C00
3C00
3C00
3C00
3C00
3C00
3C00
3C00
3C00
3C00
3C00
3C00
3C00
3C00
3C00
3C00
3C00
3C00
3C00
3C00
3C00
3C00
3C00
3C00
3C00
3C00
3C00
3C00
3C00
3C00
3C00
3C00
3C00
3C00
3C00
3C00
3C00
3C00
3C00
3C00
3C00
3C00
3C00
3C00
3C00
3C00
3C00
3C00
3C00
3C00
3C00
3C00
3C00
3C00
3C00
3C00
3C00
3C00
3C00
3C00
3C00
3C00
3C00
3C00
3C00
3C00
3C00
3C00
3C00
3C00
3C00
3C00
3C00
3C00
3C00
3C00
3C00
3C00
3C00
3C00
3C00
3C00
3C00
3C00
3C00
3C00
3C00
3C00
3C00
3C00
3C00
3C00
3C00
3C00
3C00
3C00
3C00
3C00
3C00
3C00
3C00
3C00
3C00
3C00
3C00
3C00
3C00
3C00
3C00
3C00
3C00
3C00
3C00
3C00
3C00
3C00
3C00
3C00
3C00
3C00
3C00
3C00
3C00
3C00
3C00
3C00
3C00
3C00
3C00
3C00
3C00
3C00
3C00
3C00
3C00
3C00
3C00
3C00
3C00
3C00
3C00
3C00
3C00
3C00
3C00
3C00
3C00
3C00
3C00
3C00
3C00
3C00
3C00
3C00
3C00
3C00
3C00
3C00
3C00
3C00
3C00
3C00
3C00
3C00
3C00
3C00
3C00
3C00
3C00
3C00
3C00
3C00
3C00
3C00
3C00
3C00
3C00
3C00
3C00
3C00
7E00
7E00
7E00
7E00
7E00
7E00
7E00
7E00
7E00
7E00
7E00
7E00
7E00
7E00
7E00
7E00
7E00
7E00
7E00
7E00
7E00
7E00
7E00
7E00
7E00
7E00
7E00
7E00
7E00
7E00
7E00
7E00
7E00
7E00
7E00
7E00
7E00
7E00
7E00
7E00
7E00
7E00
7E00
7E00
7E00
7E00
7E00
7E00
7E00
7E00
7E00
7E00
7E00
7E00
7E00
7E00
7E00
7E00
7E00
7E00
7E00
7E00
7E00
7E00
7E00
7E00
7E00
7E00
7E00
7E00
7E00
7E00
7E00
7E00
7E00
7E00
7E00
7E00
7E00
7E00
7E00
7E00
7E00
7E00
7E00
7E00
7E00
7E00
7E00
7E00
7E00
7E00
7E00
7E00
7E00
7E00
7E00
7E00
7E00
7E00
7E00
7E00
7E00
7E00
7E00
7E00
7E00
7E00
7E00
7E00
7E00
7E00
7E00
7E00
7E00
7E00
7E00
7E00
7E00
7E00
7E00
7E00
7E00
7E00
7E00
7E00
7E00
7E00
7E00
7E00
7E00
7E00
7E00
7E00
7E00
7E00
7E00
7E00
7E00
7E00
7E00
7E00
7E00
7E00
7E00
7E00
7E00
7E00
7E00
7E00
7E00
7E00
7E00
7E00
7E00
7E00
7E00
7E00
7E00
7E00
7E00
7E00
7E00
7E00
7E00
7E00
7E00
7E00
7E00
7E00
7E00
7E00
7E00
7E00
7E00
7E00
7E00
7E00
7E00
7E00
7E00
7E00
7E00
7E00
7E00
7E00
7E00
7E00
7E00
7E00
7E00
7E00
7E00
7E00
7E00
7E00
7E00
7E00
7E00
7E00
7E00
7E00
7E00
7E00
7E00
7E00
7E00
7E00
7E00
7E00
7E00
7E00
7E00
7E00
7E00
7E00
7E00
7E00
7E00
7E00
7E00
7E00
7E00
7E00
7E00
7E00
7E00
7E00
7E00
7E00
7E00
7E00
7E00
7E00
7E00
7E00
7E00
7E00
7E00
7E00
7E00
7E00
7E00
7E00
7E00
7E00
7E00
7E00
7E00
7E00
7E00
7E00
7E00
7E00
7E00
7E00
7E00
7E00
7E00
7E00
7E00
7E00
7E00
7E00
7E00
7E00
7E00
7E00
7E00
7E00
7E00
7E00
7E00
7E00
7E00
7E00
7E00
7E00
7E00
7E00
7E00
7E00
7E00
7E00
7E00
7E00
7E00
7E00
7E00
7E00
7E00
7E00
7E00
7E00
7E00
7E00
7E00
7E00
7E00
7E00
7E00
7E00
7E00
7E00
7E00
7E00
7E00
7E00
7E00
7E00
7E00
7E00
7E00
7E00
7E00
7E00
7E00
7E00
7E00
7E00
7E00
7E00
7E00
7E00
7E00
7E00
7E00
7E00
7E00
7E00
7E00
7E00
7E00
7E00
7E00
7E00
7E00
7E00
7E00
7E00
7E00
7E00
7E00
7E00
7E00
7E00
7E00
7E00
7E00
7E00
7E00
7E00
7E00
7E00
7E00
7E00
7E00
7E00
7E00
7E00
7E00
7E00
7E00
7E00
7E00
7E00
7E00
7E00
7E00
7E00
7E00
7E00
7E00
7E00
7E00
7E00
7E00
7E00
7E00
7E00
7E00
7E00
7E00
7E00
7E00
7E00
7E00
7E00
7E00
7E00
7E00
7E00
7E00
7E00
7E00
7E00
7E00
7E00
7E00
7E00
7E00
7E00
7E00
7E00
7E00
7E00
7E00
7E00
7E00
7E00
7E00
7E00
7E00
7E00
7E00
7E00
7E00
7E00
7E00
7E00
7E00
7E00
7E00
7E00
7E00
7E00
7E00
7E00
7E00
7E00
7E00
7E00
7E00
7E00
7E00
7E00
7E00
7E00
7E00
7E00
7E00
7E00
7E00
7E00
7E00
7E00
7E00
7E00
7E00
7E00
7E00
7E00
7E00
7E00
7E00
7E00
7E00
7E00
7E00
7E00
7E00
7E00
7E00
7E00
7E00
7E00
7E00
7E00
7E00
7E00
7E00
7E00
7E00
7E00
7E00
7E00
7E00
7E00
7E00
7E00
7E00
7E00
7E00
7E00
7E00
7E00
7E00
7E00
7E00
7E00
7E00
7E00
7E00
7E00
7E00
7E00
7E00
7E00
7E00
7E00
7E00
7E00
7E00
7E00
7E00
7E00
7E00
7E00
7E00
7E00
7E00
7E00
7E00
7E00
7E00
7E00
7E00
7E00
7E00
7E00
7E00
7E00
7E00
7E00
7E00
7E00
7E00
7E00
7E00
7E00
7E00
7E00
7E00
7E00
7E00
7E00
7E00
7E00
7E00
7E00
7E00
7E00
7E00
7E00
7E00
7E00
7E00
7E00
7E00
7E00
7E00
7E00
7E00
7E00
7E00
7E00
7E00
7E00
7E00
7E00
7E00
7E00
7E00
7E00
7E00
7E00
7E00
7E00
7E00
7E00
7E00
7E00
7E00
7E00
7E00
7E00
7E00
7E00
7E00
7E00
7E00
7E00
7E00
7E00
7E00
7E00
7E00
7E00
7E00
7E00
7E00
7E00
7E00
7E00
7E00
7E00
7E00
7E00
7E00
7E00
7E00
7E00
7E00
7E00
7E00
7E00
7E00
7E00
7E00
7E00
7E00
7E00
7E00
7E00
7E00
7E00
7E00
7E00
7E00
7E00
7E00
7E00
7E00
7E00
7E00
7E00
7E00
7E00
7E00
7E00
7E00
7E00
7E00
7E00
7E00
7E00
7E00
7E00
7E00
7E00
7E00
7E00
7E00
7E00
7E00
7E00
7E00
7E00
7E00
7E00
7E00
7E00
7E00
7E00
7E00
7E00
7E00
7E00
7E00
7E00
7E00
7E00
7E00
7E00
7E00
7E00
7E00
7E00
7E00
7E00
7E00
7E00
7E00
7E00
7E00
7E00
7E00
7E00
7E00
7E00
7E00
7E00
7E00
7E00
7E00
7E00
7E00
7E00
7E00
7E00
7E00
7E00
7E00
7E00
7E00
7E00
7E00
7E00
7E00
7E00
7E00
7E00
7E00
7E00
7E00
7E00
7E00
7E00
7E00
7E00
7E00
7E00
7E00
7E00
7E00
7E00
7E00
7E00
7E00
7E00
7E00
7E00
7E00
7E00
7E00
7E00
7E00
7E00
7E00
7E00
7E00
7E00
7E00
7E00
7E00
7E00
7E00
7E00
7E00
7E00
7E00
7E00
7E00
7E00
7E00
7E00
7E00
7E00
7E00
7E00
7E00
7E00
7E00
7E00
7E00
7E00
7E00
7E00
7E00
7E00
7E00
7E00
7E00
7E00
7E00
7E00
7E00
7E00
7E00
7E00
7E00
7E00
7E00
7E00
7E00
7E00
7E00
7E00
7E00
7E00
7E00
7E00
7E00
7E00
7E00
7E00
7E00
7E00
7E00
7E00
7E00
7E00
7E00
7E00
7E00
7E00
7E00
7E00
7E00
7E00
7E00
7E00
7E00
7E00
7E00
7E00
7E00
7E00
7E00
7E00
7E00
7E00
7E00
7E00
7E00
7E00
7E00
7E00
7E00
7E00
7E00
7E00
7E00
7E00
7E00
7E00
7E00
7E00
7E00
7E00
7E00
7E00
7E00
7E00
7E00
7E00
7E00
7E00
7E00
7E00
7E00
7E00
7E00
7E00
7E00
7E00
7E00
7E00
7E00
7E00
7E00
7E00
7E00
7E00
7E00
7E00
7E00
7E00
7E00
7E00
7E00
7E00
7E00
7E00
7E00
7E00
7E00
7E00
7E00
7E00
7E00
7E00
7E00
7E00
7E00
7E00
7E00
7E00
7E00
7E00
7E00
7E00
7E00
7E00
7E00
7E00
7E00
7E00
7E00
7E00
7E00
7E00
7E00
7E00
7E00
7E00
7E00
7E00
7E00
7E00
7E00
7E00
7E00
7E00
7E00
7E00
7E00
7E00
7E00
7E00
7E00
7E00
7E00
7E00
7E00
7E00
7E00
7E00
7E00
7E00
7E00
7E00
7E00
7E00
7E00
7E00
7E00
7E00
7E00
7E00
7E00
7E00
7E00
7E00
7E00
7E00
7E00
7E00
7E00
7E00
7E00
7E00
7E00
7E00
7E00
7E00
7E00
7E00
7E00
7E00
7E00
7E00
7E00
7E00
7E00
7E00
7E00
7E00
7E00
7E00
7E00
7E00
7E00
7E00
7E00
7E00
7E00
7E00
7E00
7E00
7E00
7E00
7E00
7E00
7E00
7E00
7E00
7E00
7E00
7E00
7E00
7E00
7E00
7E00
7E00
7E00
7E00
7E00
7E00
7E00
7E00
7E00
7E00
7E00
7E00
7E00
7E00
7E00
7E00
7E00
7E00
7E00
7E00
7E00
7E00
7E00
7E00
7E00
7E00
7E00
7E00
7E00
7E00
7E00
7E00
7E00
7E00
7E00
7E00
7E00
7E00
7E00
7E00
8000
8001
8002
8003
8004
8005
8006
8007
8008
8009
800A
800B
800C
800D
800E
800F
8010
8011
8012
8013
8014
8015
8016
8017
8018
8019
801A
801B
801C
801D
801E
801F
8020
8021
8022
8023
8024
8025
8026
8027
8028
8029
802A
802B
802C
802D
802E
802F
8030
8031
8032
8033
8034
8035
8036
8037
8038
8039
803A
803B
803C
803D
803E
803F
8040
8041
8042
8043
8044
8045
8046
8047
8048
8049
804A
804B
804C
804D
804E
804F
8050
8051
8052
8053
8054
8055
8056
8057
8058
8059
805A
805B
805C
805D
805E
805F
8060
8061
8062
8063
8064
8065
8066
8067
8068
8069
806A
806B
806C
806D
806E
806F
8070
8071
8072
8073
8074
8075
8076
8077
8078
8079
807A
807B
807C
807D
807E
807F
8080
8081
8082
8083
8084
8085
8086
8087
8088
8089
808A
808B
808C
808D
808E
808F
8090
8091
8092
8093
8094
8095
8096
8097
8098
8099
809A
809B
809C
809D
809E
809F
80A0
80A1
80A2
80A3
80A4
80A5
80A6
80A7
80A8
80A9
80AA
80AB
80AC
80AD
80AE
80AF
80B0
80B1
80B2
80B3
80B4
80B5
80B6
80B7
80B8
80B9
80BA
80BB
80BC
80BD
80BE
80BF
80C0
80C1
80C2
80C3
80C4
80C5
80C6
80C7
80C8
80C9
80CA
80CB
80CC
80CD
80CE
80CF
80D0
80D1
80D2
80D3
80D4
80D5
80D6
80D7
80D8
80D9
80DA
80DB
80DC
80DD
80DE
80DF
80E0
80E1
80E2
80E3
80E4
80E5
80E6
80E7
80E8
80E9
80EA
80EB
80EC
80ED
80EE
80EF
80F0
80F1
80F2
80F3
80F4
80F5
80F6
80F7
80F8
80F9
80FA
80FB
80FC
80FD
80FE
80FF
8100
8101
8102
8103
8104
8105
8106
8107
8108
8109
810A
810B
810C
810D
810E
810F
8110
8111
8112
8113
8114
8115
8116
8117
8118
8119
811A
811B
811C
811D
811E
811F
8120
8121
8122
8123
8124
8125
8126
8127
8128
8129
812A
812B
812C
812D
812E
812F
8130
8131
8132
8133
8134
8135
8136
8137
8138
8139
813A
813B
813C
813D
813E
813F
8140
8141
8142
8143
8144
8145
8146
8147
8148
8149
814A
814B
814C
814D
814E
814F
8150
8151
8152
8153
8154
8155
8156
8157
8158
8159
815A
815B
815C
815D
815E
815F
8160
8161
8162
8163
8164
8165
8166
8167
8168
8169
816A
816B
816C
816D
816E
816F
8170
8171
8172
8173
8174
8175
8176
8177
8178
8179
817A
817B
817C
817D
817E
817F
8180
8181
8182
8183
8184
8185
8186
8187
8188
8189
818A
818B
818C
818D
818E
818F
8190
8191
8192
8193
8194
8195
8196
8197
8198
8199
819A
819B
819C
819D
819E
819F
81A0
81A1
81A2
81A3
81A4
81A5
81A6
81A7
81A8
81A9
81AA
81AB
81AC
81AD
81AE
81AF
81B0
81B1
81B2
81B3
81B4
81B5
81B6
81B7
81B8
81B9
81BA
81BB
81BC
81BD
81BE
81BF
81C0
81C1
81C2
81C3
81C4
81C5
81C6
81C7
81C8
81C9
81CA
81CB
81CC
81CD
81CE
81CF
81D0
81D1
81D2
81D3
81D4
81D5
81D6
81D7
81D8
81D9
81DA
81DB
81DC
81DD
81DE
81DF
81E0
81E1
81E2
81E3
81E4
81E5
81E6
81E7
81E8
81E9
81EA
81EB
81EC
81ED
81EE
81EF
81F0
81F1
81F2
81F3
81F4
81F5
81F6
81F7
81F8
81F9
81FA
81FB
81FC
81FD
81FE
81FF
8200
8201
8202
8203
8204
8205
8206
8207
8208
8209
820A
820B
820C
820D
820E
820F
8210
8211
8212
8213
8214
8215
8216
8217
8218
8219
821A
821B
821C
821D
821E
821F
8220
8221
8222
8223
8224
8225
8226
8227
8228
8229
822A
822B
822C
822D
822E
822F
8230
8231
8232
8233
8234
8235
8236
8237
8238
8239
823A
823B
823C
823D
823E
823F
8240
8241
8242
8243
8244
8245
8246
8247
8248
8249
824A
824B
824C
824D
824E
824F
8250
8251
8252
8253
8254
8255
8256
8257
8258
8259
825A
825B
825C
825D
825E
825F
8260
8261
8262
8263
8264
8265
8266
8267
8268
8269
826A
826B
826C
826D
826E
826F
8270
8271
8272
8273
8274
8275
8276
8277
8278
8279
827A
827B
827C
827D
827E
827F
8280
8281
8282
8283
8284
8285
8286
8287
8288
8289
828A
828B
828C
828D
828E
828F
8290
8291
8292
8293
8294
8295
8296
8297
8298
8299
829A
829B
829C
829D
829E
829F
82A0
82A1
82A2
82A3
82A4
82A5
82A6
82A7
82A8
82A9
82AA
82AB
82AC
82AD
82AE
82AF
82B0
82B1
82B2
82B3
82B4
82B5
82B6
82B7
82B8
82B9
82BA
82BB
82BC
82BD
82BE
82BF
82C0
82C1
82C2
82C3
82C4
82C5
82C6
82C7
82C8
82C9
82CA
82CB
82CC
82CD
82CE
82CF
82D0
82D1
82D2
82D3
82D4
82D5
82D6
82D7
82D8
82D9
82DA
82DB
82DC
82DD
82DE
82DF
82E0
82E1
82E2
82E3
82E4
82E5
82E6
82E7
82E8
82E9
82EA
82EB
82EC
82ED
82EE
82EF
82F0
82F1
82F2
82F3
82F4
82F5
82F6
82F7
82F8
82F9
82FA
82FB
82FC
82FD
82FE
82FF
8300
8301
8302
8303
8304
8305
8306
8307
8308
8309
830A
830B
830C
830D
830E
830F
8310
8311
8312
8313
8314
8315
8316
8317
8318
8319
831A
831B
831C
831D
831E
831F
8320
8321
8322
8323
8324
8325
8326
8327
8328
8329
832A
832B
832C
832D
832E
832F
8330
8331
8332
8333
8334
8335
8336
8337
8338
8339
833A
833B
833C
833D
833E
833F
8340
8341
8342
8343
8344
8345
8346
8347
8348
8349
834A
834B
834C
834D
834E
834F
8350
8351
8352
8353
8354
8355
8356
8357
8358
8359
835A
835B
835C
835D
835E
835F
8360
8361
8362
8363
8364
8365
8366
8367
8368
8369
836A
836B
836C
836D
836E
836F
8370
8371
8372
8373
8374
8375
8376
8377
8378
8379
837A
837B
837C
837D
837E
837F
8380
8381
8382
8383
8384
8385
8386
8387
8388
8389
838A
838B
838C
838D
838E
838F
8390
8391
8392
8393
8394
8395
8396
8397
8398
8399
839A
839B
839C
839D
839E
839F
83A0
83A1
83A2
83A3
83A4
83A5
83A6
83A7
83A8
83A9
83AA
83AB
83AC
83AD
83AE
83AF
83B0
83B1
83B2
83B3
83B4
83B5
83B6
83B7
83B8
83B9
83BA
83BB
83BC
83BD
83BE
83BF
83C0
83C1
83C2
83C3
83C4
83C5
83C6
83C7
83C8
83C9
83CA
83CB
83CC
83CD
83CE
83CF
83D0
83D1
83D2
83D3
83D4
83D5
83D6
83D7
83D8
83D9
83DA
83DB
83DC
83DD
83DE
83DF
83E0
83E1
83E2
83E3
83E4
83E5
83E6
83E7
83E8
83E9
83EA
83EB
83EC
83ED
83EE
83EF
83F0
83F1
83F2
83F3
83F4
83F5
83F6
83F7
83F8
83F9
83FA
83FB
83FC
83FD
83FE
83FF
8400
8401
8402
8403
8404
8405
8406
8407
8408
8409
840A
840B
840C
840D
840E
840F
8410
8411
8412
8413
8414
8415
8416
8417
8418
8419
841A
841B
841C
841D
841E
841F
8420
8421
8422
8423
8424
8425
8426
8427
8428
8429
842A
842B
842C
842D
842E
842F
8430
8431
8432
8433
8434
8435
8436
8437
8438
8439
843A
843B
843C
843D
843E
843F
8440
8441
8442
8443
8444
8445
8446
8447
8448
8449
844A
844B
844C
844D
844E
844F
8450
8451
8452
8453
8454
8455
8456
8457
8458
8459
845A
845B
845C
845D
845E
845F
8460
8461
8462
8463
8464
8465
8466
8467
8468
8469
846A
846B
846C
846D
846E
846F
8470
8471
8472
8473
8474
8475
8476
8477
8478
8479
847A
847B
847C
847D
847E
847F
8480
8481
8482
8483
8484
8485
8486
8487
8488
8489
848A
848B
848C
848D
848E
848F
8490
8491
8492
8493
8494
8495
8496
8497
8498
8499
849A
849B
849C
849D
849E
849F
84A0
84A1
84A2
84A3
84A4
84A5
84A6
84A7
84A8
84A9
84AA
84AB
84AC
84AD
84AE
84AF
84B0
84B1
84B2
84B3
84B4
84B5
84B6
84B7
84B8
84B9
84BA
84BB
84BC
84BD
84BE
84BF
84C0
84C1
84C2
84C3
84C4
84C5
84C6
84C7
84C8
84C9
84CA
84CB
84CC
84CD
84CE
84CF
84D0
84D1
84D2
84D3
84D4
84D5
84D6
84D7
84D8
84D9
84DA
84DB
84DC
84DD
84DE
84DF
84E0
84E1
84E2
84E3
84E4
84E5
84E6
84E7
84E8
84E9
84EA
84EB
84EC
84ED
84EE
84EF
84F0
84F1
84F2
84F3
84F4
84F5
84F6
84F7
84F8
84F9
84FA
84FB
84FC
84FD
84FE
84FF
8500
8501
8502
8503
8504
8505
8506
8507
8508
8509
850A
850B
850C
850D
850E
850F
8510
8511
8512
8513
8514
8515
8516
8517
8518
8519
851A
851B
851C
851D
851E
851F
8520
8521
8522
8523
8524
8525
8526
8527
8528
8529
852A
852B
852C
852D
852E
852F
8530
8531
8532
8533
8534
8535
8536
8537
8538
8539
853A
853B
853C
853D
853E
853F
8540
8541
8542
8543
8544
8545
8546
8547
8548
8549
854A
854B
854C
854D
854E
854F
8550
8551
8552
8553
8554
8555
8556
8557
8558
8559
855A
855B
855C
855D
855E
855F
8560
8561
8562
8563
8564
8565
8566
8567
8568
8569
856A
856B
856C
856D
856E
856F
8570
8571
8572
8573
8574
8575
8576
8577
8578
8579
857A
857B
857C
857D
857E
857F
8580
8581
8582
8583
8584
8585
8586
8587
8588
8589
858A
858B
858C
858D
858E
858F
8590
8591
8592
8593
8594
8595
8596
8597
8598
8599
859A
859B
859C
859D
859E
859F
85A0
85A1
85A2
85A3
85A4
85A5
85A6
85A7
85A8
85A9
85AA
85AB
85AC
85AD
85AE
85AF
85B0
85B1
85B2
85B3
85B4
85B5
85B6
85B7
85B8
85B9
85BA
85BB
85BC
85BD
85BE
85BF
85C0
85C1
85C2
85C3
85C4
85C5
85C6
85C7
85C8
85C9
85CA
85CB
85CC
85CD
85CE
85CF
85D0
85D1
85D2
85D3
85D4
85D5
85D6
85D7
85D8
85D9
85DA
85DB
85DC
85DD
85DE
85DF
85E0
85E1
85E2
85E3
85E4
85E5
85E6
85E7
85E8
85E9
85EA
85EB
85EC
85ED
85EE
85EF
85F0
85F1
85F2
85F3
85F4
85F5
85F6
85F7
85F8
85F9
85FA
85FB
85FC
85FD
85FE
85FF
8600
8601
8602
8603
8604
8605
8606
8607
8608
8609
860A
860B
860C
860D
860E
860F
8610
8611
8612
8613
8614
8615
8616
8617
8618
8619
861A
861B
861C
861D
861E
861F
8620
8621
8622
8623
8624
8625
8626
8627
8628
8629
862A
862B
862C
862D
862E
862F
8630
8631
8632
8633
8634
8635
8636
8637
8638
8639
863A
863B
863C
863D
863E
863F
8640
8641
8642
8643
8644
8645
8646
8647
8648
8649
864A
864B
864C
864D
864E
864F
8650
8651
8652
8653
8654
8655
8656
8657
8658
8659
865A
865B
865C
865D
865E
865F
8660
8661
8662
8663
8664
8665
8666
8667
8668
8669
866A
866B
866C
866D
866E
866F
8670
8671
8672
8673
8674
8675
8676
8677
8678
8679
867A
867B
867C
867D
867E
867F
8680
8681
8682
8683
8684
8685
8686
8687
8688
8689
868A
868B
868C
868D
868E
868F
8690
8691
8692
8693
8694
8695
8696
8697
8698
8699
869A
869B
869C
869D
869E
869F
86A0
86A1
86A2
86A3
86A4
86A5
86A6
86A7
86A8
86A9
86AA
86AB
86AC
86AD
86AE
86AF
86B0
86B1
86B2
86B3
86B4
86B5
86B6
86B7
86B8
86B9
86BA
86BB
86BC
86BD
86BE
86BF
86C0
86C1
86C2
86C3
86C4
86C5
86C6
86C7
86C8
86C9
86CA
86CB
86CC
86CD
86CE
86CF
86D0
86D1
86D2
86D3
86D4
86D5
86D6
86D7
86D8
86D9
86DA
86DB
86DC
86DD
86DE
86DF
86E0
86E1
86E2
86E3
86E4
86E5
86E6
86E7
86E8
86E9
86EA
86EB
86EC
86ED
86EE
86EF
86F0
86F1
86F2
86F3
86F4
86F5
86F6
86F7
86F8
86F9
86FA
86FB
86FC
86FD
86FE
86FF
8700
8701
8702
8703
8704
8705
8706
8707
8708
8709
870A
870B
870C
870D
870E
870F
8710
8711
8712
8713
8714
8715
8716
8717
8718
8719
871A
871B
871C
871D
871E
871F
8720
8721
8722
8723
8724
8725
8726
8727
8728
8729
872A
872B
872C
872D
872E
872F
8730
8731
8732
8733
8734
8735
8736
8737
8738
8739
873A
873B
873C
873D
873E
873F
8740
8741
8742
8743
8744
8745
8746
8747
8748
8749
874A
874B
874C
874D
874E
874F
8750
8751
8752
8753
8754
8755
8756
8757
8758
8759
875A
875B
875C
875D
875E
875F
8760
8761
8762
8763
8764
8765
8766
8767
8768
8769
876A
876B
876C
876D
876E
876F
8770
8771
8772
8773
8774
8775
8776
8777
8778
8779
877A
877B
877C
877D
877E
877F
8780
8781
8782
8783
8784
8785
8786
8787
8788
8789
878A
878B
878C
878D
878E
878F
8790
8791
8792
8793
8794
8795
8796
8797
8798
8799
879A
879B
879C
879D
879E
879F
87A0
87A1
87A2
87A3
87A4
87A5
87A6
87A7
87A8
87A9
87AA
87AB
87AC
87AD
87AE
87AF
87B0
87B1
87B2
87B3
87B4
87B5
87B6
87B7
87B8
87B9
87BA
87BB
87BC
87BD
87BE
87BF
87C0
87C1
87C2
87C3
87C4
87C5
87C6
87C7
87C8
87C9
87CA
87CB
87CC
87CD
87CE
87CF
87D0
87D1
87D2
87D3
87D4
87D5
87D6
87D7
87D8
87D9
87DA
87DB
87DC
87DD
87DE
87DF
87E0
87E1
87E2
87E3
87E4
87E5
87E6
87E7
87E8
87E9
87EA
87EB
87EC
87ED
87EE
87EF
87F0
87F1
87F2
87F3
87F4
87F5
87F6
87F7
87F8
87F9
87FA
87FB
87FC
87FD
87FE
87FF
8800
8801
8802
8803
8804
8805
8806
8807
8808
8809
880A
880B
880C
880D
880E
880F
8810
8811
8812
8813
8814
8815
8816
8817
8818
8819
881A
881B
881C
881D
881E
881F
8820
8821
8822
8823
8824
8825
8826
8827
8828
8829
882A
882B
882C
882D
882E
882F
8830
8831
8832
8833
8834
8835
8836
8837
8838
8839
883A
883B
883C
883D
883E
883F
8840
8841
8842
8843
8844
8845
8846
8847
8848
8849
884A
884B
884C
884D
884E
884F
8850
8851
8852
8853
8854
8855
8856
8857
8858
8859
885A
885B
885C
885D
885E
885F
8860
8861
8862
8863
8864
8865
8866
8867
8868
8869
886A
886B
886C
886D
886E
886F
8870
8871
8872
8873
8874
8875
8876
8877
8878
8879
887A
887B
887C
887D
887E
887F
8880
8881
8882
8883
8884
8885
8886
8887
8888
8889
888A
888B
888C
888D
888E
888F
8890
8891
8892
8893
8894
8895
8896
8897
8898
8899
889A
889B
889C
889D
889E
889F
88A0
88A1
88A2
88A3
88A4
88A5
88A6
88A7
88A8
88A9
88AA
88AB
88AC
88AD
88AE
88AF
88B0
88B1
88B2
88B3
88B4
88B5
88B6
88B7
88B8
88B9
88BA
88BB
88BC
88BD
88BE
88BF
88C0
88C1
88C2
88C3
88C4
88C5
88C6
88C7
88C8
88C9
88CA
88CB
88CC
88CD
88CE
88CF
88D0
88D1
88D2
88D3
88D4
88D5
88D6
88D7
88D8
88D9
88DA
88DB
88DC
88DD
88DE
88DF
88E0
88E1
88E2
88E3
88E4
88E5
88E6
88E7
88E8
88E9
88EA
88EB
88EC
88ED
88EE
88EF
88F0
88F1
88F2
88F3
88F4
88F5
88F6
88F7
88F8
88F9
88FA
88FB
88FC
88FD
88FE
88FF
8900
8901
8902
8903
8904
8905
8906
8907
8908
8909
890A
890B
890C
890D
890E
890F
8910
8911
8912
8913
8914
8915
8916
8917
8918
8919
891A
891B
891C
891D
891E
891F
8920
8921
8922
8923
8924
8925
8926
8927
8928
8929
892A
892B
892C
892D
892E
892F
8930
8931
8932
8933
8934
8935
8936
8937
8938
8939
893A
893B
893C
893D
893E
893F
8940
8941
8942
8943
8944
8945
8946
8947
8948
8949
894A
894B
894C
894D
894E
894F
8950
8951
8952
8953
8954
8955
8956
8957
8958
8959
895A
895B
895C
895D
895E
895F
8960
8961
8962
8963
8964
8965
8966
8967
8968
8969
896A
896B
896C
896D
896E
896F
8970
8971
8972
8973
8974
8975
8976
8977
8978
8979
897A
897B
897C
897D
897E
897F
8980
8981
8982
8983
8984
8985
8986
8987
8988
8989
898A
898B
898C
898D
898E
898F
8990
8991
8992
8993
8994
8995
8996
8997
8998
8999
899A
899B
899C
899D
899E
899F
89A0
89A1
89A2
89A3
89A4
89A5
89A6
89A7
89A8
89A9
89AA
89AB
89AC
89AD
89AE
89AF
89B0
89B1
89B2
89B3
89B4
89B5
89B6
89B7
89B8
89B9
89BA
89BB
89BC
89BD
89BE
89BF
89C0
89C1
89C2
89C3
89C4
89C5
89C6
89C7
89C8
89C9
89CA
89CB
89CC
89CD
89CE
89CF
89D0
89D1
89D2
89D3
89D4
89D5
89D6
89D7
89D8
89D9
89DA
89DB
89DC
89DD
89DE
89DF
89E0
89E1
89E2
89E3
89E4
89E5
89E6
89E7
89E8
89E9
89EA
89EB
89EC
89ED
89EE
89EF
89F0
89F1
89F2
89F3
89F4
89F5
89F6
89F7
89F8
89F9
89FA
89FB
89FC
89FD
89FE
89FF
8A00
8A01
8A02
8A03
8A04
8A05
8A06
8A07
8A08
8A09
8A0A
8A0B
8A0C
8A0D
8A0E
8A0F
8A10
8A11
8A12
8A13
8A14
8A15
8A16
8A17
8A18
8A19
8A1A
8A1B
8A1C
8A1D
8A1E
8A1F
8A20
8A21
8A22
8A23
8A24
8A25
8A26
8A27
8A28
8A29
8A2A
8A2B
8A2C
8A2D
8A2E
8A2F
8A30
8A31
8A32
8A33
8A34
8A35
8A36
8A37
8A38
8A39
8A3A
8A3B
8A3C
8A3D
8A3E
8A3F
8A40
8A41
8A42
8A43
8A44
8A45
8A46
8A47
8A48
8A49
8A4A
8A4B
8A4C
8A4D
8A4E
8A4F
8A50
8A51
8A52
8A53
8A54
8A55
8A56
8A57
8A58
8A59
8A5A
8A5B
8A5C
8A5D
8A5E
8A5F
8A60
8A61
8A62
8A63
8A64
8A65
8A66
8A67
8A68
8A69
8A6A
8A6B
8A6C
8A6D
8A6E
8A6F
8A70
8A71
8A72
8A73
8A74
8A75
8A76
8A77
8A78
8A79
8A7A
8A7B
8A7C
8A7D
8A7E
8A7F
8A80
8A81
8A82
8A83
8A84
8A85
8A86
8A87
8A88
8A89
8A8A
8A8B
8A8C
8A8D
8A8E
8A8F
8A90
8A91
8A92
8A93
8A94
8A95
8A96
8A97
8A98
8A99
8A9A
8A9B
8A9C
8A9D
8A9E
8A9F
8AA0
8AA1
8AA2
8AA3
8AA4
8AA5
8AA6
8AA7
8AA8
8AA9
8AAA
8AAB
8AAC
8AAD
8AAE
8AAF
8AB0
8AB1
8AB2
8AB3
8AB4
8AB5
8AB6
8AB7
8AB8
8AB9
8ABA
8ABB
8ABC
8ABD
8ABE
8ABF
8AC0
8AC1
8AC2
8AC3
8AC4
8AC5
8AC6
8AC7
8AC8
8AC9
8ACA
8ACB
8ACC
8ACD
8ACE
8ACF
8AD0
8AD1
8AD2
8AD3
8AD4
8AD5
8AD6
8AD7
8AD8
8AD9
8ADA
8ADB
8ADC
8ADD
8ADE
8ADF
8AE0
8AE1
8AE2
8AE3
8AE4
8AE5
8AE6
8AE7
8AE8
8AE9
8AEA
8AEB
8AEC
8AED
8AEE
8AEF
8AF0
8AF1
8AF2
8AF3
8AF4
8AF5
8AF6
8AF7
8AF8
8AF9
8AFA
8AFB
8AFC
8AFD
8AFE
8AFF
8B00
8B01
8B02
8B03
8B04
8B05
8B06
8B07
8B08
8B09
8B0A
8B0B
8B0C
8B0D
8B0E
8B0F
8B10
8B11
8B12
8B13
8B14
8B15
8B16
8B17
8B18
8B19
8B1A
8B1B
8B1C
8B1D
8B1E
8B1F
8B20
8B21
8B22
8B23
8B24
8B25
8B26
8B27
8B28
8B29
8B2A
8B2B
8B2C
8B2D
8B2E
8B2F
8B30
8B31
8B32
8B33
8B34
8B35
8B36
8B37
8B38
8B39
8B3A
8B3B
8B3C
8B3D
8B3E
8B3F
8B40
8B41
8B42
8B43
8B44
8B45
8B46
8B47
8B48
8B49
8B4A
8B4B
8B4C
8B4D
8B4E
8B4F
8B50
8B51
8B52
8B53
8B54
8B55
8B56
8B57
8B58
8B59
8B5A
8B5B
8B5C
8B5D
8B5E
8B5F
8B60
8B61
8B62
8B63
8B64
8B65
8B66
8B67
8B68
8B69
8B6A
8B6B
8B6C
8B6D
8B6E
8B6F
8B70
8B71
8B72
8B73
8B74
8B75
8B76
8B77
8B78
8B79
8B7A
8B7B
8B7C
8B7D
8B7E
8B7F
8B80
8B81
8B82
8B83
8B84
8B85
8B86
8B87
8B88
8B89
8B8A
8B8B
8B8C
8B8D
8B8E
8B8F
8B90
8B91
8B92
8B93
8B94
8B95
8B96
8B97
8B98
8B99
8B9A
8B9B
8B9C
8B9D
8B9E
8B9F
8BA0
8BA1
8BA2
8BA3
8BA4
8BA5
8BA6
8BA7
8BA8
8BA9
8BAA
8BAB
8BAC
8BAD
8BAE
8BAF
8BB0
8BB1
8BB2
8BB3
8BB4
8BB5
8BB6
8BB7
8BB8
8BB9
8BBA
8BBB
8BBC
8BBD
8BBE
8BBF
8BC0
8BC1
8BC2
8BC3
8BC4
8BC5
8BC6
8BC7
8BC8
8BC9
8BCA
8BCB
8BCC
8BCD
8BCE
8BCF
8BD0
8BD1
8BD2
8BD3
8BD4
8BD5
8BD6
8BD7
8BD8
8BD9
8BDA
8BDB
8BDC
8BDD
8BDE
8BDF
8BE0
8BE1
8BE2
8BE3
8BE4
8BE5
8BE6
8BE7
8BE8
8BE9
8BEA
8BEB
8BEC
8BED
8BEE
8BEF
8BF0
8BF1
8BF2
8BF3
8BF4
8BF5
8BF6
8BF7
8BF8
8BF9
8BFA
8BFB
8BFC
8BFD
8BFE
8BFF
8C00
8C01
8C02
8C03
8C04
8C05
8C06
8C07
8C08
8C09
8C0A
8C0B
8C0C
8C0D
8C0E
8C0F
8C10
8C11
8C12
8C13
8C14
8C15
8C16
8C17
8C18
8C19
8C1A
8C1B
8C1C
8C1D
8C1E
8C1F
8C20
8C21
8C22
8C23
8C24
8C25
8C26
8C27
8C28
8C29
8C2A
8C2B
8C2C
8C2D
8C2E
8C2F
8C30
8C31
8C32
8C33
8C34
8C35
8C36
8C37
8C38
8C39
8C3A
8C3B
8C3C
8C3D
8C3E
8C3F
8C40
8C41
8C42
8C43
8C44
8C45
8C46
8C47
8C48
8C49
8C4A
8C4B
8C4C
8C4D
8C4E
8C4F
8C50
8C51
8C52
8C53
8C54
8C55
8C56
8C57
8C58
8C59
8C5A
8C5B
8C5C
8C5D
8C5E
8C5F
8C60
8C61
8C62
8C63
8C64
8C65
8C66
8C67
8C68
8C69
8C6A
8C6B
8C6C
8C6D
8C6E
8C6F
8C70
8C71
8C72
8C73
8C74
8C75
8C76
8C77
8C78
8C79
8C7A
8C7B
8C7C
8C7D
8C7E
8C7F
8C80
8C81
8C82
8C83
8C84
8C85
8C86
8C87
8C88
8C89
8C8A
8C8B
8C8C
8C8D
8C8E
8C8F
8C90
8C91
8C92
8C93
8C94
8C95
8C96
8C97
8C98
8C99
8C9A
8C9B
8C9C
8C9D
8C9E
8C9F
8CA0
8CA1
8CA2
8CA3
8CA4
8CA5
8CA6
8CA7
8CA8
8CA9
8CAA
8CAB
8CAC
8CAD
8CAE
8CAF
8CB0
8CB1
8CB2
8CB3
8CB4
8CB5
8CB6
8CB7
8CB8
8CB9
8CBA
8CBB
8CBC
8CBD
8CBE
8CBF
8CC0
8CC1
8CC2
8CC3
8CC4
8CC5
8CC6
8CC7
8CC8
8CC9
8CCA
8CCB
8CCC
8CCD
8CCE
8CCF
8CD0
8CD1
8CD2
8CD3
8CD4
8CD5
8CD6
8CD7
8CD8
8CD9
8CDA
8CDB
8CDC
8CDD
8CDE
8CDF
8CE0
8CE1
8CE2
8CE3
8CE4
8CE5
8CE6
8CE7
8CE8
8CE9
8CEA
8CEB
8CEC
8CED
8CEE
8CEF
8CF0
8CF1
8CF2
8CF3
8CF4
8CF5
8CF6
8CF7
8CF8
8CF9
8CFA
8CFB
8CFC
8CFD
8CFE
8CFF
8D00
8D01
8D02
8D03
8D04
8D05
8D06
8D07
8D08
8D09
8D0A
8D0B
8D0C
8D0D
8D0E
8D0F
8D10
8D11
8D12
8D13
8D14
8D15
8D16
8D17
8D18
8D19
8D1A
8D1B
8D1C
8D1D
8D1E
8D1F
8D20
8D21
8D22
8D23
8D24
8D25
8D26
8D27
8D28
8D29
8D2A
8D2B
8D2C
8D2D
8D2E
8D2F
8D30
8D31
8D32
8D33
8D34
8D35
8D36
8D37
8D38
8D39
8D3A
8D3B
8D3C
8D3D
8D3E
8D3F
8D40
8D41
8D42
8D43
8D44
8D45
8D46
8D47
8D48
8D49
8D4A
8D4B
8D4C
8D4D
8D4E
8D4F
8D50
8D51
8D52
8D53
8D54
8D55
8D56
8D57
8D58
8D59
8D5A
8D5B
8D5C
8D5D
8D5E
8D5F
8D60
8D61
8D62
8D63
8D64
8D65
8D66
8D67
8D68
8D69
8D6A
8D6B
8D6C
8D6D
8D6E
8D6F
8D70
8D71
8D72
8D73
8D74
8D75
8D76
8D77
8D78
8D79
8D7A
8D7B
8D7C
8D7D
8D7E
8D7F
8D80
8D81
8D82
8D83
8D84
8D85
8D86
8D87
8D88
8D89
8D8A
8D8B
8D8C
8D8D
8D8E
8D8F
8D90
8D91
8D92
8D93
8D94
8D95
8D96
8D97
8D98
8D99
8D9A
8D9B
8D9C
8D9D
8D9E
8D9F
8DA0
8DA1
8DA2
8DA3
8DA4
8DA5
8DA6
8DA7
8DA8
8DA9
8DAA
8DAB
8DAC
8DAD
8DAE
8DAF
8DB0
8DB1
8DB2
8DB3
8DB4
8DB5
8DB6
8DB7
8DB8
8DB9
8DBA
8DBB
8DBC
8DBD
8DBE
8DBF
8DC0
8DC1
8DC2
8DC3
8DC4
8DC5
8DC6
8DC7
8DC8
8DC9
8DCA
8DCB
8DCC
8DCD
8DCE
8DCF
8DD0
8DD1
8DD2
8DD3
8DD4
8DD5
8DD6
8DD7
8DD8
8DD9
8DDA
8DDB
8DDC
8DDD
8DDE
8DDF
8DE0
8DE1
8DE2
8DE3
8DE4
8DE5
8DE6
8DE7
8DE8
8DE9
8DEA
8DEB
8DEC
8DED
8DEE
8DEF
8DF0
8DF1
8DF2
8DF3
8DF4
8DF5
8DF6
8DF7
8DF8
8DF9
8DFA
8DFB
8DFC
8DFD
8DFE
8DFF
8E00
8E01
8E02
8E03
8E04
8E05
8E06
8E07
8E08
8E09
8E0A
8E0B
8E0C
8E0D
8E0E
8E0F
8E10
8E11
8E12
8E13
8E14
8E15
8E16
8E17
8E18
8E19
8E1A
8E1B
8E1C
8E1D
8E1E
8E1F
8E20
8E21
8E22
8E23
8E24
8E25
8E26
8E27
8E28
8E29
8E2A
8E2B
8E2C
8E2D
8E2E
8E2F
8E30
8E31
8E32
8E33
8E34
8E35
8E36
8E37
8E38
8E39
8E3A
8E3B
8E3C
8E3D
8E3E
8E3F
8E40
8E41
8E42
8E43
8E44
8E45
8E46
8E47
8E48
8E49
8E4A
8E4B
8E4C
8E4D
8E4E
8E4F
8E50
8E51
8E52
8E53
8E54
8E55
8E56
8E57
8E58
8E59
8E5A
8E5B
8E5C
8E5D
8E5E
8E5F
8E60
8E61
8E62
8E63
8E64
8E65
8E66
8E67
8E68
8E69
8E6A
8E6B
8E6C
8E6D
8E6E
8E6F
8E70
8E71
8E72
8E73
8E74
8E75
8E76
8E77
8E78
8E79
8E7A
8E7B
8E7C
8E7D
8E7E
8E7F
8E80
8E81
8E82
8E83
8E84
8E85
8E86
8E87
8E88
8E89
8E8A
8E8B
8E8C
8E8D
8E8E
8E8F
8E90
8E91
8E92
8E93
8E94
8E95
8E96
8E97
8E98
8E99
8E9A
8E9B
8E9C
8E9D
8E9E
8E9F
8EA0
8EA1
8EA2
8EA3
8EA4
8EA5
8EA6
8EA7
8EA8
8EA9
8EAA
8EAB
8EAC
8EAD
8EAE
8EAF
8EB0
8EB1
8EB2
8EB3
8EB4
8EB5
8EB6
8EB7
8EB8
8EB9
8EBA
8EBB
8EBC
8EBD
8EBE
8EBF
8EC0
8EC1
8EC2
8EC3
8EC4
8EC5
8EC6
8EC7
8EC8
8EC9
8ECA
8ECB
8ECC
8ECD
8ECE
8ECF
8ED0
8ED1
8ED2
8ED3
8ED4
8ED5
8ED6
8ED7
8ED8
8ED9
8EDA
8EDB
8EDC
8EDD
8EDE
8EDF
8EE0
8EE1
8EE2
8EE3
8EE4
8EE5
8EE6
8EE7
8EE8
8EE9
8EEA
8EEB
8EEC
8EED
8EEE
8EEF
8EF0
8EF1
8EF2
8EF3
8EF4
8EF5
8EF6
8EF7
8EF8
8EF9
8EFA
8EFB
8EFC
8EFD
8EFE
8EFF
8F00
8F01
8F02
8F03
8F04
8F05
8F06
8F07
8F08
8F09
8F0A
8F0B
8F0C
8F0D
8F0E
8F0F
8F10
8F11
8F12
8F13
8F14
8F15
8F16
8F17
8F18
8F19
8F1A
8F1B
8F1C
8F1D
8F1E
8F1F
8F20
8F21
8F22
8F23
8F24
8F25
8F26
8F27
8F28
8F29
8F2A
8F2B
8F2C
8F2D
8F2E
8F2F
8F30
8F31
8F32
8F33
8F34
8F35
8F36
8F37
8F38
8F39
8F3A
8F3B
8F3C
8F3D
8F3E
8F3F
8F40
8F41
8F42
8F43
8F44
8F45
8F46
8F47
8F48
8F49
8F4A
8F4B
8F4C
8F4D
8F4E
8F4F
8F50
8F51
8F52
8F53
8F54
8F55
8F56
8F57
8F58
8F59
8F5A
8F5B
8F5C
8F5D
8F5E
8F5F
8F60
8F61
8F62
8F63
8F64
8F65
8F66
8F67
8F68
8F69
8F6A
8F6B
8F6C
8F6D
8F6E
8F6F
8F70
8F71
8F72
8F73
8F74
8F75
8F76
8F77
8F78
8F79
8F7A
8F7B
8F7C
8F7D
8F7E
8F7F
8F80
8F81
8F82
8F83
8F84
8F85
8F86
8F87
8F88
8F89
8F8A
8F8B
8F8C
8F8D
8F8E
8F8F
8F90
8F91
8F92
8F93
8F94
8F95
8F96
8F97
8F98
8F99
8F9A
8F9B
8F9C
8F9D
8F9E
8F9F
8FA0
8FA1
8FA2
8FA3
8FA4
8FA5
8FA6
8FA7
8FA8
8FA9
8FAA
8FAB
8FAC
8FAD
8FAE
8FAF
8FB0
8FB1
8FB2
8FB3
8FB4
8FB5
8FB6
8FB7
8FB8
8FB9
8FBA
8FBB
8FBC
8FBD
8FBE
8FBF
8FC0
8FC1
8FC2
8FC3
8FC4
8FC5
8FC6
8FC7
8FC8
8FC9
8FCA
8FCB
8FCC
8FCD
8FCE
8FCF
8FD0
8FD1
8FD2
8FD3
8FD4
8FD5
8FD6
8FD7
8FD8
8FD9
8FDA
8FDB
8FDC
8FDD
8FDE
8FDF
8FE0
8FE1
8FE2
8FE3
8FE4
8FE5
8FE6
8FE7
8FE8
8FE9
8FEA
8FEB
8FEC
8FED
8FEE
8FEF
8FF0
8FF1
8FF2
8FF3
8FF4
8FF5
8FF6
8FF7
8FF8
8FF9
8FFA
8FFB
8FFC
8FFD
8FFE
8FFF
9000
9001
9002
9003
9004
9005
9006
9007
9008
9009
900A
900B
900C
900D
900E
900F
9010
9011
9012
9013
9014
9015
9016
9017
9018
9019
901A
901B
901C
901D
901E
901F
9020
9021
9022
9023
9024
9025
9026
9027
9028
9029
902A
902B
902C
902D
902E
902F
9030
9031
9032
9033
9034
9035
9036
9037
9038
9039
903A
903B
903C
903D
903E
903F
9040
9041
9042
9043
9044
9045
9046
9047
9048
9049
904A
904B
904C
904D
904E
904F
9050
9051
9052
9053
9054
9055
9056
9057
9058
9059
905A
905B
905C
905D
905E
905F
9060
9061
9062
9063
9064
9065
9066
9067
9068
9069
906A
906B
906C
906D
906E
906F
9070
9071
9072
9073
9074
9075
9076
9077
9078
9079
907A
907B
907C
907D
907E
907F
9080
9081
9082
9083
9084
9085
9086
9087
9088
9089
908A
908B
908C
908D
908E
908F
9090
9091
9092
9093
9094
9095
9096
9097
9098
9099
909A
909B
909C
909D
909E
909F
90A0
90A1
90A2
90A3
90A4
90A5
90A6
90A7
90A8
90A9
90AA
90AB
90AC
90AD
90AE
90AF
90B0
90B1
90B2
90B3
90B4
90B5
90B6
90B7
90B8
90B9
90BA
90BB
90BC
90BD
90BE
90BF
90C0
90C1
90C2
90C3
90C4
90C5
90C6
90C7
90C8
90C9
90CA
90CB
90CC
90CD
90CE
90CF
90D0
90D1
90D2
90D3
90D4
90D5
90D6
90D7
90D8
90D9
90DA
90DB
90DC
90DD
90DE
90DF
90E0
90E1
90E2
90E3
90E4
90E5
90E6
90E7
90E8
90E9
90EA
90EB
90EC
90ED
90EE
90EF
90F0
90F1
90F2
90F3
90F4
90F5
90F6
90F7
90F8
90F9
90FA
90FB
90FC
90FD
90FE
90FF
9100
9101
9102
9103
9104
9105
9106
9107
9108
9109
910A
910B
910C
910D
910E
910F
9110
9111
9112
9113
9114
9115
9116
9117
9118
9119
911A
911B
911C
911D
911E
911F
9120
9121
9122
9123
9124
9125
9126
9127
9128
9129
912A
912B
912C
912D
912E
912F
9130
9131
9132
9133
9134
9135
9136
9137
9138
9139
913A
913B
913C
913D
913E
913F
9140
9141
9142
9143
9144
9145
9146
9147
9148
9149
914A
914B
914C
914D
914E
914F
9150
9151
9152
9153
9154
9155
9156
9157
9158
9159
915A
915B
915C
915D
915E
915F
9160
9161
9162
9163
9164
9165
9166
9167
9168
9169
916A
916B
916C
916D
916E
916F
9170
9171
9172
9173
9174
9175
9176
9177
9178
9179
917A
917B
917C
917D
917E
917F
9180
9181
9182
9183
9184
9185
9186
9187
9188
9189
918A
918B
918C
918D
918E
918F
9190
9191
9192
9193
9194
9195
9196
9197
9198
9199
919A
919B
919C
919D
919E
919F
91A0
91A1
91A2
91A3
91A4
91A5
91A6
91A7
91A8
91A9
91AA
91AB
91AC
91AD
91AE
91AF
91B0
91B1
91B2
91B3
91B4
91B5
91B6
91B7
91B8
91B9
91BA
91BB
91BC
91BD
91BE
91BF
91C0
91C1
91C2
91C3
91C4
91C5
91C6
91C7
91C8
91C9
91CA
91CB
91CC
91CD
91CE
91CF
91D0
91D1
91D2
91D3
91D4
91D5
91D6
91D7
91D8
91D9
91DA
91DB
91DC
91DD
91DE
91DF
91E0
91E1
91E2
91E3
91E4
91E5
91E6
91E7
91E8
91E9
91EA
91EB
91EC
91ED
91EE
91EF
91F0
91F1
91F2
91F3
91F4
91F5
91F6
91F7
91F8
91F9
91FA
91FB
91FC
91FD
91FE
91FF
9200
9201
9202
9203
9204
9205
9206
9207
9208
9209
920A
920B
920C
920D
920E
920F
9210
9211
9212
9213
9214
9215
9216
9217
9218
9219
921A
921B
921C
921D
921E
921F
9220
9221
9222
9223
9224
9225
9226
9227
9228
9229
922A
922B
922C
922D
922E
922F
9230
9231
9232
9233
9234
9235
9236
9237
9238
9239
923A
923B
923C
923D
923E
923F
9240
9241
9242
9243
9244
9245
9246
9247
9248
9249
924A
924B
924C
924D
924E
924F
9250
9251
9252
9253
9254
9255
9256
9257
9258
9259
925A
925B
925C
925D
925E
925F
9260
9261
9262
9263
9264
9265
9266
9267
9268
9269
926A
926B
926C
926D
926E
926F
9270
9271
9272
9273
9274
9275
9276
9277
9278
9279
927A
927B
927C
927D
927E
927F
9280
9281
9282
9283
9284
9285
9286
9287
9288
9289
928A
928B
928C
928D
928E
928F
9290
9291
9292
9293
9294
9295
9296
9297
9298
9299
929A
929B
929C
929D
929E
929F
92A0
92A1
92A2
92A3
92A4
92A5
92A6
92A7
92A8
92A9
92AA
92AB
92AC
92AD
92AE
92AF
92B0
92B1
92B2
92B3
92B4
92B5
92B6
92B7
92B8
92B9
92BA
92BB
92BC
92BD
92BE
92BF
92C0
92C1
92C2
92C3
92C4
92C5
92C6
92C7
92C8
92C9
92CA
92CB
92CC
92CD
92CE
92CF
92D0
92D1
92D2
92D3
92D4
92D5
92D6
92D7
92D8
92D9
92DA
92DB
92DC
92DD
92DE
92DF
92E0
92E1
92E2
92E3
92E4
92E5
92E6
92E7
92E8
92E9
92EA
92EB
92EC
92ED
92EE
92EF
92F0
92F1
92F2
92F3
92F4
92F5
92F6
92F7
92F8
92F9
92FA
92FB
92FC
92FD
92FE
92FF
9300
9301
9302
9303
9304
9305
9306
9307
9308
9309
930A
930B
930C
930D
930E
930F
9310
9311
9312
9313
9314
9315
9316
9317
9318
9319
931A
931B
931C
931D
931E
931F
9320
9321
9322
9323
9324
9325
9326
9327
9328
9329
932A
932B
932C
932D
932E
932F
9330
9331
9332
9333
9334
9335
9336
9337
9338
9339
933A
933B
933C
933D
933E
933F
9340
9341
9342
9343
9344
9345
9346
9347
9348
9349
934A
934B
934C
934D
934E
934F
9350
9351
9352
9353
9354
9355
9356
9357
9358
9359
935A
935B
935C
935D
935E
935F
9360
9361
9362
9363
9364
9365
9366
9367
9368
9369
936A
936B
936C
936D
936E
936F
9370
9371
9372
9373
9374
9375
9376
9377
9378
9379
937A
937B
937C
937D
937E
937F
9380
9381
9382
9383
9384
9385
9386
9387
9388
9389
938A
938B
938C
938D
938E
938F
9390
9391
9392
9393
9394
9395
9396
9397
9398
9399
939A
939B
939C
939D
939E
939F
93A0
93A1
93A2
93A3
93A4
93A5
93A6
93A7
93A8
93A9
93AA
93AB
93AC
93AD
93AE
93AF
93B0
93B1
93B2
93B3
93B4
93B5
93B6
93B7
93B8
93B9
93BA
93BB
93BC
93BD
93BE
93BF
93C0
93C1
93C2
93C3
93C4
93C5
93C6
93C7
93C8
93C9
93CA
93CB
93CC
93CD
93CE
93CF
93D0
93D1
93D2
93D3
93D4
93D5
93D6
93D7
93D8
93D9
93DA
93DB
93DC
93DD
93DE
93DF
93E0
93E1
93E2
93E3
93E4
93E5
93E6
93E7
93E8
93E9
93EA
93EB
93EC
93ED
93EE
93EF
93F0
93F1
93F2
93F3
93F4
93F5
93F6
93F7
93F8
93F9
93FA
93FB
93FC
93FD
93FE
93FF
9400
9401
9402
9403
9404
9405
9406
9407
9408
9409
940A
940B
940C
940D
940E
940F
9410
9411
9412
9413
9414
9415
9416
9417
9418
9419
941A
941B
941C
941D
941E
941F
9420
9421
9422
9423
9424
9425
9426
9427
9428
9429
942A
942B
942C
942D
942E
942F
9430
9431
9432
9433
9434
9435
9436
9437
9438
9439
943A
943B
943C
943D
943E
943F
9440
9441
9442
9443
9444
9445
9446
9447
9448
9449
944A
944B
944C
944D
944E
944F
9450
9451
9452
9453
9454
9455
9456
9457
9458
9459
945A
945B
945C
945D
945E
945F
9460
9461
9462
9463
9464
9465
9466
9467
9468
9469
946A
946B
946C
946D
946E
946F
9470
9471
9472
9473
9474
9475
9476
9477
9478
9479
947A
947B
947C
947D
947E
947F
9480
9481
9482
9483
9484
9485
9486
9487
9488
9489
948A
948B
948C
948D
948E
948F
9490
9491
9492
9493
9494
9495
9496
9497
9498
9499
949A
949B
949C
949D
949E
949F
94A0
94A1
94A2
94A3
94A4
94A5
94A6
94A7
94A8
94A9
94AA
94AB
94AC
94AD
94AE
94AF
94B0
94B1
94B2
94B3
94B4
94B5
94B6
94B7
94B8
94B9
94BA
94BB
94BC
94BD
94BE
94BF
94C0
94C1
94C2
94C3
94C4
94C5
94C6
94C7
94C8
94C9
94CA
94CB
94CC
94CD
94CE
94CF
94D0
94D1
94D2
94D3
94D4
94D5
94D6
94D7
94D8
94D9
94DA
94DB
94DC
94DD
94DE
94DF
94E0
94E1
94E2
94E3
94E4
94E5
94E6
94E7
94E8
94E9
94EA
94EB
94EC
94ED
94EE
94EF
94F0
94F1
94F2
94F3
94F4
94F5
94F6
94F7
94F8
94F9
94FA
94FB
94FC
94FD
94FE
94FF
9500
9501
9502
9503
9504
9505
9506
9507
9508
9509
950A
950B
950C
950D
950E
950F
9510
9511
9512
9513
9514
9515
9516
9517
9518
9519
951A
951B
951C
951D
951E
951F
9520
9521
9522
9523
9524
9525
9526
9527
9528
9529
952A
952B
952C
952D
952E
952F
9530
9531
9532
9533
9534
9535
9536
9537
9538
9539
953A
953B
953C
953D
953E
953F
9540
9541
9542
9543
9544
9545
9546
9547
9548
9549
954A
954B
954C
954D
954E
954F
9550
9551
9552
9553
9554
9555
9556
9557
9558
9559
955A
955B
955C
955D
955E
955F
9560
9561
9562
9563
9564
9565
9566
9567
9568
9569
956A
956B
956C
956D
956E
956F
9570
9571
9572
9573
9574
9575
9576
9577
9578
9579
957A
957B
957C
957D
957E
957F
9580
9581
9582
9583
9584
9585
9586
9587
9588
9589
958A
958B
958C
958D
958E
958F
9590
9591
9592
9593
9594
9595
9596
9597
9598
9599
959A
959B
959C
959D
959E
959F
95A0
95A1
95A2
95A3
95A4
95A5
95A6
95A7
95A8
95A9
95AA
95AB
95AC
95AD
95AE
95AF
95B0
95B1
95B2
95B3
95B4
95B5
95B6
95B7
95B8
95B9
95BA
95BB
95BC
95BD
95BE
95BF
95C0
95C1
95C2
95C3
95C4
95C5
95C6
95C7
95C8
95C9
95CA
95CB
95CC
95CD
95CE
95CF
95D0
95D1
95D2
95D3
95D4
95D5
95D6
95D7
95D8
95D9
95DA
95DB
95DC
95DD
95DE
95DF
95E0
95E1
95E2
95E3
95E4
95E5
95E6
95E7
95E8
95E9
95EA
95EB
95EC
95ED
95EE
95EF
95F0
95F1
95F2
95F3
95F4
95F5
95F6
95F7
95F8
95F9
95FA
95FB
95FC
95FD
95FE
95FF
9600
9601
9602
9603
9604
9605
9606
9607
9608
9609
960A
960B
960C
960D
960E
960F
9610
9611
9612
9613
9614
9615
9616
9617
9618
9619
961A
961B
961C
961D
961E
961F
9620
9621
9622
9623
9624
9625
9626
9627
9628
9629
962A
962B
962C
962D
962E
962F
9630
9631
9632
9633
9634
9635
9636
9637
9638
9639
963A
963B
963C
963D
963E
963F
9640
9641
9642
9643
9644
9645
9646
9647
9648
9649
964A
964B
964C
964D
964E
964F
9650
9651
9652
9653
9654
9655
9656
9657
9658
9659
965A
965B
965C
965D
965E
965F
9660
9661
9662
9663
9664
9665
9666
9667
9668
9669
966A
966B
966C
966D
966E
966F
9670
9671
9672
9673
9674
9675
9676
9677
9678
9679
967A
967B
967C
967D
967E
967F
9680
9681
9682
9683
9684
9685
9686
9687
9688
9689
968A
968B
968C
968D
968E
968F
9690
9691
9692
9693
9694
9695
9696
9697
9698
9699
969A
969B
969C
969D
969E
969F
96A0
96A1
96A2
96A3
96A4
96A5
96A6
96A7
96A8
96A9
96AA
96AB
96AC
96AD
96AE
96AF
96B0
96B1
96B2
96B3
96B4
96B5
96B6
96B7
96B8
96B9
96BA
96BB
96BC
96BD
96BE
96BF
96C0
96C1
96C2
96C3
96C4
96C5
96C6
96C7
96C8
96C9
96CA
96CB
96CC
96CD
96CE
96CF
96D0
96D1
96D2
96D3
96D4
96D5
96D6
96D7
96D8
96D9
96DA
96DB
96DC
96DD
96DE
96DF
96E0
96E1
96E2
96E3
96E4
96E5
96E6
96E7
96E8
96E9
96EA
96EB
96EC
96ED
96EE
96EF
96F0
96F1
96F2
96F3
96F4
96F5
96F6
96F7
96F8
96F9
96FA
96FB
96FC
96FD
96FE
96FF
9700
9701
9702
9703
9704
9705
9706
9707
9708
9709
970A
970B
970C
970D
970E
970F
9710
9711
9712
9713
9714
9715
9716
9717
9718
9719
971A
971B
971C
971D
971E
971F
9720
9721
9722
9723
9724
9725
9726
9727
9728
9729
972A
972B
972C
972D
972E
972F
9730
9731
9732
9733
9734
9735
9736
9737
9738
9739
973A
973B
973C
973D
973E
973F
9740
9741
9742
9743
9744
9745
9746
9747
9748
9749
974A
974B
974C
974D
974E
974F
9750
9751
9752
9753
9754
9755
9756
9757
9758
9759
975A
975B
975C
975D
975E
975F
9760
9761
9762
9763
9764
9765
9766
9767
9768
9769
976A
976B
976C
976D
976E
976F
9770
9771
9772
9773
9774
9775
9776
9777
9778
9779
977A
977B
977C
977D
977E
977F
9780
9781
9782
9783
9784
9785
9786
9787
9788
9789
978A
978B
978C
978D
978E
978F
9790
9791
9792
9793
9794
9795
9796
9797
9798
9799
979A
979B
979C
979D
979E
979F
97A0
97A1
97A2
97A3
97A4
97A5
97A6
97A7
97A8
97A9
97AA
97AB
97AC
97AD
97AE
97AF
97B0
97B1
97B2
97B3
97B4
97B5
97B6
97B7
97B8
97B9
97BA
97BB
97BC
97BD
97BE
97BF
97C0
97C1
97C2
97C3
97C4
97C5
97C6
97C7
97C8
97C9
97CA
97CB
97CC
97CD
97CE
97CF
97D0
97D1
97D2
97D3
97D4
97D5
97D6
97D7
97D8
97D9
97DA
97DB
97DC
97DD
97DE
97DF
97E0
97E1
97E2
97E3
97E4
97E5
97E6
97E7
97E8
97E9
97EA
97EB
97EC
97ED
97EE
97EF
97F0
97F1
97F2
97F3
97F4
97F5
97F6
97F7
97F8
97F9
97FA
97FB
97FC
97FD
97FE
97FF
9800
9801
9802
9803
9804
9805
9806
9807
9808
9809
980A
980B
980C
980D
980E
980F
9810
9811
9812
9813
9814
9815
9816
9817
9818
9819
981A
981B
981C
981D
981E
981F
9820
9821
9822
9823
9824
9825
9826
9827
9828
9829
982A
982B
982C
982D
982E
982F
9830
9831
9832
9833
9834
9835
9836
9837
9838
9839
983A
983B
983C
983D
983E
983F
9840
9841
9842
9843
9844
9845
9846
9847
9848
9849
984A
984B
984C
984D
984E
984F
9850
9851
9852
9853
9854
9855
9856
9857
9858
9859
985A
985B
985C
985D
985E
985F
9860
9861
9862
9863
9864
9865
9866
9867
9868
9869
986A
986B
986C
986D
986E
986F
9870
9871
9872
9873
9874
9875
9876
9877
9878
9879
987A
987B
987C
987D
987E
987F
9880
9881
9882
9883
9884
9885
9886
9887
9888
9889
988A
988B
988C
988D
988E
988F
9890
9891
9892
9893
9894
9895
9896
9897
9898
9899
989A
989B
989C
989D
989E
989F
98A0
98A1
98A2
98A3
98A4
98A5
98A6
98A7
98A8
98A9
98AA
98AB
98AC
98AD
98AE
98AF
98B0
98B1
98B2
98B3
98B4
98B5
98B6
98B7
98B8
98B9
98BA
98BB
98BC
98BD
98BE
98BF
98C0
98C1
98C2
98C3
98C4
98C5
98C6
98C7
98C8
98C9
98CA
98CB
98CC
98CD
98CE
98CF
98D0
98D1
98D2
98D3
98D4
98D5
98D6
98D7
98D8
98D9
98DA
98DB
98DC
98DD
98DE
98DF
98E0
98E1
98E2
98E3
98E4
98E5
98E6
98E7
98E8
98E9
98EA
98EB
98EC
98ED
98EE
98EF
98F0
98F1
98F2
98F3
98F4
98F5
98F6
98F7
98F8
98F9
98FA
98FB
98FC
98FD
98FE
98FF
9900
9901
9902
9903
9904
9905
9906
9907
9908
9909
990A
990B
990C
990D
990E
990F
9910
9911
9912
9913
9914
9915
9916
9917
9918
9919
991A
991B
991C
991D
991E
991F
9920
9921
9922
9923
9924
9925
9926
9927
9928
9929
992A
992B
992C
992D
992E
992F
9930
9931
9932
9933
9934
9935
9936
9937
9938
9939
993A
993B
993C
993D
993E
993F
9940
9941
9942
9943
9944
9945
9946
9947
9948
9949
994A
994B
994C
994D
994E
994F
9950
9951
9952
9953
9954
9955
9956
9957
9958
9959
995A
995B
995C
995D
995E
995F
9960
9961
9962
9963
9964
9965
9966
9967
9968
9969
996A
996B
996C
996D
996E
996F
9970
9971
9972
9973
9974
9975
9976
9977
9978
9979
997A
997B
997C
997D
997E
997F
9980
9981
9982
9983
9984
9985
9986
9987
9988
9989
998A
998B
998C
998D
998E
998F
9990
9991
9992
9993
9994
9995
9996
9997
9998
9999
999A
999B
999C
999D
999E
999F
99A0
99A1
99A2
99A3
99A4
99A5
99A6
99A7
99A8
99A9
99AA
99AB
99AC
99AD
99AE
99AF
99B0
99B1
99B2
99B3
99B4
99B5
99B6
99B7
99B8
99B9
99BA
99BB
99BC
99BD
99BE
99BF
99C0
99C1
99C2
99C3
99C4
99C5
99C6
99C7
99C8
99C9
99CA
99CB
99CC
99CD
99CE
99CF
99D0
99D1
99D2
99D3
99D4
99D5
99D6
99D7
99D8
99D9
99DA
99DB
99DC
99DD
99DE
99DF
99E0
99E1
99E2
99E3
99E4
99E5
99E6
99E7
99E8
99E9
99EA
99EB
99EC
99ED
99EE
99EF
99F0
99F1
99F2
99F3
99F4
99F5
99F6
99F7
99F8
99F9
99FA
99FB
99FC
99FD
99FE
99FF
9A00
9A01
9A02
9A03
9A04
9A05
9A06
9A07
9A08
9A09
9A0A
9A0B
9A0C
9A0D
9A0E
9A0F
9A10
9A11
9A12
9A13
9A14
9A15
9A16
9A17
9A18
9A19
9A1A
9A1B
9A1C
9A1D
9A1E
9A1F
9A20
9A21
9A22
9A23
9A24
9A25
9A26
9A27
9A28
9A29
9A2A
9A2B
9A2C
9A2D
9A2E
9A2F
9A30
9A31
9A32
9A33
9A34
9A35
9A36
9A37
9A38
9A39
9A3A
9A3B
9A3C
9A3D
9A3E
9A3F
9A40
9A41
9A42
9A43
9A44
9A45
9A46
9A47
9A48
9A49
9A4A
9A4B
9A4C
9A4D
9A4E
9A4F
9A50
9A51
9A52
9A53
9A54
9A55
9A56
9A57
9A58
9A59
9A5A
9A5B
9A5C
9A5D
9A5E
9A5F
9A60
9A61
9A62
9A63
9A64
9A65
9A66
9A67
9A68
9A69
9A6A
9A6B
9A6C
9A6D
9A6E
9A6F
9A70
9A71
9A72
9A73
9A74
9A75
9A76
9A77
9A78
9A79
9A7A
9A7B
9A7C
9A7D
9A7E
9A7F
9A80
9A81
9A82
9A83
9A84
9A85
9A86
9A87
9A88
9A89
9A8A
9A8B
9A8C
9A8D
9A8E
9A8F
9A90
9A91
9A92
9A93
9A94
9A95
9A96
9A97
9A98
9A99
9A9A
9A9B
9A9C
9A9D
9A9E
9A9F
9AA0
9AA1
9AA2
9AA3
9AA4
9AA5
9AA6
9AA7
9AA8
9AA9
9AAA
9AAB
9AAC
9AAD
9AAE
9AAF
9AB0
9AB1
9AB2
9AB3
9AB4
9AB5
9AB6
9AB7
9AB8
9AB9
9ABA
9ABB
9ABC
9ABD
9ABE
9ABF
9AC0
9AC1
9AC2
9AC3
9AC4
9AC5
9AC6
9AC7
9AC8
9AC9
9ACA
9ACB
9ACC
9ACD
9ACE
9ACF
9AD0
9AD1
9AD2
9AD3
9AD4
9AD5
9AD6
9AD7
9AD8
9AD9
9ADA
9ADB
9ADC
9ADD
9ADE
9ADF
9AE0
9AE1
9AE2
9AE3
9AE4
9AE5
9AE6
9AE7
9AE8
9AE9
9AEA
9AEB
9AEC
9AED
9AEE
9AEF
9AF0
9AF1
9AF2
9AF3
9AF4
9AF5
9AF6
9AF7
9AF8
9AF9
9AFA
9AFB
9AFC
9AFD
9AFE
9AFF
9B00
9B01
9B02
9B03
9B04
9B05
9B06
9B07
9B08
9B09
9B0A
9B0B
9B0C
9B0D
9B0E
9B0F
9B10
9B11
9B12
9B13
9B14
9B15
9B16
9B17
9B18
9B19
9B1A
9B1B
9B1C
9B1D
9B1E
9B1F
9B20
9B21
9B22
9B23
9B24
9B25
9B26
9B27
9B28
9B29
9B2A
9B2B
9B2C
9B2D
9B2E
9B2F
9B30
9B31
9B32
9B33
9B34
9B35
9B36
9B37
9B38
9B39
9B3A
9B3B
9B3C
9B3D
9B3E
9B3F
9B40
9B41
9B42
9B43
9B44
9B45
9B46
9B47
9B48
9B49
9B4A
9B4B
9B4C
9B4D
9B4E
9B4F
9B50
9B51
9B52
9B53
9B54
9B55
9B56
9B57
9B58
9B59
9B5A
9B5B
9B5C
9B5D
9B5E
9B5F
9B60
9B61
9B62
9B63
9B64
9B65
9B66
9B67
9B68
9B69
9B6A
9B6B
9B6C
9B6D
9B6E
9B6F
9B70
9B71
9B72
9B73
9B74
9B75
9B76
9B77
9B78
9B79
9B7A
9B7B
9B7C
9B7D
9B7E
9B7F
9B80
9B81
9B82
9B83
9B84
9B85
9B86
9B87
9B88
9B89
9B8A
9B8B
9B8C
9B8D
9B8E
9B8F
9B90
9B91
9B92
9B93
9B94
9B95
9B96
9B97
9B98
9B99
9B9A
9B9B
9B9C
9B9D
9B9E
9B9F
9BA0
9BA1
9BA2
9BA3
9BA4
9BA5
9BA6
9BA7
9BA8
9BA9
9BAA
9BAB
9BAC
9BAD
9BAE
9BAF
9BB0
9BB1
9BB2
9BB3
9BB4
9BB5
9BB6
9BB7
9BB8
9BB9
9BBA
9BBB
9BBC
9BBD
9BBE
9BBF
9BC0
9BC1
9BC2
9BC3
9BC4
9BC5
9BC6
9BC7
9BC8
9BC9
9BCA
9BCB
9BCC
9BCD
9BCE
9BCF
9BD0
9BD1
9BD2
9BD3
9BD4
9BD5
9BD6
9BD7
9BD8
9BD9
9BDA
9BDB
9BDC
9BDD
9BDE
9BDF
9BE0
9BE1
9BE2
9BE3
9BE4
9BE5
9BE6
9BE7
9BE8
9BE9
9BEA
9BEB
9BEC
9BED
9BEE
9BEF
9BF0
9BF1
9BF2
9BF3
9BF4
9BF5
9BF6
9BF7
9BF8
9BF9
9BFA
9BFB
9BFC
9BFD
9BFE
9BFF
9C00
9C01
9C02
9C03
9C04
9C05
9C06
9C07
9C08
9C09
9C0A
9C0B
9C0C
9C0D
9C0E
9C0F
9C10
9C11
9C12
9C13
9C14
9C15
9C16
9C17
9C18
9C19
9C1A
9C1B
9C1C
9C1D
9C1E
9C1F
9C20
9C21
9C22
9C23
9C24
9C25
9C26
9C27
9C28
9C29
9C2A
9C2B
9C2C
9C2D
9C2E
9C2F
9C30
9C31
9C32
9C33
9C34
9C35
9C36
9C37
9C38
9C39
9C3A
9C3B
9C3C
9C3D
9C3E
9C3F
9C40
9C41
9C42
9C43
9C44
9C45
9C46
9C47
9C48
9C49
9C4A
9C4B
9C4C
9C4D
9C4E
9C4F
9C50
9C51
9C52
9C53
9C54
9C55
9C56
9C57
9C58
9C59
9C5A
9C5B
9C5C
9C5D
9C5E
9C5F
9C60
9C61
9C62
9C63
9C64
9C65
9C66
9C67
9C68
9C69
9C6A
9C6B
9C6C
9C6D
9C6E
9C6F
9C70
9C71
9C72
9C73
9C74
9C75
9C76
9C77
9C78
9C79
9C7A
9C7B
9C7C
9C7D
9C7E
9C7F
9C80
9C81
9C82
9C83
9C84
9C85
9C86
9C87
9C88
9C89
9C8A
9C8B
9C8C
9C8D
9C8E
9C8F
9C90
9C91
9C92
9C93
9C94
9C95
9C96
9C97
9C98
9C99
9C9A
9C9B
9C9C
9C9D
9C9E
9C9F
9CA0
9CA1
9CA2
9CA3
9CA4
9CA5
9CA6
9CA7
9CA8
9CA9
9CAA
9CAB
9CAC
9CAD
9CAE
9CAF
9CB0
9CB1
9CB2
9CB3
9CB4
9CB5
9CB6
9CB7
9CB8
9CB9
9CBA
9CBB
9CBC
9CBD
9CBE
9CBF
9CC0
9CC1
9CC2
9CC3
9CC4
9CC5
9CC6
9CC7
9CC8
9CC9
9CCA
9CCB
9CCC
9CCD
9CCE
9CCF
9CD0
9CD1
9CD2
9CD3
9CD4
9CD5
9CD6
9CD7
9CD8
9CD9
9CDA
9CDB
9CDC
9CDD
9CDE
9CDF
9CE0
9CE1
9CE2
9CE3
9CE4
9CE5
9CE6
9CE7
9CE8
9CE9
9CEA
9CEB
9CEC
9CED
9CEE
9CEF
9CF0
9CF1
9CF2
9CF3
9CF4
9CF5
9CF6
9CF7
9CF8
9CF9
9CFA
9CFB
9CFC
9CFD
9CFE
9CFF
9D00
9D01
9D02
9D03
9D04
9D05
9D06
9D07
9D08
9D09
9D0A
9D0B
9D0C
9D0D
9D0E
9D0F
9D10
9D11
9D12
9D13
9D14
9D15
9D16
9D17
9D18
9D19
9D1A
9D1B
9D1C
9D1D
9D1E
9D1F
9D20
9D21
9D22
9D23
9D24
9D25
9D26
9D27
9D28
9D29
9D2A
9D2B
9D2C
9D2D
9D2E
9D2F
9D30
9D31
9D32
9D33
9D34
9D35
9D36
9D37
9D38
9D39
9D3A
9D3B
9D3C
9D3D
9D3E
9D3F
9D40
9D41
9D42
9D43
9D44
9D45
9D46
9D47
9D48
9D49
9D4A
9D4B
9D4C
9D4D
9D4E
9D4F
9D50
9D51
9D52
9D53
9D54
9D55
9D56
9D57
9D58
9D59
9D5A
9D5B
9D5C
9D5D
9D5E
9D5F
9D60
9D61
9D62
9D63
9D64
9D65
9D66
9D67
9D68
9D69
9D6A
9D6B
9D6C
9D6D
9D6E
9D6F
9D70
9D71
9D72
9D73
9D74
9D75
9D76
9D77
9D78
9D79
9D7A
9D7B
9D7C
9D7D
9D7E
9D7F
9D80
9D81
9D82
9D83
9D84
9D85
9D86
9D87
9D88
9D89
9D8A
9D8B
9D8C
9D8D
9D8E
9D8F
9D90
9D91
9D92
9D93
9D94
9D95
9D96
9D97
9D98
9D99
9D9A
9D9B
9D9C
9D9D
9D9E
9D9F
9DA0
9DA1
9DA2
9DA3
9DA4
9DA5
9DA6
9DA7
9DA8
9DA9
9DAA
9DAB
9DAC
9DAD
9DAE
9DAF
9DB0
9DB1
9DB2
9DB3
9DB4
9DB5
9DB6
9DB7
9DB8
9DB9
9DBA
9DBB
9DBC
9DBD
9DBE
9DBF
9DC0
9DC1
9DC2
9DC3
9DC4
9DC5
9DC6
9DC7
9DC8
9DC9
9DCA
9DCB
9DCC
9DCD
9DCE
9DCF
9DD0
9DD1
9DD2
9DD3
9DD4
9DD5
9DD6
9DD7
9DD8
9DD9
9DDA
9DDB
9DDC
9DDD
9DDE
9DDF
9DE0
9DE1
9DE2
9DE3
9DE4
9DE5
9DE6
9DE7
9DE8
9DE9
9DEA
9DEB
9DEC
9DED
9DEE
9DEF
9DF0
9DF1
9DF2
9DF3
9DF4
9DF5
9DF6
9DF7
9DF8
9DF9
9DFA
9DFB
9DFC
9DFD
9DFE
9DFF
9E00
9E01
9E02
9E03
9E04
9E05
9E06
9E07
9E08
9E09
9E0A
9E0B
9E0C
9E0D
9E0E
9E0F
9E10
9E11
9E12
9E13
9E14
9E15
9E16
9E17
9E18
9E19
9E1A
9E1B
9E1C
9E1D
9E1E
9E1F
9E20
9E21
9E22
9E23
9E24
9E25
9E26
9E27
9E28
9E29
9E2A
9E2B
9E2C
9E2D
9E2E
9E2F
9E30
9E31
9E32
9E33
9E34
9E35
9E36
9E37
9E38
9E39
9E3A
9E3B
9E3C
9E3D
9E3E
9E3F
9E40
9E41
9E42
9E43
9E44
9E45
9E46
9E47
9E48
9E49
9E4A
9E4B
9E4C
9E4D
9E4E
9E4F
9E50
9E51
9E52
9E53
9E54
9E55
9E56
9E57
9E58
9E59
9E5A
9E5B
9E5C
9E5D
9E5E
9E5F
9E60
9E61
9E62
9E63
9E64
9E65
9E66
9E67
9E68
9E69
9E6A
9E6B
9E6C
9E6D
9E6E
9E6F
9E70
9E71
9E72
9E73
9E74
9E75
9E76
9E77
9E78
9E79
9E7A
9E7B
9E7C
9E7D
9E7E
9E7F
9E80
9E81
9E82
9E83
9E84
9E85
9E86
9E87
9E88
9E89
9E8A
9E8B
9E8C
9E8D
9E8E
9E8F
9E90
9E91
9E92
9E93
9E94
9E95
9E96
9E97
9E98
9E99
9E9A
9E9B
9E9C
9E9D
9E9E
9E9F
9EA0
9EA1
9EA2
9EA3
9EA4
9EA5
9EA6
9EA7
9EA8
9EA9
9EAA
9EAB
9EAC
9EAD
9EAE
9EAF
9EB0
9EB1
9EB2
9EB3
9EB4
9EB5
9EB6
9EB7
9EB8
9EB9
9EBA
9EBB
9EBC
9EBD
9EBE
9EBF
9EC0
9EC1
9EC2
9EC3
9EC4
9EC5
9EC6
9EC7
9EC8
9EC9
9ECA
9ECB
9ECC
9ECD
9ECE
9ECF
9ED0
9ED1
9ED2
9ED3
9ED4
9ED5
9ED6
9ED7
9ED8
9ED9
9EDA
9EDB
9EDC
9EDD
9EDE
9EDF
9EE0
9EE1
9EE2
9EE3
9EE4
9EE5
9EE6
9EE7
9EE8
9EE9
9EEA
9EEB
9EEC
9EED
9EEE
9EEF
9EF0
9EF1
9EF2
9EF3
9EF4
9EF5
9EF6
9EF7
9EF8
9EF9
9EFA
9EFB
9EFC
9EFD
9EFE
9EFF
9F00
9F01
9F02
9F03
9F04
9F05
9F06
9F07
9F08
9F09
9F0A
9F0B
9F0C
9F0D
9F0E
9F0F
9F10
9F11
9F12
9F13
9F14
9F15
9F16
9F17
9F18
9F19
9F1A
9F1B
9F1C
9F1D
9F1E
9F1F
9F20
9F21
9F22
9F23
9F24
9F25
9F26
9F27
9F28
9F29
9F2A
9F2B
9F2C
9F2D
9F2E
9F2F
9F30
9F31
9F32
9F33
9F34
9F35
9F36
9F37
9F38
9F39
9F3A
9F3B
9F3C
9F3D
9F3E
9F3F
9F40
9F41
9F42
9F43
9F44
9F45
9F46
9F47
9F48
9F49
9F4A
9F4B
9F4C
9F4D
9F4E
9F4F
9F50
9F51
9F52
9F53
9F54
9F55
9F56
9F57
9F58
9F59
9F5A
9F5B
9F5C
9F5D
9F5E
9F5F
9F60
9F61
9F62
9F63
9F64
9F65
9F66
9F67
9F68
9F69
9F6A
9F6B
9F6C
9F6D
9F6E
9F6F
9F70
9F71
9F72
9F73
9F74
9F75
9F76
9F77
9F78
9F79
9F7A
9F7B
9F7C
9F7D
9F7E
9F7F
9F80
9F81
9F82
9F83
9F84
9F85
9F86
9F87
9F88
9F89
9F8A
9F8B
9F8C
9F8D
9F8E
9F8F
9F90
9F91
9F92
9F93
9F94
9F95
9F96
9F97
9F98
9F99
9F9A
9F9B
9F9C
9F9D
9F9E
9F9F
9FA0
9FA1
9FA2
9FA3
9FA4
9FA5
9FA6
9FA7
9FA8
9FA9
9FAA
9FAB
9FAC
9FAD
9FAE
9FAF
9FB0
9FB1
9FB2
9FB3
9FB4
9FB5
9FB6
9FB7
9FB8
9FB9
9FBA
9FBB
9FBC
9FBD
9FBE
9FBF
9FC0
9FC1
9FC2
9FC3
9FC4
9FC5
9FC6
9FC7
9FC8
9FC9
9FCA
9FCB
9FCC
9FCD
9FCE
9FCF
9FD0
9FD1
9FD2
9FD3
9FD4
9FD5
9FD6
9FD7
9FD8
9FD9
9FDA
9FDB
9FDC
9FDD
9FDE
9FDF
9FE0
9FE1
9FE2
9FE3
9FE4
9FE5
9FE6
9FE7
9FE8
9FE9
9FEA
9FEB
9FEC
9FED
9FEE
9FEF
9FF0
9FF1
9FF2
9FF3
9FF4
9FF5
9FF6
9FF7
9FF8
9FF9
9FFA
9FFB
9FFC
9FFD
9FFE
9FFF
A000
A001
A002
A003
A004
A005
A006
A007
A008
A009
A00A
A00B
A00C
A00D
A00E
A00F
A010
A011
A012
A013
A014
A015
A016
A017
A018
A019
A01A
A01B
A01C
A01D
A01E
A01F
A020
A021
A022
A023
A024
A025
A026
A027
A028
A029
A02A
A02B
A02C
A02D
A02E
A02F
A030
A031
A032
A033
A034
A035
A036
A037
A038
A039
A03A
A03B
A03C
A03D
A03E
A03F
A040
A041
A042
A043
A044
A045
A046
A047
A048
A049
A04A
A04B
A04C
A04D
A04E
A04F
A050
A051
A052
A053
A054
A055
A056
A057
A058
A059
A05A
A05B
A05C
A05D
A05E
A05F
A060
A061
A062
A063
A064
A065
A066
A067
A068
A069
A06A
A06B
A06C
A06D
A06E
A06F
A070
A071
A072
A073
A074
A075
A076
A077
A078
A079
A07A
A07B
A07C
A07D
A07E
A07F
A080
A081
A082
A083
A084
A085
A086
A087
A088
A089
A08A
A08B
A08C
A08D
A08E
A08F
A090
A091
A092
A093
A094
A095
A096
A097
A098
A099
A09A
A09B
A09C
A09D
A09E
A09F
A0A0
A0A1
A0A2
A0A3
A0A4
A0A5
A0A6
A0A7
A0A8
A0A9
A0AA
A0AB
A0AC
A0AD
A0AE
A0AF
A0B0
A0B1
A0B2
A0B3
A0B4
A0B5
A0B6
A0B7
A0B8
A0B9
A0BA
A0BB
A0BC
A0BD
A0BE
A0BF
A0C0
A0C1
A0C2
A0C3
A0C4
A0C5
A0C6
A0C7
A0C8
A0C9
A0CA
A0CB
A0CC
A0CD
A0CE
A0CF
A0D0
A0D1
A0D2
A0D3
A0D4
A0D5
A0D6
A0D7
A0D8
A0D9
A0DA
A0DB
A0DC
A0DD
A0DE
A0DF
A0E0
A0E1
A0E2
A0E3
A0E4
A0E5
A0E6
A0E7
A0E8
A0E9
A0EA
A0EB
A0EC
A0ED
A0EE
A0EF
A0F0
A0F1
A0F2
A0F3
A0F4
A0F5
A0F6
A0F7
A0F8
A0F9
A0FA
A0FB
A0FC
A0FD
A0FE
A0FF
A100
A101
A102
A103
A104
A105
A106
A107
A108
A109
A10A
A10B
A10C
A10D
A10E
A10F
A110
A111
A112
A113
A114
A115
A116
A117
A118
A119
A11A
A11B
A11C
A11D
A11E
A11F
A120
A121
A122
A123
A124
A125
A126
A127
A128
A129
A12A
A12B
A12C
A12D
A12E
A12F
A130
A131
A132
A133
A134
A135
A136
A137
A138
A139
A13A
A13B
A13C
A13D
A13E
A13F
A140
A141
A142
A143
A144
A145
A146
A147
A148
A149
A14A
A14B
A14C
A14D
A14E
A14F
A150
A151
A152
A153
A154
A155
A156
A157
A158
A159
A15A
A15B
A15C
A15D
A15E
A15F
A160
A161
A162
A163
A164
A165
A166
A167
A168
A169
A16A
A16B
A16C
A16D
A16E
A16F
A170
A171
A172
A173
A174
A175
A176
A177
A178
A179
A17A
A17B
A17C
A17D
A17E
A17F
A180
A181
A182
A183
A184
A185
A186
A187
A188
A189
A18A
A18B
A18C
A18D
A18E
A18F
A190
A191
A192
A193
A194
A195
A196
A197
A198
A199
A19A
A19B
A19C
A19D
A19E
A19F
A1A0
A1A1
A1A2
A1A3
A1A4
A1A5
A1A6
A1A7
A1A8
A1A9
A1AA
A1AB
A1AC
A1AD
A1AE
A1AF
A1B0
A1B1
A1B2
A1B3
A1B4
A1B5
A1B6
A1B7
A1B8
A1B9
A1BA
A1BB
A1BC
A1BD
A1BE
A1BF
A1C0
A1C1
A1C2
A1C3
A1C4
A1C5
A1C6
A1C7
A1C8
A1C9
A1CA
A1CB
A1CC
A1CD
A1CE
A1CF
A1D0
A1D1
A1D2
A1D3
A1D4
A1D5
A1D6
A1D7
A1D8
A1D9
A1DA
A1DB
A1DC
A1DD
A1DE
A1DF
A1E0
A1E1
A1E2
A1E3
A1E4
A1E5
A1E6
A1E7
A1E8
A1E9
A1EA
A1EB
A1EC
A1ED
A1EE
A1EF
A1F0
A1F1
A1F2
A1F3
A1F4
A1F5
A1F6
A1F7
A1F8
A1F9
A1FA
A1FB
A1FC
A1FD
A1FE
A1FF
A200
A201
A202
A203
A204
A205
A206
A207
A208
A209
A20A
A20B
A20C
A20D
A20E
A20F
A210
A211
A212
A213
A214
A215
A216
A217
A218
A219
A21A
A21B
A21C
A21D
A21E
A21F
A220
A221
A222
A223
A224
A225
A226
A227
A228
A229
A22A
A22B
A22C
A22D
A22E
A22F
A230
A231
A232
A233
A234
A235
A236
A237
A238
A239
A23A
A23B
A23C
A23D
A23E
A23F
A240
A241
A242
A243
A244
A245
A246
A247
A248
A249
A24A
A24B
A24C
A24D
A24E
A24F
A250
A251
A252
A253
A254
A255
A256
A257
A258
A259
A25A
A25B
A25C
A25D
A25E
A25F
A260
A261
A262
A263
A264
A265
A266
A267
A268
A269
A26A
A26B
A26C
A26D
A26E
A26F
A270
A271
A272
A273
A274
A275
A276
A277
A278
A279
A27A
A27B
A27C
A27D
A27E
A27F
A280
A281
A282
A283
A284
A285
A286
A287
A288
A289
A28A
A28B
A28C
A28D
A28E
A28F
A290
A291
A292
A293
A294
A295
A296
A297
A298
A299
A29A
A29B
A29C
A29D
A29E
A29F
A2A0
A2A1
A2A2
A2A3
A2A4
A2A5
A2A6
A2A7
A2A8
A2A9
A2AA
A2AB
A2AC
A2AD
A2AE
A2AF
A2B0
A2B1
A2B2
A2B3
A2B4
A2B5
A2B6
A2B7
A2B8
A2B9
A2BA
A2BB
A2BC
A2BD
A2BE
A2BF
A2C0
A2C1
A2C2
A2C3
A2C4
A2C5
A2C6
A2C7
A2C8
A2C9
A2CA
A2CB
A2CC
A2CD
A2CE
A2CF
A2D0
A2D1
A2D2
A2D3
A2D4
A2D5
A2D6
A2D7
A2D8
A2D9
A2DA
A2DB
A2DC
A2DD
A2DE
A2DF
A2E0
A2E1
A2E2
A2E3
A2E4
A2E5
A2E6
A2E7
A2E8
A2E9
A2EA
A2EB
A2EC
A2ED
A2EE
A2EF
A2F0
A2F1
A2F2
A2F3
A2F4
A2F5
A2F6
A2F7
A2F8
A2F9
A2FA
A2FB
A2FC
A2FD
A2FE
A2FF
A300
A301
A302
A303
A304
A305
A306
A307
A308
A309
A30A
A30B
A30C
A30D
A30E
A30F
A310
A311
A312
A313
A314
A315
A316
A317
A318
A319
A31A
A31B
A31C
A31D
A31E
A31F
A320
A321
A322
A323
A324
A325
A326
A327
A328
A329
A32A
A32B
A32C
A32D
A32E
A32F
A330
A331
A332
A333
A334
A335
A336
A337
A338
A339
A33A
A33B
A33C
A33D
A33E
A33F
A340
A341
A342
A343
A344
A345
A346
A347
A348
A349
A34A
A34B
A34C
A34D
A34E
A34F
A350
A351
A352
A353
A354
A355
A356
A357
A358
A359
A35A
A35B
A35C
A35D
A35E
A35F
A360
A361
A362
A363
A364
A365
A366
A367
A368
A369
A36A
A36B
A36C
A36D
A36E
A36F
A370
A371
A372
A373
A374
A375
A376
A377
A378
A379
A37A
A37B
A37C
A37D
A37E
A37F
A380
A381
A382
A383
A384
A385
A386
A387
A388
A389
A38A
A38B
A38C
A38D
A38E
A38F
A390
A391
A392
A393
A394
A395
A396
A397
A398
A399
A39A
A39B
A39C
A39D
A39E
A39F
A3A0
A3A1
A3A2
A3A3
A3A4
A3A5
A3A6
A3A7
A3A8
A3A9
A3AA
A3AB
A3AC
A3AD
A3AE
A3AF
A3B0
A3B1
A3B2
A3B3
A3B4
A3B5
A3B6
A3B7
A3B8
A3B9
A3BA
A3BB
A3BC
A3BD
A3BE
A3BF
A3C0
A3C1
A3C2
A3C3
A3C4
A3C5
A3C6
A3C7
A3C8
A3C9
A3CA
A3CB
A3CC
A3CD
A3CE
A3CF
A3D0
A3D1
A3D2
A3D3
A3D4
A3D5
A3D6
A3D7
A3D8
A3D9
A3DA
A3DB
A3DC
A3DD
A3DE
A3DF
A3E0
A3E1
A3E2
A3E3
A3E4
A3E5
A3E6
A3E7
A3E8
A3E9
A3EA
A3EB
A3EC
A3ED
A3EE
A3EF
A3F0
A3F1
A3F2
A3F3
A3F4
A3F5
A3F6
A3F7
A3F8
A3F9
A3FA
A3FB
A3FC
A3FD
A3FE
A3FF
A400
A401
A402
A403
A404
A405
A406
A407
A408
A409
A40A
A40B
A40C
A40D
A40E
A40F
A410
A411
A412
A413
A414
A415
A416
A417
A418
A419
A41A
A41B
A41C
A41D
A41E
A41F
A420
A421
A422
A423
A424
A425
A426
A427
A428
A429
A42A
A42B
A42C
A42D
A42E
A42F
A430
A431
A432
A433
A434
A435
A436
A437
A438
A439
A43A
A43B
A43C
A43D
A43E
A43F
A440
A441
A442
A443
A444
A445
A446
A447
A448
A449
A44A
A44B
A44C
A44D
A44E
A44F
A450
A451
A452
A453
A454
A455
A456
A457
A458
A459
A45A
A45B
A45C
A45D
A45E
A45F
A460
A461
A462
A463
A464
A465
A466
A467
A468
A469
A46A
A46B
A46C
A46D
A46E
A46F
A470
A471
A472
A473
A474
A475
A476
A477
A478
A479
A47A
A47B
A47C
A47D
A47E
A47F
A480
A481
A482
A483
A484
A485
A486
A487
A488
A489
A48A
A48B
A48C
A48D
A48E
A48F
A490
A491
A492
A493
A494
A495
A496
A497
A498
A499
A49A
A49B
A49C
A49D
A49E
A49F
A4A0
A4A1
A4A2
A4A3
A4A4
A4A5
A4A6
A4A7
A4A8
A4A9
A4AA
A4AB
A4AC
A4AD
A4AE
A4AF
A4B0
A4B1
A4B2
A4B3
A4B4
A4B5
A4B6
A4B7
A4B8
A4B9
A4BA
A4BB
A4BC
A4BD
A4BE
A4BF
A4C0
A4C1
A4C2
A4C3
A4C4
A4C5
A4C6
A4C7
A4C8
A4C9
A4CA
A4CB
A4CC
A4CD
A4CE
A4CF
A4D0
A4D1
A4D2
A4D3
A4D4
A4D5
A4D6
A4D7
A4D8
A4D9
A4DA
A4DB
A4DC
A4DD
A4DE
A4DF
A4E0
A4E1
A4E2
A4E3
A4E4
A4E5
A4E6
A4E7
A4E8
A4E9
A4EA
A4EB
A4EC
A4ED
A4EE
A4EF
A4F0
A4F1
A4F2
A4F3
A4F4
A4F5
A4F6
A4F7
A4F8
A4F9
A4FA
A4FB
A4FC
A4FD
A4FE
A4FF
A500
A501
A502
A503
A504
A505
A506
A507
A508
A509
A50A
A50B
A50C
A50D
A50E
A50F
A510
A511
A512
A513
A514
A515
A516
A517
A518
A519
A51A
A51B
A51C
A51D
A51E
A51F
A520
A521
A522
A523
A524
A525
A526
A527
A528
A529
A52A
A52B
A52C
A52D
A52E
A52F
A530
A531
A532
A533
A534
A535
A536
A537
A538
A539
A53A
A53B
A53C
A53D
A53E
A53F
A540
A541
A542
A543
A544
A545
A546
A547
A548
A549
A54A
A54B
A54C
A54D
A54E
A54F
A550
A551
A552
A553
A554
A555
A556
A557
A558
A559
A55A
A55B
A55C
A55D
A55E
A55F
A560
A561
A562
A563
A564
A565
A566
A567
A568
A569
A56A
A56B
A56C
A56D
A56E
A56F
A570
A571
A572
A573
A574
A575
A576
A577
A578
A579
A57A
A57B
A57C
A57D
A57E
A57F
A580
A581
A582
A583
A584
A585
A586
A587
A588
A589
A58A
A58B
A58C
A58D
A58E
A58F
A590
A591
A592
A593
A594
A595
A596
A597
A598
A599
A59A
A59B
A59C
A59D
A59E
A59F
A5A0
A5A1
A5A2
A5A3
A5A4
A5A5
A5A6
A5A7
A5A8
A5A9
A5AA
A5AB
A5AC
A5AD
A5AE
A5AF
A5B0
A5B1
A5B2
A5B3
A5B4
A5B5
A5B6
A5B7
A5B8
A5B9
A5BA
A5BB
A5BC
A5BD
A5BE
A5BF
A5C0
A5C1
A5C2
A5C3
A5C4
A5C5
A5C6
A5C7
A5C8
A5C9
A5CA
A5CB
A5CC
A5CD
A5CE
A5CF
A5D0
A5D1
A5D2
A5D3
A5D4
A5D5
A5D6
A5D7
A5D8
A5D9
A5DA
A5DB
A5DC
A5DD
A5DE
A5DF
A5E0
A5E1
A5E2
A5E3
A5E4
A5E5
A5E6
A5E7
A5E8
A5E9
A5EA
A5EB
A5EC
A5ED
A5EE
A5EF
A5F0
A5F1
A5F2
A5F3
A5F4
A5F5
A5F6
A5F7
A5F8
A5F9
A5FA
A5FB
A5FC
A5FD
A5FE
A5FF
A600
A601
A602
A603
A604
A605
A606
A607
A608
A609
A60A
A60B
A60C
A60D
A60E
A60F
A610
A611
A612
A613
A614
A615
A616
A617
A618
A619
A61A
A61B
A61C
A61D
A61E
A61F
A620
A621
A622
A623
A624
A625
A626
A627
A628
A629
A62A
A62B
A62C
A62D
A62E
A62F
A630
A631
A632
A633
A634
A635
A636
A637
A638
A639
A63A
A63B
A63C
A63D
A63E
A63F
A640
A641
A642
A643
A644
A645
A646
A647
A648
A649
A64A
A64B
A64C
A64D
A64E
A64F
A650
A651
A652
A653
A654
A655
A656
A657
A658
A659
A65A
A65B
A65C
A65D
A65E
A65F
A660
A661
A662
A663
A664
A665
A666
A667
A668
A669
A66A
A66B
A66C
A66D
A66E
A66F
A670
A671
A672
A673
A674
A675
A676
A677
A678
A679
A67A
A67B
A67C
A67D
A67E
A67F
A680
A681
A682
A683
A684
A685
A686
A687
A688
A689
A68A
A68B
A68C
A68D
A68E
A68F
A690
A691
A692
A693
A694
A695
A696
A697
A698
A699
A69A
A69B
A69C
A69D
A69E
A69F
A6A0
A6A1
A6A2
A6A3
A6A4
A6A5
A6A6
A6A7
A6A8
A6A9
A6AA
A6AB
A6AC
A6AD
A6AE
A6AF
A6B0
A6B1
A6B2
A6B3
A6B4
A6B5
A6B6
A6B7
A6B8
A6B9
A6BA
A6BB
A6BC
A6BD
A6BE
A6BF
A6C0
A6C1
A6C2
A6C3
A6C4
A6C5
A6C6
A6C7
A6C8
A6C9
A6CA
A6CB
A6CC
A6CD
A6CE
A6CF
A6D0
A6D1
A6D2
A6D3
A6D4
A6D5
A6D6
A6D7
A6D8
A6D9
A6DA
A6DB
A6DC
A6DD
A6DE
A6DF
A6E0
A6E1
A6E2
A6E3
A6E4
A6E5
A6E6
A6E7
A6E8
A6E9
A6EA
A6EB
A6EC
A6ED
A6EE
A6EF
A6F0
A6F1
A6F2
A6F3
A6F4
A6F5
A6F6
A6F7
A6F8
A6F9
A6FA
A6FB
A6FC
A6FD
A6FE
A6FF
A700
A701
A702
A703
A704
A705
A706
A707
A708
A709
A70A
A70B
A70C
A70D
A70E
A70F
A710
A711
A712
A713
A714
A715
A716
A717
A718
A719
A71A
A71B
A71C
A71D
A71E
A71F
A720
A721
A722
A723
A724
A725
A726
A727
A728
A729
A72A
A72B
A72C
A72D
A72E
A72F
A730
A731
A732
A733
A734
A735
A736
A737
A738
A739
A73A
A73B
A73C
A73D
A73E
A73F
A740
A741
A742
A743
A744
A744
A745
A746
A747
A748
A749
A74A
A74B
A74C
A74D
A74E
A74F
A750
A751
A752
A753
A754
A755
A756
A757
A758
A759
A75A
A75B
A75C
A75D
A75E
A75F
A760
A761
A762
A763
A764
A765
A766
A767
A768
A769
A76A
A76B
A76C
A76D
A76E
A76F
A770
A771
A772
A773
A774
A775
A776
A777
A778
A779
A77A
A77B
A77C
A77D
A77E
A77F
A780
A781
A782
A783
A784
A785
A786
A787
A788
A789
A78A
A78B
A78C
A78D
A78E
A78F
A790
A791
A792
A793
A794
A795
A796
A797
A798
A799
A79A
A79B
A79C
A79D
A79E
A79F
A7A0
A7A1
A7A2
A7A3
A7A4
A7A5
A7A6
A7A7
A7A8
A7A9
A7AA
A7AB
A7AC
A7AD
A7AE
A7AF
A7B0
A7B1
A7B2
A7B3
A7B4
A7B5
A7B6
A7B7
A7B8
A7B9
A7BA
A7BB
A7BC
A7BD
A7BE
A7BF
A7C0
A7C1
A7C2
A7C3
A7C4
A7C5
A7C6
A7C7
A7C8
A7C9
A7CA
A7CB
A7CC
A7CD
A7CE
A7CF
A7D0
A7D1
A7D2
A7D3
A7D4
A7D5
A7D6
A7D7
A7D8
A7D9
A7DA
A7DB
A7DC
A7DD
A7DE
A7DF
A7E0
A7E1
A7E2
A7E3
A7E4
A7E5
A7E6
A7E7
A7E8
A7E9
A7EA
A7EB
A7EC
A7ED
A7EE
A7EF
A7F0
A7F1
A7F2
A7F3
A7F4
A7F5
A7F6
A7F7
A7F8
A7F9
A7FA
A7FB
A7FC
A7FD
A7FE
A7FF
A801
A802
A803
A804
A805
A806
A807
A808
A809
A80A
A80B
A80C
A80D
A80E
A80F
A810
A811
A812
A813
A814
A815
A816
A817
A818
A819
A81A
A81B
A81C
A81D
A81E
A81F
A820
A821
A822
A823
A824
A825
A826
A827
A828
A829
A82A
A82B
A82C
A82D
A82E
A82F
A830
A831
A832
A833
A834
A835
A836
A837
A838
A839
A83A
A83B
A83C
A83D
A83E
A83F
A840
A841
A842
A843
A844
A845
A846
A847
A848
A849
A84A
A84B
A84C
A84D
A84E
A84F
A850
A851
A852
A853
A854
A855
A856
A857
A858
A859
A85A
A85B
A85C
A85D
A85E
A85F
A860
A861
A862
A863
A864
A865
A866
A867
A868
A869
A86A
A86B
A86C
A86D
A86E
A86F
A870
A871
A872
A873
A874
A875
A876
A877
A878
A879
A87A
A87B
A87C
A87D
A87E
A87F
A880
A881
A882
A883
A884
A885
A886
A887
A888
A889
A88A
A88B
A88C
A88D
A88E
A88F
A890
A891
A892
A893
A894
A894
A895
A896
A897
A898
A899
A89A
A89B
A89C
A89D
A89E
A89F
A8A0
A8A1
A8A2
A8A3
A8A4
A8A5
A8A6
A8A7
A8A8
A8A9
A8AA
A8AB
A8AC
A8AD
A8AE
A8AF
A8B0
A8B1
A8B2
A8B3
A8B4
A8B5
A8B6
A8B7
A8B8
A8B9
A8BA
A8BB
A8BC
A8BD
A8BE
A8BF
A8C0
A8C1
A8C2
A8C3
A8C4
A8C5
A8C6
A8C7
A8C8
A8C9
A8CA
A8CB
A8CC
A8CD
A8CE
A8CF
A8D0
A8D1
A8D2
A8D3
A8D4
A8D5
A8D6
A8D7
A8D8
A8D9
A8DA
A8DB
A8DC
A8DD
A8DE
A8DF
A8E0
A8E1
A8E2
A8E3
A8E4
A8E5
A8E6
A8E7
A8E8
A8E9
A8EA
A8EB
A8EC
A8ED
A8EE
A8EF
A8F0
A8F1
A8F2
A8F3
A8F4
A8F5
A8F6
A8F7
A8F8
A8F9
A8FA
A8FB
A8FC
A8FD
A8FE
A8FF
A900
A901
A902
A903
A904
A905
A906
A907
A908
A909
A90A
A90B
A90C
A90D
A90E
A90F
A910
A911
A912
A913
A914
A915
A916
A917
A918
A919
A91A
A91B
A91C
A91D
A91E
A91F
A920
A921
A922
A923
A924
A925
A926
A927
A928
A929
A92A
A92B
A92C
A92D
A92E
A92F
A930
A931
A932
A933
A934
A935
A936
A937
A938
A939
A93A
A93B
A93C
A93D
A93E
A93F
A940
A941
A942
A943
A944
A945
A946
A947
A948
A949
A94A
A94B
A94C
A94D
A94E
A94F
A950
A951
A952
A953
A954
A955
A956
A957
A958
A959
A95A
A95B
A95C
A95D
A95E
A95F
A960
A961
A962
A963
A964
A965
A966
A967
A968
A969
A96A
A96B
A96C
A96D
A96E
A96F
A970
A971
A972
A973
A974
A975
A976
A977
A978
A979
A97A
A97B
A97C
A97D
A97E
A97F
A980
A981
A982
A983
A984
A985
A986
A987
A988
A989
A98A
A98B
A98C
A98D
A98E
A98F
A990
A991
A992
A993
A994
A995
A996
A997
A998
A999
A99A
A99B
A99C
A99D
A99E
A99F
A9A0
A9A1
A9A2
A9A3
A9A4
A9A5
A9A6
A9A7
A9A8
A9A9
A9AA
A9AB
A9AC
A9AD
A9AE
A9AF
A9B0
A9B1
A9B2
A9B3
A9B4
A9B5
A9B6
A9B7
A9B8
A9B9
A9BA
A9BB
A9BC
A9BD
A9BE
A9BF
A9C0
A9C1
A9C2
A9C3
A9C4
A9C5
A9C6
A9C7
A9C8
A9C9
A9CA
A9CB
A9CC
A9CD
A9CE
A9CF
A9D0
A9D1
A9D2
A9D3
A9D4
A9D5
A9D6
A9D7
A9D8
A9D9
A9DA
A9DB
A9DC
A9DD
A9DE
A9DF
A9E0
A9E1
A9E2
A9E3
A9E4
A9E5
A9E6
A9E7
A9E8
A9E9
A9EA
A9EB
A9EC
A9ED
A9EE
A9EF
A9F0
A9F1
A9F2
A9F3
A9F4
A9F5
A9F6
A9F7
A9F8
A9F9
A9FA
A9FB
A9FC
A9FD
A9FE
A9FF
AA00
AA01
AA02
AA03
AA04
AA05
AA06
AA07
AA08
AA09
AA0A
AA0B
AA0C
AA0D
AA0E
AA0F
AA10
AA11
AA12
AA13
AA14
AA15
AA16
AA17
AA18
AA19
AA1A
AA1B
AA1C
AA1D
AA1E
AA1F
AA20
AA21
AA22
AA23
AA24
AA25
AA26
AA27
AA28
AA29
AA2A
AA2B
AA2C
AA2D
AA2E
AA2F
AA30
AA31
AA32
AA33
AA34
AA35
AA36
AA37
AA38
AA39
AA3A
AA3B
AA3C
AA3D
AA3E
AA3F
AA40
AA41
AA42
AA43
AA44
AA45
AA46
AA47
AA48
AA49
AA4A
AA4B
AA4C
AA4D
AA4E
AA4F
AA50
AA51
AA52
AA53
AA54
AA55
AA56
AA57
AA58
AA59
AA5A
AA5B
AA5C
AA5D
AA5E
AA5F
AA60
AA61
AA62
AA63
AA64
AA65
AA66
AA67
AA68
AA69
AA6A
AA6B
AA6C
AA6D
AA6E
AA6F
AA70
AA71
AA72
AA73
AA74
AA75
AA76
AA77
AA78
AA79
AA7A
AA7B
AA7C
AA7D
AA7E
AA7F
AA80
AA81
AA82
AA83
AA84
AA85
AA86
AA87
AA88
AA89
AA8A
AA8B
AA8C
AA8D
AA8E
AA8F
AA90
AA91
AA92
AA93
AA94
AA95
AA96
AA97
AA98
AA99
AA9A
AA9A
AA9B
AA9C
AA9D
AA9E
AA9F
AAA0
AAA1
AAA2
AAA3
AAA4
AAA5
AAA6
AAA7
AAA8
AAA9
AAAA
AAAB
AAAC
AAAD
AAAE
AAAF
AAB0
AAB1
AAB2
AAB3
AAB4
AAB5
AAB6
AAB7
AAB8
AAB9
AABA
AABB
AABC
AABD
AABE
AABF
AAC0
AAC1
AAC2
AAC3
AAC4
AAC5
AAC6
AAC7
AAC8
AAC9
AACA
AACB
AACC
AACD
AACE
AACF
AAD0
AAD1
AAD2
AAD3
AAD4
AAD5
AAD6
AAD7
AAD8
AAD9
AADA
AADB
AADC
AADD
AADE
AADF
AAE0
AAE1
AAE2
AAE3
AAE4
AAE5
AAE6
AAE7
AAE8
AAE9
AAEA
AAEB
AAEC
AAED
AAEE
AAEF
AAF0
AAF1
AAF2
AAF3
AAF4
AAF5
AAF6
AAF7
AAF8
AAF9
AAFA
AAFB
AAFC
AAFD
AAFE
AAFF
AB00
AB01
AB02
AB03
AB04
AB05
AB06
AB07
AB08
AB09
AB0A
AB0B
AB0C
AB0D
AB0E
AB0F
AB10
AB11
AB12
AB13
AB14
AB15
AB16
AB17
AB18
AB19
AB1A
AB1B
AB1C
AB1D
AB1E
AB1F
AB20
AB21
AB22
AB23
AB24
AB25
AB26
AB27
AB28
AB29
AB2A
AB2B
AB2C
AB2D
AB2E
AB2F
AB30
AB31
AB32
AB33
AB34
AB35
AB36
AB37
AB38
AB39
AB3A
AB3B
AB3C
AB3D
AB3E
AB3F
AB40
AB41
AB42
AB43
AB44
AB45
AB46
AB47
AB48
AB49
AB4A
AB4B
AB4C
AB4D
AB4E
AB4F
AB50
AB51
AB52
AB53
AB54
AB55
AB56
AB57
AB58
AB59
AB5A
AB5B
AB5C
AB5D
AB5E
AB5F
AB60
AB61
AB62
AB63
AB64
AB65
AB66
AB67
AB68
AB69
AB6A
AB6B
AB6C
AB6D
AB6E
AB6F
AB70
AB71
AB72
AB73
AB74
AB75
AB76
AB77
AB78
AB79
AB7A
AB7B
AB7C
AB7D
AB7E
AB7F
AB80
AB81
AB82
AB83
AB84
AB85
AB86
AB87
AB88
AB89
AB8A
AB8B
AB8C
AB8D
AB8E
AB8F
AB90
AB91
AB92
AB93
AB94
AB95
AB96
AB97
AB98
AB99
AB9A
AB9B
AB9C
AB9D
AB9E
AB9F
ABA0
ABA1
ABA2
ABA3
ABA4
ABA5
ABA6
ABA7
ABA8
ABA9
ABAA
ABAB
ABAC
ABAD
ABAE
ABAF
ABB0
ABB1
ABB2
ABB3
ABB4
ABB5
ABB6
ABB7
ABB8
ABB9
ABBA
ABBB
ABBC
ABBD
ABBE
ABBF
ABC0
ABC1
ABC2
ABC3
ABC4
ABC5
ABC6
ABC7
ABC8
ABC9
ABCA
ABCB
ABCC
ABCD
ABCE
ABCF
ABD0
ABD1
ABD2
ABD3
ABD3
ABD4
ABD5
ABD6
ABD7
ABD8
ABD9
ABDA
ABDB
ABDC
ABDD
ABDE
ABDF
ABE0
ABE1
ABE2
ABE3
ABE4
ABE5
ABE6
ABE7
ABE8
ABE9
ABEA
ABEB
ABEC
ABED
ABEE
ABEF
ABF0
ABF1
ABF2
ABF3
ABF4
ABF5
ABF6
ABF7
ABF8
ABF9
ABFA
ABFB
ABFC
ABFD
ABFF
AC01
AC02
AC03
AC04
AC05
AC06
AC07
AC08
AC09
AC0A
AC0B
AC0C
AC0D
AC0E
AC0F
AC10
AC11
AC12
AC13
AC14
AC15
AC16
AC17
AC18
AC19
AC1A
AC1B
AC1C
AC1D
AC1E
AC1F
AC20
AC21
AC22
AC23
AC24
AC25
AC26
AC27
AC28
AC28
AC29
AC2A
AC2B
AC2C
AC2D
AC2E
AC2F
AC30
AC31
AC32
AC33
AC34
AC35
AC36
AC37
AC38
AC39
AC3A
AC3B
AC3C
AC3D
AC3E
AC3F
AC40
AC41
AC42
AC43
AC44
AC45
AC46
AC47
AC48
AC49
AC4A
AC4B
AC4C
AC4D
AC4E
AC4F
AC50
AC51
AC52
AC53
AC54
AC55
AC56
AC57
AC58
AC59
AC5A
AC5B
AC5C
AC5D
AC5E
AC5F
AC60
AC61
AC62
AC63
AC64
AC65
AC66
AC67
AC68
AC69
AC6A
AC6B
AC6C
AC6D
AC6E
AC6F
AC70
AC71
AC72
AC73
AC74
AC75
AC76
AC77
AC78
AC79
AC7A
AC7B
AC7C
AC7D
AC7E
AC7F
AC80
AC81
AC82
AC83
AC84
AC85
AC86
AC87
AC88
AC89
AC8A
AC8B
AC8C
AC8D
AC8E
AC8F
AC90
AC91
AC92
AC93
AC94
AC95
AC96
AC97
AC98
AC99
AC9A
AC9B
AC9C
AC9D
AC9E
AC9F
ACA0
ACA1
ACA2
ACA3
ACA4
ACA5
ACA6
ACA7
ACA8
ACA9
ACAA
ACAB
ACAC
ACAD
ACAE
ACAF
ACB0
ACB1
ACB2
ACB3
ACB4
ACB5
ACB6
ACB7
ACB8
ACB9
ACBA
ACBB
ACBC
ACBD
ACBE
ACBF
ACC0
ACC1
ACC2
ACC3
ACC4
ACC5
ACC6
ACC7
ACC8
ACC9
ACCA
ACCB
ACCC
ACCD
ACCE
ACCF
ACD0
ACD1
ACD2
ACD3
ACD4
ACD5
ACD6
ACD7
ACD8
ACD9
ACDA
ACDB
ACDC
ACDD
ACDE
ACDF
ACE0
ACE1
ACE2
ACE3
ACE4
ACE5
ACE6
ACE7
ACE8
ACE9
ACEA
ACEB
ACEC
ACED
ACED
ACEE
ACEF
ACF0
ACF1
ACF2
ACF3
ACF4
ACF5
ACF6
ACF7
ACF8
ACF9
ACFA
ACFB
ACFC
ACFD
ACFE
ACFF
AD00
AD01
AD02
AD03
AD04
AD05
AD06
AD07
AD08
AD09
AD0A
AD0B
AD0C
AD0D
AD0E
AD0F
AD10
AD11
AD12
AD13
AD14
AD15
AD16
AD17
AD18
AD19
AD1A
AD1B
AD1C
AD1D
AD1E
AD1F
AD20
AD21
AD22
AD23
AD24
AD25
AD26
AD27
AD28
AD29
AD2A
AD2B
AD2C
AD2D
AD2E
AD2F
AD30
AD31
AD32
AD33
AD34
AD35
AD36
AD37
AD38
AD39
AD3A
AD3B
AD3C
AD3D
AD3E
AD3F
AD40
AD41
AD42
AD43
AD44
AD45
AD46
AD47
AD48
AD49
AD4A
AD4B
AD4C
AD4D
AD4E
AD4F
AD50
AD51
AD52
AD53
AD54
AD55
AD56
AD57
AD58
AD59
AD5A
AD5B
AD5C
AD5D
AD5E
AD5F
AD60
AD61
AD62
AD63
AD64
AD65
AD66
AD67
AD68
AD69
AD6A
AD6B
AD6C
AD6D
AD6E
AD6F
AD70
AD71
AD72
AD73
AD74
AD75
AD76
AD77
AD78
AD79
AD7A
AD7B
AD7C
AD7D
AD7E
AD7F
AD80
AD81
AD82
AD82
AD83
AD84
AD85
AD86
AD87
AD88
AD89
AD8A
AD8B
AD8C
AD8D
AD8E
AD8F
AD90
AD91
AD92
AD93
AD94
AD95
AD96
AD97
AD98
AD99
AD9A
AD9B
AD9C
AD9D
AD9E
AD9F
ADA0
ADA1
ADA2
ADA3
ADA4
ADA5
ADA6
ADA7
ADA8
ADA9
ADAA
ADAB
ADAC
ADAD
ADAE
ADAF
ADB0
ADB1
ADB2
ADB3
ADB4
ADB5
ADB6
ADB7
ADB8
ADB9
ADBA
ADBB
ADBC
ADBD
ADBE
ADBF
ADC0
ADC1
ADC2
ADC3
ADC4
ADC5
ADC6
ADC7
ADC8
ADC9
ADCA
ADCB
ADCC
ADCD
ADCE
ADCF
ADD0
ADD1
ADD2
ADD3
ADD4
ADD5
ADD6
ADD7
ADD8
ADD9
ADDA
ADDB
ADDC
ADDD
ADDE
ADDF
ADE0
ADE1
ADE2
ADE3
ADE4
ADE5
ADE6
ADE7
ADE8
ADE9
ADEA
ADEB
ADEC
ADED
ADEE
ADEF
ADF0
ADF1
ADF2
ADF3
ADF4
ADF5
ADF6
ADF7
ADF8
ADF9
ADFA
ADFB
ADFC
ADFD
ADFD
ADFE
ADFF
AE00
AE01
AE02
AE03
AE04
AE05
AE06
AE07
AE08
AE09
AE0A
AE0B
AE0C
AE0D
AE0E
AE0F
AE10
AE11
AE12
AE13
AE14
AE15
AE16
AE17
AE18
AE19
AE1A
AE1B
AE1C
AE1D
AE1E
AE1F
AE20
AE21
AE22
AE23
AE24
AE25
AE26
AE27
AE28
AE29
AE2A
AE2B
AE2C
AE2D
AE2E
AE2F
AE30
AE31
AE32
AE33
AE34
AE35
AE36
AE37
AE38
AE39
AE3A
AE3B
AE3C
AE3D
AE3E
AE3F
AE40
AE41
AE42
AE43
AE44
AE45
AE46
AE47
AE48
AE49
AE4A
AE4B
AE4C
AE4D
AE4E
AE4F
AE50
AE51
AE52
AE53
AE54
AE55
AE56
AE57
AE58
AE59
AE5A
AE5B
AE5C
AE5D
AE5E
AE5F
AE60
AE61
AE62
AE63
AE64
AE65
AE66
AE67
AE67
AE68
AE69
AE6A
AE6B
AE6C
AE6D
AE6E
AE6F
AE70
AE71
AE72
AE73
AE74
AE75
AE76
AE77
AE78
AE79
AE7A
AE7B
AE7C
AE7D
AE7E
AE7F
AE80
AE81
AE82
AE83
AE84
AE85
AE86
AE87
AE88
AE89
AE8A
AE8B
AE8C
AE8D
AE8E
AE8F
AE90
AE91
AE92
AE93
AE94
AE95
AE96
AE97
AE98
AE99
AE9A
AE9B
AE9C
AE9D
AE9E
AE9F
AEA0
AEA1
AEA2
AEA3
AEA4
AEA5
AEA6
AEA7
AEA8
AEA9
AEAA
AEAB
AEAC
AEAD
AEAE
AEAF
AEB0
AEB1
AEB2
AEB3
AEB4
AEB5
AEB6
AEB7
AEB8
AEB9
AEBA
AEBB
AEBC
AEBD
AEBE
AEBF
AEC0
AEC1
AEC2
AEC3
AEC4
AEC4
AEC5
AEC6
AEC7
AEC8
AEC9
AECA
AECB
AECC
AECD
AECE
AECF
AED0
AED1
AED2
AED3
AED4
AED5
AED6
AED7
AED8
AED9
AEDA
AEDB
AEDC
AEDD
AEDE
AEDF
AEE0
AEE1
AEE2
AEE3
AEE4
AEE5
AEE6
AEE7
AEE8
AEE9
AEEA
AEEB
AEEC
AEED
AEEE
AEEF
AEF0
AEF1
AEF2
AEF3
AEF4
AEF5
AEF6
AEF7
AEF8
AEF9
AEFA
AEFB
AEFC
AEFD
AEFE
AEFF
AF00
AF01
AF02
AF03
AF04
AF05
AF06
AF07
AF08
AF09
AF0A
AF0B
AF0C
AF0D
AF0E
AF0F
AF10
AF11
AF12
AF13
AF14
AF15
AF16
AF17
AF18
AF19
AF19
AF1A
AF1B
AF1C
AF1D
AF1E
AF1F
AF20
AF21
AF22
AF23
AF24
AF25
AF26
AF27
AF28
AF29
AF2A
AF2B
AF2C
AF2D
AF2E
AF2F
AF30
AF31
AF32
AF33
AF34
AF35
AF36
AF37
AF38
AF39
AF3A
AF3B
AF3C
AF3D
AF3E
AF3F
AF40
AF41
AF42
AF43
AF44
AF45
AF46
AF47
AF48
AF49
AF4A
AF4B
AF4C
AF4D
AF4E
AF4F
AF50
AF51
AF52
AF53
AF54
AF55
AF56
AF57
AF58
AF59
AF5A
AF5B
AF5C
AF5D
AF5E
AF5F
AF60
AF61
AF62
AF63
AF64
AF65
AF66
AF66
AF67
AF68
AF69
AF6A
AF6B
AF6C
AF6D
AF6E
AF6F
AF70
AF71
AF72
AF73
AF74
AF75
AF76
AF77
AF78
AF79
AF7A
AF7B
AF7C
AF7D
AF7E
AF7F
AF80
AF81
AF82
AF83
AF84
AF85
AF86
AF87
AF88
AF89
AF8A
AF8B
AF8C
AF8D
AF8E
AF8F
AF90
AF91
AF92
AF93
AF94
AF95
AF96
AF97
AF98
AF99
AF9A
AF9B
AF9C
AF9D
AF9E
AF9F
AFA0
AFA1
AFA2
AFA3
AFA4
AFA5
AFA6
AFA7
AFA8
AFA9
AFAA
AFAB
AFAC
AFAD
AFAD
AFAE
AFAF
AFB0
AFB1
AFB2
AFB3
AFB4
AFB5
AFB6
AFB7
AFB8
AFB9
AFBA
AFBB
AFBC
AFBD
AFBE
AFBF
AFC0
AFC1
AFC2
AFC3
AFC4
AFC5
AFC6
AFC7
AFC8
AFC9
AFCA
AFCB
AFCC
AFCD
AFCE
AFCF
AFD0
AFD1
AFD2
AFD3
AFD4
AFD5
AFD6
AFD7
AFD8
AFD9
AFDA
AFDB
AFDC
AFDD
AFDE
AFDF
AFE0
AFE1
AFE2
AFE3
AFE4
AFE5
AFE6
AFE7
AFE8
AFE9
AFEA
AFEB
AFEC
AFED
AFEE
AFEF
AFEF
AFF0
AFF1
AFF2
AFF3
AFF4
AFF5
AFF7
AFF9
AFFB
AFFD
AFFF
B001
B002
B003
B004
B005
B006
B007
B007
B008
B009
B00A
B00B
B00C
B00D
B00E
B00F
B010
B011
B012
B013
B014
B015
B016
B017
B018
B019
B01A
B01B
B01C
B01D
B01E
B01F
B020
B021
B022
B023
B024
B025
B026
B027
B028
B029
B02A
B02B
B02C
B02D
B02E
B02F
B030
B031
B032
B033
B034
B035
B036
B037
B038
B039
B03A
B03B
B03C
B03D
B03E
B03F
B040
B041
B042
B042
B043
B044
B045
B046
B047
B048
B049
B04A
B04B
B04C
B04D
B04E
B04F
B050
B051
B052
B053
B054
B055
B056
B057
B058
B059
B05A
B05B
B05C
B05D
B05E
B05F
B060
B061
B062
B063
B064
B065
B066
B067
B068
B069
B06A
B06B
B06C
B06D
B06E
B06F
B070
B071
B072
B073
B074
B075
B076
B077
B077
B078
B079
B07A
B07B
B07C
B07D
B07E
B07F
B080
B081
B082
B083
B084
B085
B086
B087
B088
B089
B08A
B08B
B08C
B08D
B08E
B08F
B090
B091
B092
B093
B094
B095
B096
B097
B098
B099
B09A
B09B
B09C
B09D
B09E
B09F
B0A0
B0A1
B0A2
B0A3
B0A4
B0A5
B0A6
B0A7
B0A7
B0A8
B0A9
B0AA
B0AB
B0AC
B0AD
B0AE
B0AF
B0B0
B0B1
B0B2
B0B3
B0B4
B0B5
B0B6
B0B7
B0B8
B0B9
B0BA
B0BB
B0BC
B0BD
B0BE
B0BF
B0C0
B0C1
B0C2
B0C3
B0C4
B0C5
B0C6
B0C7
B0C8
B0C9
B0CA
B0CB
B0CC
B0CD
B0CE
B0CF
B0D0
B0D1
B0D2
B0D3
B0D4
B0D4
B0D5
B0D6
B0D7
B0D8
B0D9
B0DA
B0DB
B0DC
B0DD
B0DE
B0DF
B0E0
B0E1
B0E2
B0E3
B0E4
B0E5
B0E6
B0E7
B0E8
B0E9
B0EA
B0EB
B0EC
B0ED
B0EE
B0EF
B0F0
B0F1
B0F2
B0F3
B0F4
B0F5
B0F6
B0F7
B0F8
B0F9
B0FA
B0FB
B0FC
B0FD
B0FD
B0FE
B0FF
B100
B101
B102
B103
B104
B105
B106
B107
B108
B109
B10A
B10B
B10C
B10D
B10E
B10F
B110
B111
B112
B113
B114
B115
B116
B117
B118
B119
B11A
B11B
B11C
B11D
B11E
B11F
B120
B121
B122
B123
B124
B124
B125
B126
B127
B128
B129
B12A
B12B
B12C
B12D
B12E
B12F
B130
B131
B132
B133
B134
B135
B136
B137
B138
B139
B13A
B13B
B13C
B13D
B13E
B13F
B140
B141
B142
B143
B144
B145
B146
B147
B148
B149
B149
B14A
B14B
B14C
B14D
B14E
B14F
B150
B151
B152
B153
B154
B155
B156
B157
B158
B159
B15A
B15B
B15C
B15D
B15E
B15F
B160
B161
B162
B163
B164
B165
B166
B167
B168
B169
B16A
B16B
B16B
B16C
B16D
B16E
B16F
B170
B171
B172
B173
B174
B175
B176
B177
B178
B179
B17A
B17B
B17C
B17D
B17E
B17F
B180
B181
B182
B183
B184
B185
B186
B187
B188
B189
B18A
B18B
B18C
B18D
B18D
B18E
B18F
B190
B191
B192
B193
B194
B195
B196
B197
B198
B199
B19A
B19B
B19C
B19D
B19E
B19F
B1A0
B1A1
B1A2
B1A3
B1A4
B1A5
B1A6
B1A7
B1A8
B1A9
B1AA
B1AB
B1AC
B1AC
B1AD
B1AE
B1AF
B1B0
B1B1
B1B2
B1B3
B1B4
B1B5
B1B6
B1B7
B1B8
B1B9
B1BA
B1BB
B1BC
B1BD
B1BE
B1BF
B1C0
B1C1
B1C2
B1C3
B1C4
B1C5
B1C6
B1C7
B1C8
B1C9
B1CA
B1CA
B1CB
B1CC
B1CD
B1CE
B1CF
B1D0
B1D1
B1D2
B1D3
B1D4
B1D5
B1D6
B1D7
B1D8
B1D9
B1DA
B1DB
B1DC
B1DD
B1DE
B1DF
B1E0
B1E1
B1E2
B1E3
B1E4
B1E5
B1E6
B1E7
B1E7
B1E8
B1E9
B1EA
B1EB
B1EC
B1ED
B1EE
B1EF
B1F0
B1F1
B1F2
B1F3
B1F4
B1F5
B1F6
B1F7
B1F8
B1F9
B1FA
B1FB
B1FC
B1FD
B1FE
B1FF
B200
B201
B202
B203
B203
B204
B205
B206
B207
B208
B209
B20A
B20B
B20C
B20D
B20E
B20F
B210
B211
B212
B213
B214
B215
B216
B217
B218
B219
B21A
B21B
B21C
B21D
B21E
B21E
B21F
B220
B221
B222
B223
B224
B225
B226
B227
B228
B229
B22A
B22B
B22C
B22D
B22E
B22F
B230
B231
B232
B233
B234
B235
B236
B237
B238
B238
B239
B23A
B23B
B23C
B23D
B23E
B23F
B240
B241
B242
B243
B244
B245
B246
B247
B248
B249
B24A
B24B
B24C
B24D
B24E
B24F
B250
B251
B251
B252
B253
B254
B255
B256
B257
B258
B259
B25A
B25B
B25C
B25D
B25E
B25F
B260
B261
B262
B263
B264
B265
B266
B267
B268
B269
B269
B26A
B26B
B26C
B26D
B26E
B26F
B270
B271
B272
B273
B274
B275
B276
B277
B278
B279
B27A
B27B
B27C
B27D
B27E
B27F
B280
B281
B281
B282
B283
B284
B285
B286
B287
B288
B289
B28A
B28B
B28C
B28D
B28E
B28F
B290
B291
B292
B293
B294
B295
B296
B297
B298
B298
B299
B29A
B29B
B29C
B29D
B29E
B29F
B2A0
B2A1
B2A2
B2A3
B2A4
B2A5
B2A6
B2A7
B2A8
B2A9
B2AA
B2AB
B2AC
B2AD
B2AE
B2AE
B2AF
B2B0
B2B1
B2B2
B2B3
B2B4
B2B5
B2B6
B2B7
B2B8
B2B9
B2BA
B2BB
B2BC
B2BD
B2BE
B2BF
B2C0
B2C1
B2C2
B2C3
B2C4
B2C4
B2C5
B2C6
B2C7
B2C8
B2C9
B2CA
B2CB
B2CC
B2CD
B2CE
B2CF
B2D0
B2D1
B2D2
B2D3
B2D4
B2D5
B2D6
B2D7
B2D8
B2D9
B2D9
B2DA
B2DB
B2DC
B2DD
B2DE
B2DF
B2E0
B2E1
B2E2
B2E3
B2E4
B2E5
B2E6
B2E7
B2E8
B2E9
B2EA
B2EB
B2EC
B2ED
B2ED
B2EE
B2EF
B2F0
B2F1
B2F2
B2F3
B2F4
B2F5
B2F6
B2F7
B2F8
B2F9
B2FA
B2FB
B2FC
B2FD
B2FE
B2FF
B300
B301
B301
B302
B303
B304
B305
B306
B307
B308
B309
B30A
B30B
B30C
B30D
B30E
B30F
B310
B311
B312
B313
B314
B315
B315
B316
B317
B318
B319
B31A
B31B
B31C
B31D
B31E
B31F
B320
B321
B322
B323
B324
B325
B326
B327
B328
B328
B329
B32A
B32B
B32C
B32D
B32E
B32F
B330
B331
B332
B333
B334
B335
B336
B337
B338
B339
B33A
B33B
B33B
B33C
B33D
B33E
B33F
B340
B341
B342
B343
B344
B345
B346
B347
B348
B349
B34A
B34B
B34C
B34D
B34D
B34E
B34F
B350
B351
B352
B353
B354
B355
B356
B357
B358
B359
B35A
B35B
B35C
B35D
B35E
B35F
B35F
B360
B361
B362
B363
B364
B365
B366
B367
B368
B369
B36A
B36B
B36C
B36D
B36E
B36F
B370
B371
B371
B372
B373
B374
B375
B376
B377
B378
B379
B37A
B37B
B37C
B37D
B37E
B37F
B380
B381
B382
B382
B383
B384
B385
B386
B387
B388
B389
B38A
B38B
B38C
B38D
B38E
B38F
B390
B391
B392
B393
B393
B394
B395
B396
B397
B398
B399
B39A
B39B
B39C
B39D
B39E
B39F
B3A0
B3A1
B3A2
B3A3
B3A4
B3A4
B3A5
B3A6
B3A7
B3A8
B3A9
B3AA
B3AB
B3AC
B3AD
B3AE
B3AF
B3B0
B3B1
B3B2
B3B3
B3B4
B3B4
B3B5
B3B6
B3B7
B3B8
B3B9
B3BA
B3BB
B3BC
B3BD
B3BE
B3BF
B3C0
B3C1
B3C2
B3C3
B3C4
B3C5
B3C5
B3C6
B3C7
B3C8
B3C9
B3CA
B3CB
B3CC
B3CD
B3CE
B3CF
B3D0
B3D1
B3D2
B3D3
B3D4
B3D4
B3D5
B3D6
B3D8
B3DA
B3DC
B3DE
B3E0
B3E2
B3E4
B3E5
B3E7
B3E9
B3EB
B3ED
B3EF
B3F1
B3F3
B3F4
B3F6
B3F8
B3FA
B3FC
B3FE
B400
B401
B402
B403
B404
B405
B405
B406
B407
B408
B409
B40A
B40B
B40C
B40D
B40E
B40F
B410
B411
B412
B413
B414
B414
B415
B416
B417
B418
B419
B41A
B41B
B41C
B41D
B41E
B41F
B420
B421
B422
B422
B423
B424
B425
B426
B427
B428
B429
B42A
B42B
B42C
B42D
B42E
B42F
B430
B430
B431
B432
B433
B434
B435
B436
B437
B438
B439
B43A
B43B
B43C
B43D
B43D
B43E
B43F
B440
B441
B442
B443
B444
B445
B446
B447
B448
B449
B44A
B44A
B44B
B44C
B44D
B44E
B44F
B450
B451
B452
B453
B454
B455
B456
B457
B457
B458
B459
B45A
B45B
B45C
B45D
B45E
B45F
B460
B461
B462
B463
B463
B464
B465
B466
B467
B468
B469
B46A
B46B
B46C
B46D
B46E
B46F
B46F
B470
B471
B472
B473
B474
B475
B476
B477
B478
B479
B47A
B47B
B47B
B47C
B47D
B47E
B47F
B480
B481
B482
B483
B484
B485
B486
B487
B487
B488
B489
B48A
B48B
B48C
B48D
B48E
B48F
B490
B491
B492
B492
B493
B494
B495
B496
B497
B498
B499
B49A
B49B
B49C
B49D
B49D
B49E
B49F
B4A0
B4A1
B4A2
B4A3
B4A4
B4A5
B4A6
B4A7
B4A8
B4A8
B4A9
B4AA
B4AB
B4AC
B4AD
B4AE
B4AF
B4B0
B4B1
B4B2
B4B3
B4B3
B4B4
B4B5
B4B6
B4B7
B4B8
B4B9
B4BA
B4BB
B4BC
B4BD
B4BE
B4BE
B4BF
B4C0
B4C1
B4C2
B4C3
B4C4
B4C5
B4C6
B4C7
B4C8
B4C8
B4C9
B4CA
B4CB
B4CC
B4CD
B4CE
B4CF
B4D0
B4D1
B4D2
B4D2
B4D3
B4D4
B4D5
B4D6
B4D7
B4D8
B4D9
B4DA
B4DB
B4DC
B4DC
B4DD
B4DE
B4DF
B4E0
B4E1
B4E2
B4E3
B4E4
B4E5
B4E6
B4E6
B4E7
B4E8
B4E9
B4EA
B4EB
B4EC
B4ED
B4EE
B4EF
B4EF
B4F0
B4F1
B4F2
B4F3
B4F4
B4F5
B4F6
B4F7
B4F8
B4F9
B4F9
B4FA
B4FB
B4FC
B4FD
B4FE
B4FF
B500
B501
B502
B502
B503
B504
B505
B506
B507
B508
B509
B50A
B50B
B50B
B50C
B50D
B50E
B50F
B510
B511
B512
B513
B514
B514
B515
B516
B517
B518
B519
B51A
B51B
B51C
B51D
B51D
B51E
B51F
B520
B521
B522
B523
B524
B525
B526
B526
B527
B528
B529
B52A
B52B
B52C
B52D
B52E
B52E
B52F
B530
B531
B532
B533
B534
B535
B536
B537
B537
B538
B539
B53A
B53B
B53C
B53D
B53E
B53F
B53F
B540
B541
B542
B543
B544
B545
B546
B547
B547
B548
B549
B54A
B54B
B54C
B54D
B54E
B54F
B54F
B550
B551
B552
B553
B554
B555
B556
B557
B557
B558
B559
B55A
B55B
B55C
B55D
B55E
B55F
B55F
B560
B561
B562
B563
B564
B565
B566
B567
B567
B568
B569
B56A
B56B
B56C
B56D
B56E
B56F
B56F
B570
B571
B572
B573
B574
B575
B576
B577
B577
B578
B579
B57A
B57B
B57C
B57D
B57E
B57E
B57F
B580
B581
B582
B583
B584
B585
B586
B586
B587
B588
B589
B58A
B58B
B58C
B58D
B58D
B58E
B58F
B590
B591
B592
B593
B594
B594
B595
B596
B597
B598
B599
B59A
B59B
B59B
B59C
B59D
B59E
B59F
B5A0
B5A1
B5A2
B5A2
B5A3
B5A4
B5A5
B5A6
B5A7
B5A8
B5A9
B5A9
B5AA
B5AB
B5AC
B5AD
B5AE
B5AF
B5B0
B5B0
B5B1
B5B2
B5B3
B5B4
B5B5
B5B6
B5B7
B5B7
B5B8
B5B9
B5BA
B5BB
B5BC
B5BD
B5BE
B5BE
B5BF
B5C0
B5C1
B5C2
B5C3
B5C4
B5C5
B5C5
B5C6
B5C7
B5C8
B5C9
B5CA
B5CB
B5CB
B5CC
B5CD
B5CE
B5CF
B5D0
B5D1
B5D2
B5D2
B5D3
B5D4
B5D5
B5D6
B5D7
B5D8
B5D9
B5D9
B5DA
B5DB
B5DC
B5DD
B5DE
B5DF
B5DF
B5E0
B5E1
B5E2
B5E3
B5E4
B5E5
B5E5
B5E6
B5E7
B5E8
B5E9
B5EA
B5EB
B5EC
B5EC
B5ED
B5EE
B5EF
B5F0
B5F1
B5F2
B5F2
B5F3
B5F4
B5F5
B5F6
B5F7
B5F8
B5F8
B5F9
B5FA
B5FB
B5FC
B5FD
B5FE
B5FE
B5FF
B600
B601
B602
B603
B604
B605
B605
B606
B607
B608
B609
B60A
B60B
B60B
B60C
B60D
B60E
B60F
B610
B611
B611
B612
B613
B614
B615
B616
B616
B617
B618
B619
B61A
B61B
B61C
B61C
B61D
B61E
B61F
B620
B621
B622
B622
B623
B624
B625
B626
B627
B628
B628
B629
B62A
B62B
B62C
B62D
B62E
B62E
B62F
B630
B631
B632
B633
B633
B634
B635
B636
B637
B638
B639
B639
B63A
B63B
B63C
B63D
B63E
B63F
B63F
B640
B641
B642
B643
B644
B644
B645
B646
B647
B648
B649
B64A
B64A
B64B
B64C
B64D
B64E
B64F
B64F
B650
B651
B652
B653
B654
B654
B655
B656
B657
B658
B659
B65A
B65A
B65B
B65C
B65D
B65E
B65F
B65F
B660
B661
B662
B663
B664
B664
B665
B666
B667
B668
B669
B66A
B66A
B66B
B66C
B66D
B66E
B66F
B66F
B670
B671
B672
B673
B674
B674
B675
B676
B677
B678
B679
B679
B67A
B67B
B67C
B67D
B67E
B67E
B67F
B680
B681
B682
B683
B683
B684
B685
B686
B687
B688
B688
B689
B68A
B68B
B68C
B68D
B68D
B68E
B68F
B690
B691
B692
B692
B693
B694
B695
B696
B697
B697
B698
B699
B69A
B69B
B69C
B69C
B69D
B69E
B69F
B6A0
B6A1
B6A1
B6A2
B6A3
B6A4
B6A5
B6A6
B6A6
B6A7
B6A8
B6A9
B6AA
B6AB
B6AB
B6AC
B6AD
B6AE
B6AF
B6AF
B6B0
B6B1
B6B2
B6B3
B6B4
B6B4
B6B5
B6B6
B6B7
B6B8
B6B9
B6B9
B6BA
B6BB
B6BC
B6BD
B6BD
B6BE
B6BF
B6C0
B6C1
B6C2
B6C2
B6C3
B6C4
B6C5
B6C6
B6C7
B6C7
B6C8
B6C9
B6CA
B6CB
B6CB
B6CC
B6CD
B6CE
B6CF
B6D0
B6D0
B6D1
B6D2
B6D3
B6D4
B6D4
B6D5
B6D6
B6D7
B6D8
B6D9
B6D9
B6DA
B6DB
B6DC
B6DD
B6DD
B6DE
B6DF
B6E0
B6E1
B6E1
B6E2
B6E3
B6E4
B6E5
B6E6
B6E6
B6E7
B6E8
B6E9
B6EA
B6EA
B6EB
B6EC
B6ED
B6EE
B6EF
B6EF
B6F0
B6F1
B6F2
B6F3
B6F3
B6F4
B6F5
B6F6
B6F7
B6F7
B6F8
B6F9
B6FA
B6FB
B6FB
B6FC
B6FD
B6FE
B6FF
B700
B700
B701
B702
B703
B704
B704
B705
B706
B707
B708
B708
B709
B70A
B70B
B70C
B70C
B70D
B70E
B70F
B710
B710
B711
B712
B713
B714
B715
B715
B716
B717
B718
B719
B719
B71A
B71B
B71C
B71D
B71D
B71E
B71F
B720
B721
B721
B722
B723
B724
B725
B725
B726
B727
B728
B729
B729
B72A
B72B
B72C
B72D
B72D
B72E
B72F
B730
B731
B731
B732
B733
B734
B735
B735
B736
B737
B738
B739
B739
B73A
B73B
B73C
B73C
B73D
B73E
B73F
B740
B740
B741
B742
B743
B744
B744
B745
B746
B747
B748
B748
B749
B74A
B74B
B74C
B74C
B74D
B74E
B74F
B750
B750
B751
B752
B753
B753
B754
B755
B756
B757
B757
B758
B759
B75A
B75B
B75B
B75C
B75D
B75E
B75F
B75F
B760
B761
B762
B762
B763
B764
B765
B766
B768
B76A
B76B
B76D
B76E
B770
B771
B773
B775
B776
B778
B779
B77B
B77C
B77E
B77F
B781
B783
B784
B786
B787
B789
B78A
B78C
B78D
B78F
B791
B792
B794
B795
B797
B798
B79A
B79B
B79D
B79F
B7A0
B7A2
B7A3
B7A5
B7A6
B7A8
B7A9
B7AB
B7AC
B7AE
B7B0
B7B1
B7B3
B7B4
B7B6
B7B7
B7B9
B7BA
B7BC
B7BD
B7BF
B7C0
B7C2
B7C3
B7C5
B7C7
B7C8
B7CA
B7CB
B7CD
B7CE
B7D0
B7D1
B7D3
B7D4
B7D6
B7D7
B7D9
B7DA
B7DC
B7DD
B7DF
B7E0
B7E2
B7E3
B7E5
B7E6
B7E8
B7E9
B7EB
B7EC
B7EE
B7EF
B7F1
B7F3
B7F4
B7F6
B7F7
B7F9
B7FA
B7FC
B7FD
B7FF
B800
B801
B802
B802
B803
B804
B805
B805
B806
B807
B807
B808
B809
B80A
B80A
B80B
B80C
B80D
B80D
B80E
B80F
B810
B810
B811
B812
B813
B813
B814
B815
B816
B816
B817
B818
B819
B819
B81A
B81B
B81C
B81C
B81D
B81E
B81E
B81F
B820
B821
B821
B822
B823
B824
B824
B825
B826
B827
B827
B828
B829
B829
B82A
B82B
B82C
B82C
B82D
B82E
B82F
B82F
B830
B831
B831
B832
B833
B834
B834
B835
B836
B837
B837
B838
B839
B839
B83A
B83B
B83C
B83C
B83D
B83E
B83E
B83F
B840
B841
B841
B842
B843
B843
B844
B845
B846
B846
B847
B848
B848
B849
B84A
B84B
B84B
B84C
B84D
B84D
B84E
B84F
B850
B850
B851
B852
B852
B853
B854
B855
B855
B856
B857
B857
B858
B859
B859
B85A
B85B
B85C
B85C
B85D
B85E
B85E
B85F
B860
B860
B861
B862
B863
B863
B864
B865
B865
B866
B867
B867
B868
B869
B86A
B86A
B86B
B86C
B86C
B86D
B86E
B86E
B86F
B870
B871
B871
B872
B873
B873
B874
B875
B875
B876
B877
B877
B878
B879
B879
B87A
B87B
B87C
B87C
B87D
B87E
B87E
B87F
B880
B880
B881
B882
B882
B883
B884
B884
B885
B886
B886
B887
B888
B889
B889
B88A
B88B
B88B
B88C
B88D
B88D
B88E
B88F
B88F
B890
B891
B891
B892
B893
B893
B894
B895
B895
B896
B897
B897
B898
B899
B899
B89A
B89B
B89B
B89C
B89D
B89D
B89E
B89F
B89F
B8A0
B8A1
B8A1
B8A2
B8A3
B8A3
B8A4
B8A5
B8A5
B8A6
B8A7
B8A7
B8A8
B8A9
B8A9
B8AA
B8AB
B8AB
B8AC
B8AD
B8AD
B8AE
B8AF
B8AF
B8B0
B8B1
B8B1
B8B2
B8B3
B8B3
B8B4
B8B4
B8B5
B8B6
B8B6
B8B7
B8B8
B8B8
B8B9
B8BA
B8BA
B8BB
B8BC
B8BC
B8BD
B8BE
B8BE
B8BF
B8C0
B8C0
B8C1
B8C2
B8C2
B8C3
B8C3
B8C4
B8C5
B8C5
B8C6
B8C7
B8C7
B8C8
B8C9
B8C9
B8CA
B8CB
B8CB
B8CC
B8CC
B8CD
B8CE
B8CE
B8CF
B8D0
B8D0
B8D1
B8D2
B8D2
B8D3
B8D3
B8D4
B8D5
B8D5
B8D6
B8D7
B8D7
B8D8
B8D9
B8D9
B8DA
B8DA
B8DB
B8DC
B8DC
B8DD
B8DE
B8DE
B8DF
B8DF
B8E0
B8E1
B8E1
B8E2
B8E3
B8E3
B8E4
B8E4
B8E5
B8E6
B8E6
B8E7
B8E8
B8E8
B8E9
B8E9
B8EA
B8EB
B8EB
B8EC
B8ED
B8ED
B8EE
B8EE
B8EF
B8F0
B8F0
B8F1
B8F2
B8F2
B8F3
B8F3
B8F4
B8F5
B8F5
B8F6
B8F6
B8F7
B8F8
B8F8
B8F9
B8FA
B8FA
B8FB
B8FB
B8FC
B8FD
B8FD
B8FE
B8FE
B8FF
B900
B900
B901
B902
B902
B903
B903
B904
B905
B905
B906
B906
B907
B908
B908
B909
B909
B90A
B90B
B90B
B90C
B90C
B90D
B90E
B90E
B90F
B90F
B910
B911
B911
B912
B912
B913
B914
B914
B915
B915
B916
B917
B917
B918
B918
B919
B91A
B91A
B91B
B91B
B91C
B91D
B91D
B91E
B91E
B91F
B91F
B920
B921
B921
B922
B922
B923
B924
B924
B925
B925
B926
B927
B927
B928
B928
B929
B929
B92A
B92B
B92B
B92C
B92C
B92D
B92E
B92E
B92F
B92F
B930
B930
B931
B932
B932
B933
B933
B934
B934
B935
B936
B936
B937
B937
B938
B938
B939
B93A
B93A
B93B
B93B
B93C
B93D
B93D
B93E
B93E
B93F
B93F
B940
B940
B941
B942
B942
B943
B943
B944
B944
B945
B946
B946
B947
B947
B948
B948
B949
B94A
B94A
B94B
B94B
B94C
B94C
B94D
B94D
B94E
B94F
B94F
B950
B950
B951
B951
B952
B953
B953
B954
B954
B955
B955
B956
B956
B957
B958
B958
B959
B959
B95A
B95A
B95B
B95B
B95C
B95C
B95D
B95E
B95E
B95F
B95F
B960
B960
B961
B961
B962
B963
B963
B964
B964
B965
B965
B966
B966
B967
B967
B968
B969
B969
B96A
B96A
B96B
B96B
B96C
B96C
B96D
B96D
B96E
B96E
B96F
B970
B970
B971
B971
B972
B972
B973
B973
B974
B974
B975
B975
B976
B977
B977
B978
B978
B979
B979
B97A
B97A
B97B
B97B
B97C
B97C
B97D
B97D
B97E
B97E
B97F
B980
B980
B981
B981
B982
B982
B983
B983
B984
B984
B985
B985
B986
B986
B987
B987
B988
B988
B989
B98A
B98A
B98B
B98B
B98C
B98C
B98D
B98D
B98E
B98E
B98F
B98F
B990
B990
B991
B991
B992
B992
B993
B993
B994
B994
B995
B995
B996
B996
B997
B997
B998
B998
B999
B999
B99A
B99B
B99B
B99C
B99C
B99D
B99D
B99E
B99E
B99F
B99F
B9A0
B9A0
B9A1
B9A1
B9A2
B9A2
B9A3
B9A3
B9A4
B9A4
B9A5
B9A5
B9A6
B9A6
B9A7
B9A7
B9A8
B9A8
B9A9
B9A9
B9AA
B9AA
B9AB
B9AB
B9AC
B9AC
B9AD
B9AD
B9AE
B9AE
B9AF
B9AF
B9B0
B9B0
B9B1
B9B1
B9B2
B9B2
B9B3
B9B3
B9B4
B9B4
B9B5
B9B5
B9B6
B9B6
B9B6
B9B7
B9B7
B9B8
B9B8
B9B9
B9B9
B9BA
B9BA
B9BB
B9BB
B9BC
B9BC
B9BD
B9BD
B9BE
B9BE
B9BF
B9BF
B9C0
B9C0
B9C1
B9C1
B9C2
B9C2
B9C3
B9C3
B9C4
B9C4
B9C5
B9C5
B9C6
B9C6
B9C6
B9C7
B9C7
B9C8
B9C8
B9C9
B9C9
B9CA
B9CA
B9CB
B9CB
B9CC
B9CC
B9CD
B9CD
B9CE
B9CE
B9CF
B9CF
B9D0
B9D0
B9D0
B9D1
B9D1
B9D2
B9D2
B9D3
B9D3
B9D4
B9D4
B9D5
B9D5
B9D6
B9D6
B9D7
B9D7
B9D7
B9D8
B9D8
B9D9
B9D9
B9DA
B9DA
B9DB
B9DB
B9DC
B9DC
B9DD
B9DD
B9DE
B9DE
B9DE
B9DF
B9DF
B9E0
B9E0
B9E1
B9E1
B9E2
B9E2
B9E3
B9E3
B9E4
B9E4
B9E4
B9E5
B9E5
B9E6
B9E6
B9E7
B9E7
B9E8
B9E8
B9E9
B9E9
B9E9
B9EA
B9EA
B9EB
B9EB
B9EC
B9EC
B9ED
B9ED
B9EE
B9EE
B9EE
B9EF
B9EF
B9F0
B9F0
B9F1
B9F1
B9F2
B9F2
B9F2
B9F3
B9F3
B9F4
B9F4
B9F5
B9F5
B9F6
B9F6
B9F6
B9F7
B9F7
B9F8
B9F8
B9F9
B9F9
B9FA
B9FA
B9FA
B9FB
B9FB
B9FC
B9FC
B9FD
B9FD
B9FE
B9FE
B9FE
B9FF
B9FF
BA00
BA00
BA01
BA01
BA01
BA02
BA02
BA03
BA03
BA04
BA04
BA05
BA05
BA05
BA06
BA06
BA07
BA07
BA08
BA08
BA08
BA09
BA09
BA0A
BA0A
BA0B
BA0B
BA0B
BA0C
BA0C
BA0D
BA0D
BA0E
BA0E
BA0E
BA0F
BA0F
BA10
BA10
BA11
BA11
BA11
BA12
BA12
BA13
BA13
BA14
BA14
BA14
BA15
BA15
BA16
BA16
BA16
BA17
BA17
BA18
BA19
BA19
BA1A
BA1B
BA1C
BA1D
BA1E
BA1E
BA1F
BA20
BA21
BA22
BA23
BA23
BA24
BA25
BA26
BA27
BA27
BA28
BA29
BA2A
BA2B
BA2C
BA2C
BA2D
BA2E
BA2F
BA30
BA30
BA31
BA32
BA33
BA34
BA34
BA35
BA36
BA37
BA38
BA38
BA39
BA3A
BA3B
BA3C
BA3C
BA3D
BA3E
BA3F
BA3F
BA40
BA41
BA42
BA43
BA43
BA44
BA45
BA46
BA46
BA47
BA48
BA49
BA49
BA4A
BA4B
BA4C
BA4D
BA4D
BA4E
BA4F
BA50
BA50
BA51
BA52
BA53
BA53
BA54
BA55
BA56
BA56
BA57
BA58
BA59
BA59
BA5A
BA5B
BA5B
BA5C
BA5D
BA5E
BA5E
BA5F
BA60
BA61
BA61
BA62
BA63
BA64
BA64
BA65
BA66
BA66
BA67
BA68
BA69
BA69
BA6A
BA6B
BA6B
BA6C
BA6D
BA6E
BA6E
BA6F
BA70
BA70
BA71
BA72
BA72
BA73
BA74
BA75
BA75
BA76
BA77
BA77
BA78
BA79
BA79
BA7A
BA7B
BA7C
BA7C
BA7D
BA7E
BA7E
BA7F
BA80
BA80
BA81
BA82
BA82
BA83
BA84
BA84
BA85
BA86
BA86
BA87
BA88
BA88
BA89
BA8A
BA8A
BA8B
BA8C
BA8C
BA8D
BA8E
BA8E
BA8F
BA90
BA90
BA91
BA92
BA92
BA93
BA94
BA94
BA95
BA95
BA96
BA97
BA97
BA98
BA99
BA99
BA9A
BA9B
BA9B
BA9C
BA9D
BA9D
BA9E
BA9E
BA9F
BAA0
BAA0
BAA1
BAA2
BAA2
BAA3
BAA3
BAA4
BAA5
BAA5
BAA6
BAA7
BAA7
BAA8
BAA8
BAA9
BAAA
BAAA
BAAB
BAAB
BAAC
BAAD
BAAD
BAAE
BAAE
BAAF
BAB0
BAB0
BAB1
BAB1
BAB2
BAB3
BAB3
BAB4
BAB4
BAB5
BAB6
BAB6
BAB7
BAB7
BAB8
BAB9
BAB9
BABA
BABA
BABB
BABC
BABC
BABD
BABD
BABE
BABE
BABF
BAC0
BAC0
BAC1
BAC1
BAC2
BAC2
BAC3
BAC4
BAC4
BAC5
BAC5
BAC6
BAC6
BAC7
BAC8
BAC8
BAC9
BAC9
BACA
BACA
BACB
BACC
BACC
BACD
BACD
BACE
BACE
BACF
BACF
BAD0
BAD0
BAD1
BAD2
BAD2
BAD3
BAD3
BAD4
BAD4
BAD5
BAD5
BAD6
BAD6
BAD7
BAD8
BAD8
BAD9
BAD9
BADA
BADA
BADB
BADB
BADC
BADC
BADD
BADD
BADE
BADE
BADF
BAE0
BAE0
BAE1
BAE1
BAE2
BAE2
BAE3
BAE3
BAE4
BAE4
BAE5
BAE5
BAE6
BAE6
BAE7
BAE7
BAE8
BAE8
BAE9
BAE9
BAEA
BAEA
BAEB
BAEB
BAEC
BAEC
BAED
BAED
BAEE
BAEE
BAEF
BAEF
BAF0
BAF0
BAF1
BAF1
BAF2
BAF2
BAF3
BAF3
BAF4
BAF4
BAF5
BAF5
BAF6
BAF6
BAF7
BAF7
BAF8
BAF8
BAF9
BAF9
BAFA
BAFA
BAFB
BAFB
BAFC
BAFC
BAFC
BAFD
BAFD
BAFE
BAFE
BAFF
BAFF
BB00
BB00
BB01
BB01
BB02
BB02
BB03
BB03
BB03
BB04
BB04
BB05
BB05
BB06
BB06
BB07
BB07
BB08
BB08
BB09
BB09
BB09
BB0A
BB0A
BB0B
BB0B
BB0C
BB0C
BB0D
BB0D
BB0D
BB0E
BB0E
BB0F
BB0F
BB10
BB10
BB11
BB11
BB11
BB12
BB12
BB13
BB13
BB14
BB14
BB15
BB15
BB15
BB16
BB16
BB17
BB17
BB18
BB18
BB18
BB19
BB19
BB1A
BB1A
BB1B
BB1B
BB1B
BB1C
BB1C
BB1D
BB1D
BB1D
BB1E
BB1E
BB1F
BB1F
BB20
BB20
BB20
BB21
BB21
BB22
BB22
BB22
BB23
BB23
BB24
BB24
BB24
BB25
BB25
BB26
BB26
BB26
BB27
BB27
BB28
BB28
BB28
BB29
BB29
BB2A
BB2A
BB2A
BB2B
BB2B
BB2C
BB2C
BB2C
BB2D
BB2D
BB2E
BB2E
BB2E
BB2F
BB2F
BB30
BB30
BB30
BB31
BB31
BB31
BB32
BB32
BB33
BB33
BB33
BB34
BB34
BB35
BB35
BB35
BB36
BB36
BB36
BB37
BB37
BB38
BB38
BB38
BB39
BB39
BB39
BB3A
BB3A
BB3A
BB3B
BB3B
BB3C
BB3C
BB3C
BB3D
BB3D
BB3D
BB3E
BB3E
BB3E
BB3F
BB3F
BB40
BB40
BB40
BB41
BB41
BB41
BB42
BB42
BB42
BB43
BB43
BB43
BB44
BB44
BB44
BB45
BB45
BB46
BB46
BB46
BB47
BB47
BB47
BB48
BB48
BB48
BB49
BB49
BB49
BB4A
BB4A
BB4A
BB4B
BB4B
BB4B
BB4C
BB4C
BB4C
BB4D
BB4D
BB4D
BB4E
BB4E
BB4E
BB4F
BB4F
BB4F
BB50
BB50
BB50
BB51
BB51
BB51
BB52
BB52
BB52
BB53
BB53
BB53
BB54
BB54
BB54
BB55
BB55
BB55
BB56
BB56
BB56
BB56
BB57
BB57
BB57
BB58
BB58
BB58
BB59
BB59
BB59
BB5A
BB5A
BB5A
BB5B
BB5B
BB5B
BB5B
BB5C
BB5C
BB5C
BB5D
BB5D
BB5D
BB5E
BB5E
BB5E
BB5F
BB5F
BB5F
BB5F
BB60
BB60
BB60
BB61
BB61
BB61
BB62
BB62
BB62
BB62
BB63
BB63
BB63
BB64
BB64
BB64
BB65
BB65
BB65
BB65
BB66
BB66
BB66
BB67
BB67
BB67
BB67
BB68
BB68
BB68
BB69
BB69
BB69
BB69
BB6A
BB6A
BB6A
BB6B
BB6B
BB6B
BB6B
BB6C
BB6C
BB6C
BB6C
BB6D
BB6D
BB6D
BB6E
BB6E
BB6E
BB6E
BB6F
BB6F
BB6F
BB70
BB70
BB70
BB70
BB71
BB71
BB71
BB71
BB72
BB72
BB72
BB72
BB73
BB73
BB73
BB74
BB74
BB74
BB74
BB75
BB75
BB75
BB75
BB76
BB76
BB76
BB76
BB77
BB77
BB77
BB77
BB78
BB78
BB78
BB78
BB79
BB79
BB79
BB79
BB7A
BB7A
BB7A
BB7B
BB7B
BB7B
BB7B
BB7C
BB7C
BB7C
BB7C
BB7D
BB7D
BB7D
BB7D
BB7E
BB7E
BB7E
BB7E
BB7E
BB7F
BB7F
BB7F
BB7F
BB80
BB80
BB80
BB80
BB81
BB81
BB81
BB81
BB82
BB82
BB82
BB82
BB83
BB83
BB83
BB83
BB84
BB84
BB84
BB84
BB84
BB85
BB85
BB85
BB85
BB86
BB86
BB86
BB86
BB87
BB87
BB87
BB87
BB87
BB88
BB88
BB88
BB88
BB89
BB89
BB89
BB89
BB8A
BB8A
BB8A
BB8A
BB8A
BB8B
BB8B
BB8B
BB8B
BB8C
BB8C
BB8C
BB8C
BB8C
BB8D
BB8D
BB8D
BB8D
BB8D
BB8E
BB8E
BB8E
BB8E
BB8F
BB8F
BB8F
BB8F
BB8F
BB90
BB90
BB90
BB90
BB91
BB91
BB91
BB91
BB91
BB92
BB92
BB92
BB92
BB92
BB93
BB93
BB93
BB93
BB93
BB94
BB94
BB94
BB94
BB94
BB95
BB95
BB95
BB95
BB95
BB96
BB96
BB96
BB96
BB96
BB97
BB97
BB97
BB97
BB97
BB98
BB98
BB98
BB98
BB98
BB99
BB99
BB99
BB99
BB99
BB9A
BB9A
BB9A
BB9A
BB9A
BB9B
BB9B
BB9B
BB9B
BB9B
BB9C
BB9C
BB9C
BB9C
BB9C
BB9D
BB9D
BB9D
BB9D
BB9D
BB9D
BB9E
BB9E
BB9E
BB9E
BB9E
BB9F
BB9F
BB9F
BB9F
BB9F
BBA0
BBA0
BBA0
BBA0
BBA0
BBA0
BBA1
BBA1
BBA1
BBA1
BBA1
BBA2
BBA2
BBA2
BBA2
BBA2
BBA2
BBA3
BBA3
BBA3
BBA3
BBA3
BBA3
BBA4
BBA4
BBA4
BBA4
BBA4
BBA5
BBA5
BBA5
BBA5
BBA5
BBA5
BBA6
BBA6
BBA6
BBA6
BBA6
BBA6
BBA7
BBA7
BBA7
BBA7
BBA7
BBA7
BBA8
BBA8
BBA8
BBA8
BBA8
BBA8
BBA9
BBA9
BBA9
BBA9
BBA9
BBA9
BBAA
BBAA
BBAA
BBAA
BBAA
BBAA
BBAB
BBAB
BBAB
BBAB
BBAB
BBAB
BBAC
BBAC
BBAC
BBAC
BBAC
BBAC
BBAD
BBAD
BBAD
BBAD
BBAD
BBAD
BBAE
BBAE
BBAE
BBAE
BBAE
BBAE
BBAE
BBAF
BBAF
BBAF
BBAF
BBAF
BBAF
BBB0
BBB0
BBB0
BBB0
BBB0
BBB0
BBB0
BBB1
BBB1
BBB1
BBB1
BBB1
BBB1
BBB2
BBB2
BBB2
BBB2
BBB2
BBB2
BBB2
BBB3
BBB3
BBB3
BBB3
BBB3
BBB3
BBB3
BBB4
BBB4
BBB4
BBB4
BBB4
BBB4
BBB4
BBB5
BBB5
BBB5
BBB5
BBB5
BBB5
BBB5
BBB6
BBB6
BBB6
BBB6
BBB6
BBB6
BBB7
BBB7
BBB7
BBB7
BBB8
BBB8
BBB8
BBB9
BBB9
BBB9
BBB9
BBBA
BBBA
BBBA
BBBA
BBBB
BBBB
BBBB
BBBC
BBBC
BBBC
BBBC
BBBD
BBBD
BBBD
BBBD
BBBE
BBBE
BBBE
BBBE
BBBF
BBBF
BBBF
BBBF
BBC0
BBC0
BBC0
BBC0
BBC1
BBC1
BBC1
BBC1
BBC2
BBC2
BBC2
BBC2
BBC2
BBC3
BBC3
BBC3
BBC3
BBC4
BBC4
BBC4
BBC4
BBC5
BBC5
BBC5
BBC5
BBC6
BBC6
BBC6
BBC6
BBC6
BBC7
BBC7
BBC7
BBC7
BBC7
BBC8
BBC8
BBC8
BBC8
BBC9
BBC9
BBC9
BBC9
BBC9
BBCA
BBCA
BBCA
BBCA
BBCA
BBCB
BBCB
BBCB
BBCB
BBCB
BBCC
BBCC
BBCC
BBCC
BBCC
BBCD
BBCD
BBCD
BBCD
BBCD
BBCE
BBCE
BBCE
BBCE
BBCE
BBCF
BBCF
BBCF
BBCF
BBCF
BBD0
BBD0
BBD0
BBD0
BBD0
BBD0
BBD1
BBD1
BBD1
BBD1
BBD1
BBD2
BBD2
BBD2
BBD2
BBD2
BBD2
BBD3
BBD3
BBD3
BBD3
BBD3
BBD4
BBD4
BBD4
BBD4
BBD4
BBD4
BBD5
BBD5
BBD5
BBD5
BBD5
BBD5
BBD6
BBD6
BBD6
BBD6
BBD6
BBD6
BBD7
BBD7
BBD7
BBD7
BBD7
BBD7
BBD7
BBD8
BBD8
BBD8
BBD8
BBD8
BBD8
BBD9
BBD9
BBD9
BBD9
BBD9
BBD9
BBD9
BBDA
BBDA
BBDA
BBDA
BBDA
BBDA
BBDA
BBDB
BBDB
BBDB
BBDB
BBDB
BBDB
BBDB
BBDC
BBDC
BBDC
BBDC
BBDC
BBDC
BBDC
BBDD
BBDD
BBDD
BBDD
BBDD
BBDD
BBDD
BBDE
BBDE
BBDE
BBDE
BBDE
BBDE
BBDE
BBDE
BBDF
BBDF
BBDF
BBDF
BBDF
BBDF
BBDF
BBDF
BBE0
BBE0
BBE0
BBE0
BBE0
BBE0
BBE0
BBE0
BBE1
BBE1
BBE1
BBE1
BBE1
BBE1
BBE1
BBE1
BBE2
BBE2
BBE2
BBE2
BBE2
BBE2
BBE2
BBE2
BBE2
BBE3
BBE3
BBE3
BBE3
BBE3
BBE3
BBE3
BBE3
BBE4
BBE4
BBE4
BBE4
BBE4
BBE4
BBE4
BBE4
BBE4
BBE4
BBE5
BBE5
BBE5
BBE5
BBE5
BBE5
BBE5
BBE5
BBE5
BBE6
BBE6
BBE6
BBE6
BBE6
BBE6
BBE6
BBE6
BBE6
BBE6
BBE7
BBE7
BBE7
BBE7
BBE7
BBE7
BBE7
BBE7
BBE7
BBE7
BBE8
BBE8
BBE8
BBE8
BBE8
BBE8
BBE8
BBE8
BBE8
BBE8
BBE8
BBE9
BBE9
BBE9
BBE9
BBE9
BBE9
BBE9
BBE9
BBE9
BBE9
BBE9
BBEA
BBEA
BBEA
BBEA
BBEA
BBEA
BBEA
BBEA
BBEA
BBEA
BBEA
BBEA
BBEB
BBEB
BBEB
BBEB
BBEB
BBEB
BBEB
BBEB
BBEB
BBEB
BBEB
BBEB
BBEC
BBEC
BBEC
BBEC
BBEC
BBEC
BBEC
BBEC
BBEC
BBEC
BBEC
BBEC
BBEC
BBED
BBED
BBED
BBED
BBED
BBED
BBED
BBED
BBED
BBED
BBED
BBED
BBED
BBED
BBEE
BBEE
BBEE
BBEE
BBEE
BBEE
BBEE
BBEE
BBEE
BBEE
BBEE
BBEE
BBEE
BBEE
BBEF
BBEF
BBEF
BBEF
BBEF
BBEF
BBEF
BBEF
BBEF
BBEF
BBEF
BBEF
BBEF
BBEF
BBEF
BBF0
BBF0
BBF0
BBF0
BBF0
BBF0
BBF0
BBF0
BBF0
BBF0
BBF0
BBF0
BBF0
BBF0
BBF0
BBF0
BBF1
BBF1
BBF1
BBF1
BBF1
BBF1
BBF1
BBF1
BBF1
BBF1
BBF1
BBF1
BBF1
BBF1
BBF1
BBF1
BBF1
BBF2
BBF2
BBF2
BBF2
BBF2
BBF2
BBF2
BBF2
BBF2
BBF2
BBF2
BBF2
BBF2
BBF2
BBF2
BBF2
BBF2
BBF2
BBF2
BBF3
BBF3
BBF3
BBF3
BBF3
BBF3
BBF3
BBF3
BBF3
BBF3
BBF3
BBF3
BBF3
BBF3
BBF3
BBF3
BBF3
BBF3
BBF3
BBF4
BBF4
BBF4
BBF4
BBF4
BBF4
BBF4
BBF4
BBF4
BBF4
BBF4
BBF4
BBF4
BBF4
BBF4
BBF4
BBF4
BBF4
BBF4
BBF4
BBF4
BBF4
BBF5
BBF5
BBF5
BBF5
BBF5
BBF5
BBF5
BBF5
BBF5
BBF5
BBF5
BBF5
BBF5
BBF5
BBF5
BBF5
BBF5
BBF5
BBF5
BBF5
BBF5
BBF5
BBF5
BBF6
BBF6
BBF6
BBF6
BBF6
BBF6
BBF6
BBF6
BBF6
BBF6
BBF6
BBF6
BBF6
BBF6
BBF6
BBF6
BBF6
BBF6
BBF6
BBF6
BBF6
BBF6
BBF6
BBF6
BBF6
BBF6
BBF7
BBF7
BBF7
BBF7
BBF7
BBF7
BBF7
BBF7
BBF7
BBF7
BBF7
BBF7
BBF7
BBF7
BBF7
BBF7
BBF7
BBF7
BBF7
BBF7
BBF7
BBF7
BBF7
BBF7
BBF7
BBF7
BBF7
BBF7
BBF8
BBF8
BBF8
BBF8
BBF8
BBF8
BBF8
BBF8
BBF8
BBF8
BBF8
BBF8
BBF8
BBF8
BBF8
BBF8
BBF8
BBF8
BBF8
BBF8
BBF8
BBF8
BBF8
BBF8
BBF8
BBF8
BBF8
BBF8
BBF8
BBF8
BBF8
BBF8
BBF8
BBF9
BBF9
BBF9
BBF9
BBF9
BBF9
BBF9
BBF9
BBF9
BBF9
BBF9
BBF9
BBF9
BBF9
BBF9
BBF9
BBF9
BBF9
BBF9
BBF9
BBF9
BBF9
BBF9
BBF9
BBF9
BBF9
BBF9
BBF9
BBF9
BBF9
BBF9
BBF9
BBF9
BBF9
BBF9
BBF9
BBFA
BBFA
BBFA
BBFA
BBFA
BBFA
BBFA
BBFA
BBFA
BBFA
BBFA
BBFA
BBFA
BBFA
BBFA
BBFA
BBFA
BBFA
BBFA
BBFA
BBFA
BBFA
BBFA
BBFA
BBFA
BBFA
BBFA
BBFA
BBFA
BBFA
BBFA
BBFA
BBFA
BBFA
BBFA
BBFA
BBFA
BBFA
BBFA
BBFA
BBFA
BBFA
BBFA
BBFB
BBFB
BBFB
BBFB
BBFB
BBFB
BBFB
BBFB
BBFB
BBFB
BBFB
BBFB
BBFB
BBFB
BBFB
BBFB
BBFB
BBFB
BBFB
BBFB
BBFB
BBFB
BBFB
BBFB
BBFB
BBFB
BBFB
BBFB
BBFB
BBFB
BBFB
BBFB
BBFB
BBFB
BBFB
BBFB
BBFB
BBFB
BBFB
BBFB
BBFB
BBFB
BBFB
BBFB
BBFB
BBFB
BBFB
BBFB
BBFB
BBFB
BBFB
BBFB
BBFC
BBFC
BBFC
BBFC
BBFC
BBFC
BBFC
BBFC
BBFC
BBFC
BBFC
BBFC
BBFC
BBFC
BBFC
BBFC
BBFC
BBFC
BBFC
BBFC
BBFC
BBFC
BBFC
BBFC
BBFC
BBFC
BBFC
BBFC
BBFC
BBFC
BBFC
BBFC
BBFC
BBFC
BBFC
BBFC
BBFC
BBFC
BBFC
BBFC
BBFC
BBFC
BBFC
BBFC
BBFC
BBFC
BBFC
BBFC
BBFC
BBFC
BBFC
BBFC
BBFC
BBFC
BBFC
BBFC
BBFC
BBFC
BBFC
BBFC
BBFC
BBFC
BBFC
BBFC
BBFD
BBFD
BBFD
BBFD
BBFD
BBFD
BBFD
BBFD
BBFD
BBFD
BBFD
BBFD
BBFD
BBFD
BBFD
BBFD
BBFD
BBFD
BBFD
BBFD
BBFD
BBFD
BBFD
BBFD
BBFD
BBFD
BBFD
BBFD
BBFD
BBFD
BBFD
BBFD
BBFD
BBFD
BBFD
BBFD
BBFD
BBFD
BBFD
BBFD
BBFD
BBFD
BBFD
BBFD
BBFD
BBFD
BBFD
BBFD
BBFD
BBFD
BBFD
BBFD
BBFD
BBFD
BBFD
BBFD
BBFD
BBFD
BBFD
BBFD
BBFD
BBFD
BBFD
BBFD
BBFD
BBFD
BBFD
BBFD
BBFD
BBFD
BBFD
BBFD
BBFD
BBFD
BBFD
BBFD
BBFD
BBFD
BBFD
BBFD
BBFD
BBFD
BBFD
BBFD
BBFD
BBFD
BBFE
BBFE
BBFE
BBFE
BBFE
BBFE
BBFE
BBFE
BBFE
BBFE
BBFE
BBFE
BBFE
BBFE
BBFE
BBFE
BBFE
BBFE
BBFE
BBFE
BBFE
BBFE
BBFE
BBFE
BBFE
BBFE
BBFE
BBFE
BBFE
BBFE
BBFE
BBFE
BBFE
BBFE
BBFE
BBFE
BBFE
BBFE
BBFE
BBFE
BBFE
BBFE
BBFE
BBFE
BBFE
BBFE
BBFE
BBFE
BBFE
BBFE
BBFE
BBFE
BBFE
BBFE
BBFE
BBFE
BBFE
BBFE
BBFE
BBFE
BBFE
BBFE
BBFE
BBFE
BBFE
BBFE
BBFE
BBFE
BBFE
BBFE
BBFE
BBFE
BBFE
BBFE
BBFE
BBFE
BBFE
BBFE
BBFE
BBFE
BBFE
BBFE
BBFE
BBFE
BBFE
BBFE
BBFE
BBFE
BBFE
BBFE
BBFE
BBFE
BBFE
BBFE
BBFE
BBFE
BBFE
BBFE
BBFE
BBFE
BBFE
BBFE
BBFE
BBFE
BBFE
BBFE
BBFE
BBFE
BBFE
BBFE
BBFE
BBFE
BBFE
BBFE
BBFE
BBFE
BBFE
BBFE
BBFE
BBFE
BBFE
BBFE
BBFE
BBFE
BBFE
BBFE
BBFE
BBFE
BBFE
BBFE
BBFE
BBFF
BBFF
BBFF
BBFF
BBFF
BBFF
BBFF
BBFF
BBFF
BBFF
BBFF
BBFF
BBFF
BBFF
BBFF
BBFF
BBFF
BBFF
BBFF
BBFF
BBFF
BBFF
BBFF
BBFF
BBFF
BBFF
BBFF
BBFF
BBFF
BBFF
BBFF
BBFF
BBFF
BBFF
BBFF
BBFF
BBFF
BBFF
BBFF
BBFF
BBFF
BBFF
BBFF
BBFF
BBFF
BBFF
BBFF
BBFF
BBFF
BBFF
BBFF
BBFF
BBFF
BBFF
BBFF
BBFF
BBFF
BBFF
BBFF
BBFF
BBFF
BBFF
BBFF
BBFF
BBFF
BBFF
BBFF
BBFF
BBFF
BBFF
BBFF
BBFF
BBFF
BBFF
BBFF
BBFF
BBFF
BBFF
BBFF
BBFF
BBFF
BBFF
BBFF
BBFF
BBFF
BBFF
BBFF
BBFF
BBFF
BBFF
BBFF
BBFF
BBFF
BBFF
BBFF
BBFF
BBFF
BBFF
BBFF
BBFF
BBFF
BBFF
BBFF
BBFF
BBFF
BBFF
BBFF
BBFF
BBFF
BBFF
BBFF
BBFF
BBFF
BBFF
BBFF
BBFF
BBFF
BBFF
BBFF
BBFF
BBFF
BBFF
BBFF
BBFF
BBFF
BBFF
BBFF
BBFF
BBFF
BBFF
BBFF
BBFF
BBFF
BBFF
BBFF
BBFF
BBFF
BBFF
BBFF
BBFF
BBFF
BBFF
BBFF
BBFF
BBFF
BBFF
BBFF
BBFF
BBFF
BBFF
BBFF
BBFF
BC00
BC00
BC00
BC00
BC00
BC00
BC00
BC00
BC00
BC00
BC00
BC00
BC00
BC00
BC00
BC00
BC00
BC00
BC00
BC00
BC00
BC00
BC00
BC00
BC00
BC00
BC00
BC00
BC00
BC00
BC00
BC00
BC00
BC00
BC00
BC00
BC00
BC00
BC00
BC00
BC00
BC00
BC00
BC00
BC00
BC00
BC00
BC00
BC00
BC00
BC00
BC00
BC00
BC00
BC00
BC00
BC00
BC00
BC00
BC00
BC00
BC00
BC00
BC00
BC00
BC00
BC00
BC00
BC00
BC00
BC00
BC00
BC00
BC00
BC00
BC00
BC00
BC00
BC00
BC00
BC00
BC00
BC00
BC00
BC00
BC00
BC00
BC00
BC00
BC00
BC00
BC00
BC00
BC00
BC00
BC00
BC00
BC00
BC00
BC00
BC00
BC00
BC00
BC00
BC00
BC00
BC00
BC00
BC00
BC00
BC00
BC00
BC00
BC00
BC00
BC00
BC00
BC00
BC00
BC00
BC00
BC00
BC00
BC00
BC00
BC00
BC00
BC00
BC00
BC00
BC00
BC00
BC00
BC00
BC00
BC00
BC00
BC00
BC00
BC00
BC00
BC00
BC00
BC00
BC00
BC00
BC00
BC00
BC00
BC00
BC00
BC00
BC00
BC00
BC00
BC00
BC00
BC00
BC00
BC00
BC00
BC00
BC00
BC00
BC00
BC00
BC00
BC00
BC00
BC00
BC00
BC00
BC00
BC00
BC00
BC00
BC00
BC00
BC00
BC00
BC00
BC00
BC00
BC00
BC00
BC00
BC00
BC00
BC00
BC00
BC00
BC00
BC00
BC00
BC00
BC00
BC00
BC00
BC00
BC00
BC00
BC00
BC00
BC00
BC00
BC00
BC00
BC00
BC00
BC00
BC00
BC00
BC00
BC00
BC00
BC00
BC00
BC00
BC00
BC00
BC00
BC00
BC00
BC00
BC00
BC00
BC00
BC00
BC00
BC00
BC00
BC00
BC00
BC00
BC00
BC00
BC00
BC00
BC00
BC00
BC00
BC00
BC00
BC00
BC00
BC00
BC00
BC00
BC00
BC00
BC00
BC00
BC00
BC00
BC00
BC00
BC00
BC00
BC00
BC00
BC00
BC00
BC00
BC00
BC00
BC00
BC00
BC00
BC00
BC00
BC00
BC00
BC00
BC00
BC00
BC00
BC00
BC00
BC00
BC00
BC00
BC00
BC00
BC00
BC00
BC00
BC00
BC00
BC00
BC00
BC00
BC00
BC00
BC00
BC00
BC00
BC00
BC00
BC00
BC00
BC00
BC00
BC00
BC00
BC00
BC00
BC00
BC00
BC00
BC00
BC00
BC00
BC00
BC00
BC00
BC00
BC00
BC00
BC00
BC00
BC00
BC00
BC00
BC00
BC00
BC00
BC00
BC00
BC00
BC00
BC00
BC00
BC00
BC00
BC00
BC00
BC00
BC00
BC00
BC00
BC00
BC00
BC00
BC00
BC00
BC00
BC00
BC00
BC00
BC00
BC00
BC00
BC00
BC00
BC00
BC00
BC00
BC00
BC00
BC00
BC00
BC00
BC00
BC00
BC00
BC00
BC00
BC00
BC00
BC00
BC00
BC00
BC00
BC00
BC00
BC00
BC00
BC00
BC00
BC00
BC00
BC00
BC00
BC00
BC00
BC00
BC00
BC00
BC00
BC00
BC00
BC00
BC00
BC00
BC00
BC00
BC00
BC00
BC00
BC00
BC00
BC00
BC00
BC00
BC00
BC00
BC00
BC00
BC00
BC00
BC00
BC00
BC00
BC00
BC00
BC00
BC00
BC00
BC00
BC00
BC00
BC00
BC00
BC00
BC00
BC00
BC00
BC00
BC00
BC00
BC00
BC00
BC00
BC00
BC00
BC00
BC00
BC00
BC00
BC00
BC00
BC00
BC00
BC00
BC00
BC00
BC00
BC00
BC00
BC00
BC00
BC00
BC00
BC00
BC00
BC00
BC00
BC00
BC00
BC00
BC00
BC00
BC00
BC00
BC00
BC00
BC00
BC00
BC00
BC00
BC00
BC00
BC00
BC00
BC00
BC00
BC00
BC00
BC00
BC00
BC00
BC00
BC00
BC00
BC00
BC00
BC00
BC00
BC00
BC00
BC00
BC00
BC00
BC00
BC00
BC00
BC00
BC00
BC00
BC00
BC00
BC00
BC00
BC00
BC00
BC00
BC00
BC00
BC00
BC00
BC00
BC00
BC00
BC00
BC00
BC00
BC00
BC00
BC00
BC00
BC00
BC00
BC00
BC00
BC00
BC00
BC00
BC00
BC00
BC00
BC00
BC00
BC00
BC00
BC00
BC00
BC00
BC00
BC00
BC00
BC00
BC00
BC00
BC00
BC00
BC00
BC00
BC00
BC00
BC00
BC00
BC00
BC00
BC00
BC00
BC00
BC00
BC00
BC00
BC00
BC00
BC00
BC00
BC00
BC00
BC00
BC00
BC00
BC00
BC00
BC00
BC00
BC00
BC00
BC00
BC00
BC00
BC00
BC00
BC00
BC00
BC00
BC00
BC00
BC00
BC00
BC00
BC00
BC00
BC00
BC00
BC00
BC00
BC00
BC00
BC00
BC00
BC00
BC00
BC00
BC00
BC00
BC00
BC00
BC00
BC00
BC00
BC00
BC00
BC00
BC00
BC00
BC00
BC00
BC00
BC00
BC00
BC00
BC00
BC00
BC00
BC00
BC00
BC00
BC00
BC00
BC00
BC00
BC00
BC00
BC00
BC00
BC00
BC00
BC00
BC00
BC00
BC00
BC00
BC00
BC00
BC00
BC00
BC00
BC00
BC00
BC00
BC00
BC00
BC00
BC00
BC00
BC00
BC00
BC00
BC00
BC00
BC00
BC00
BC00
BC00
BC00
BC00
BC00
BC00
BC00
BC00
BC00
BC00
BC00
BC00
BC00
BC00
BC00
BC00
BC00
BC00
BC00
BC00
BC00
BC00
BC00
BC00
BC00
BC00
BC00
BC00
BC00
BC00
BC00
BC00
BC00
BC00
BC00
BC00
BC00
BC00
BC00
BC00
BC00
BC00
BC00
BC00
BC00
BC00
BC00
BC00
BC00
BC00
BC00
BC00
BC00
BC00
BC00
BC00
BC00
BC00
BC00
BC00
BC00
BC00
BC00
BC00
BC00
BC00
BC00
BC00
BC00
BC00
BC00
BC00
BC00
BC00
BC00
BC00
BC00
BC00
BC00
BC00
BC00
BC00
BC00
BC00
BC00
BC00
BC00
BC00
BC00
BC00
BC00
BC00
BC00
BC00
BC00
BC00
BC00
BC00
BC00
BC00
BC00
BC00
BC00
BC00
BC00
BC00
BC00
BC00
BC00
BC00
BC00
BC00
BC00
BC00
BC00
BC00
BC00
BC00
BC00
BC00
BC00
BC00
BC00
BC00
BC00
BC00
BC00
BC00
BC00
BC00
BC00
BC00
BC00
BC00
BC00
BC00
BC00
BC00
BC00
BC00
BC00
BC00
BC00
BC00
BC00
BC00
BC00
BC00
BC00
BC00
BC00
BC00
BC00
BC00
BC00
BC00
BC00
BC00
BC00
BC00
BC00
BC00
BC00
BC00
BC00
BC00
BC00
BC00
BC00
BC00
BC00
BC00
BC00
BC00
BC00
BC00
BC00
BC00
BC00
BC00
BC00
BC00
BC00
BC00
BC00
BC00
BC00
BC00
BC00
BC00
BC00
BC00
BC00
BC00
BC00
BC00
BC00
BC00
BC00
BC00
BC00
BC00
BC00
BC00
BC00
BC00
BC00
BC00
BC00
BC00
BC00
BC00
BC00
BC00
BC00
BC00
BC00
BC00
BC00
BC00
BC00
BC00
BC00
BC00
BC00
BC00
BC00
BC00
BC00
BC00
BC00
BC00
BC00
BC00
BC00
BC00
BC00
BC00
BC00
BC00
BC00
BC00
BC00
BC00
BC00
BC00
BC00
BC00
BC00
BC00
BC00
BC00
BC00
BC00
BC00
BC00
BC00
BC00
BC00
BC00
BC00
BC00
BC00
BC00
BC00
BC00
BC00
BC00
BC00
BC00
BC00
BC00
BC00
BC00
BC00
BC00
BC00
BC00
BC00
BC00
BC00
BC00
BC00
BC00
BC00
BC00
BC00
BC00
BC00
BC00
BC00
BC00
BC00
BC00
BC00
BC00
BC00
BC00
BC00
BC00
BC00
BC00
BC00
BC00
BC00
BC00
BC00
BC00
BC00
BC00
BC00
BC00
BC00
BC00
BC00
BC00
BC00
BC00
BC00
BC00
BC00
BC00
BC00
BC00
BC00
BC00
BC00
BC00
BC00
BC00
BC00
BC00
BC00
BC00
BC00
BC00
BC00
BC00
BC00
BC00
BC00
BC00
BC00
BC00
BC00
BC00
BC00
BC00
BC00
BC00
BC00
BC00
BC00
BC00
BC00
BC00
BC00
BC00
BC00
BC00
BC00
BC00
BC00
BC00
BC00
BC00
BC00
BC00
BC00
BC00
BC00
BC00
BC00
BC00
BC00
BC00
BC00
BC00
BC00
BC00
BC00
BC00
BC00
BC00
BC00
BC00
BC00
BC00
BC00
BC00
BC00
BC00
BC00
BC00
BC00
BC00
BC00
BC00
BC00
BC00
BC00
BC00
BC00
BC00
BC00
BC00
BC00
BC00
BC00
BC00
BC00
BC00
BC00
BC00
BC00
BC00
BC00
BC00
BC00
BC00
BC00
BC00
BC00
BC00
BC00
BC00
BC00
BC00
BC00
BC00
BC00
BC00
BC00
BC00
BC00
BC00
BC00
BC00
BC00
BC00
BC00
BC00
BC00
BC00
BC00
BC00
BC00
BC00
BC00
BC00
BC00
BC00
BC00
BC00
BC00
BC00
BC00
BC00
BC00
BC00
BC00
BC00
BC00
BC00
BC00
BC00
BC00
BC00
BC00
BC00
BC00
BC00
BC00
BC00
BC00
BC00
BC00
BC00
BC00
BC00
BC00
BC00
BC00
BC00
BC00
BC00
BC00
BC00
BC00
BC00
BC00
BC00
BC00
BC00
BC00
BC00
BC00
BC00
BC00
BC00
BC00
BC00
BC00
BC00
BC00
BC00
BC00
BC00
BC00
BC00
BC00
BC00
BC00
BC00
BC00
BC00
BC00
BC00
BC00
BC00
BC00
BC00
BC00
BC00
BC00
BC00
BC00
BC00
BC00
BC00
BC00
BC00
BC00
BC00
BC00
BC00
BC00
BC00
BC00
BC00
BC00
BC00
BC00
BC00
BC00
BC00
BC00
BC00
BC00
BC00
BC00
BC00
BC00
BC00
BC00
BC00
BC00
BC00
BC00
BC00
BC00
BC00
BC00
BC00
BC00
BC00
BC00
BC00
BC00
BC00
BC00
BC00
BC00
BC00
BC00
BC00
BC00
BC00
BC00
BC00
BC00
BC00
BC00
BC00
BC00
BC00
BC00
BC00
BC00
BC00
BC00
BC00
BC00
BC00
BC00
BC00
BC00
BC00
BC00
BC00
BC00
BC00
BC00
BC00
BC00
BC00
BC00
BC00
BC00
BC00
BC00
BC00
BC00
BC00
BC00
BC00
BC00
BC00
BC00
BC00
BC00
BC00
BC00
BC00
BC00
BC00
BC00
BC00
BC00
BC00
BC00
BC00
BC00
BC00
BC00
BC00
BC00
BC00
BC00
BC00
BC00
BC00
BC00
BC00
BC00
BC00
BC00
BC00
BC00
BC00
BC00
BC00
BC00
BC00
BC00
BC00
BC00
BC00
BC00
BC00
BC00
BC00
BC00
BC00
BC00
BC00
BC00
BC00
BC00
BC00
BC00
BC00
BC00
BC00
BC00
BC00
BC00
BC00
BC00
BC00
BC00
BC00
BC00
BC00
BC00
BC00
BC00
BC00
BC00
BC00
BC00
BC00
BC00
BC00
BC00
BC00
BC00
BC00
BC00
BC00
BC00
BC00
BC00
BC00
BC00
BC00
BC00
BC00
BC00
BC00
BC00
BC00
BC00
BC00
BC00
BC00
BC00
BC00
BC00
BC00
BC00
BC00
BC00
BC00
BC00
BC00
BC00
BC00
BC00
BC00
BC00
BC00
BC00
BC00
BC00
BC00
BC00
BC00
BC00
BC00
BC00
BC00
BC00
BC00
BC00
BC00
BC00
BC00
BC00
BC00
BC00
BC00
BC00
BC00
BC00
BC00
BC00
BC00
BC00
BC00
BC00
BC00
BC00
BC00
BC00
BC00
BC00
BC00
BC00
BC00
BC00
BC00
BC00
BC00
BC00
BC00
BC00
BC00
BC00
BC00
BC00
BC00
BC00
BC00
BC00
BC00
BC00
BC00
BC00
BC00
BC00
BC00
BC00
BC00
BC00
BC00
BC00
BC00
BC00
BC00
BC00
BC00
BC00
BC00
BC00
BC00
BC00
BC00
BC00
BC00
BC00
BC00
BC00
BC00
BC00
BC00
BC00
BC00
BC00
BC00
BC00
BC00
BC00
BC00
BC00
BC00
BC00
BC00
BC00
BC00
BC00
BC00
BC00
BC00
BC00
BC00
BC00
BC00
BC00
BC00
BC00
BC00
BC00
BC00
BC00
BC00
BC00
BC00
BC00
BC00
BC00
BC00
BC00
BC00
BC00
BC00
BC00
BC00
BC00
BC00
BC00
BC00
BC00
BC00
BC00
BC00
BC00
BC00
BC00
BC00
BC00
BC00
BC00
BC00
BC00
BC00
BC00
BC00
BC00
BC00
BC00
BC00
BC00
BC00
BC00
BC00
BC00
BC00
BC00
BC00
BC00
BC00
BC00
BC00
BC00
BC00
BC00
BC00
BC00
BC00
BC00
BC00
BC00
BC00
BC00
BC00
BC00
BC00
BC00
BC00
BC00
BC00
BC00
BC00
BC00
BC00
BC00
BC00
BC00
BC00
BC00
BC00
BC00
BC00
BC00
BC00
BC00
BC00
BC00
BC00
BC00
BC00
BC00
BC00
BC00
BC00
BC00
BC00
BC00
BC00
BC00
BC00
BC00
BC00
BC00
BC00
BC00
BC00
BC00
BC00
BC00
BC00
BC00
BC00
BC00
BC00
BC00
BC00
BC00
BC00
BC00
BC00
BC00
BC00
BC00
BC00
BC00
BC00
BC00
BC00
BC00
BC00
BC00
BC00
BC00
BC00
BC00
BC00
BC00
BC00
BC00
BC00
BC00
BC00
BC00
BC00
BC00
BC00
BC00
BC00
BC00
BC00
BC00
BC00
BC00
BC00
BC00
BC00
BC00
BC00
BC00
BC00
BC00
BC00
BC00
BC00
BC00
BC00
BC00
BC00
BC00
BC00
BC00
BC00
BC00
BC00
BC00
BC00
BC00
BC00
BC00
BC00
BC00
BC00
BC00
BC00
BC00
BC00
BC00
BC00
BC00
BC00
BC00
BC00
BC00
BC00
BC00
BC00
BC00
BC00
BC00
BC00
BC00
BC00
BC00
BC00
BC00
BC00
BC00
BC00
BC00
BC00
BC00
BC00
BC00
BC00
BC00
BC00
BC00
BC00
BC00
BC00
BC00
BC00
BC00
BC00
BC00
BC00
BC00
BC00
BC00
BC00
BC00
BC00
BC00
BC00
BC00
BC00
BC00
BC00
BC00
BC00
BC00
BC00
BC00
BC00
BC00
BC00
BC00
BC00
BC00
BC00
BC00
BC00
BC00
BC00
BC00
BC00
BC00
BC00
BC00
BC00
BC00
BC00
BC00
BC00
BC00
BC00
BC00
BC00
BC00
BC00
BC00
BC00
BC00
BC00
BC00
BC00
BC00
BC00
BC00
BC00
BC00
BC00
BC00
BC00
BC00
BC00
BC00
BC00
BC00
BC00
BC00
BC00
BC00
BC00
BC00
BC00
BC00
BC00
BC00
BC00
BC00
BC00
BC00
BC00
BC00
BC00
BC00
BC00
BC00
BC00
BC00
BC00
BC00
BC00
BC00
BC00
BC00
BC00
BC00
BC00
BC00
BC00
BC00
BC00
BC00
BC00
BC00
BC00
BC00
BC00
BC00
BC00
BC00
BC00
BC00
BC00
BC00
BC00
BC00
BC00
BC00
BC00
BC00
BC00
BC00
BC00
BC00
BC00
BC00
BC00
BC00
BC00
BC00
BC00
BC00
BC00
BC00
BC00
BC00
BC00
BC00
BC00
BC00
BC00
BC00
BC00
BC00
BC00
BC00
BC00
BC00
BC00
BC00
BC00
BC00
BC00
BC00
BC00
BC00
BC00
BC00
BC00
BC00
BC00
BC00
BC00
BC00
BC00
BC00
BC00
BC00
BC00
BC00
BC00
BC00
BC00
BC00
BC00
BC00
BC00
BC00
BC00
BC00
BC00
BC00
BC00
BC00
BC00
BC00
BC00
BC00
BC00
BC00
BC00
BC00
BC00
BC00
BC00
BC00
BC00
BC00
BC00
BC00
BC00
BC00
BC00
BC00
BC00
BC00
BC00
BC00
BC00
BC00
BC00
BC00
BC00
BC00
BC00
BC00
BC00
BC00
BC00
BC00
BC00
BC00
BC00
BC00
BC00
BC00
BC00
BC00
BC00
BC00
BC00
BC00
BC00
BC00
BC00
BC00
BC00
BC00
BC00
BC00
BC00
BC00
BC00
BC00
BC00
BC00
BC00
BC00
BC00
BC00
BC00
BC00
BC00
BC00
BC00
BC00
BC00
BC00
BC00
BC00
BC00
BC00
BC00
BC00
BC00
BC00
BC00
BC00
BC00
BC00
BC00
BC00
BC00
BC00
BC00
BC00
BC00
BC00
BC00
BC00
BC00
BC00
BC00
BC00
BC00
BC00
BC00
BC00
BC00
BC00
BC00
BC00
BC00
BC00
BC00
BC00
BC00
BC00
BC00
BC00
BC00
BC00
BC00
BC00
BC00
BC00
BC00
BC00
BC00
BC00
BC00
BC00
BC00
BC00
BC00
BC00
BC00
BC00
BC00
BC00
BC00
BC00
BC00
BC00
BC00
BC00
BC00
BC00
BC00
BC00
BC00
BC00
BC00
BC00
BC00
BC00
BC00
BC00
BC00
BC00
BC00
BC00
BC00
BC00
BC00
BC00
BC00
BC00
BC00
BC00
BC00
BC00
BC00
BC00
BC00
BC00
BC00
BC00
BC00
BC00
BC00
BC00
BC00
BC00
BC00
BC00
BC00
BC00
BC00
BC00
BC00
BC00
BC00
BC00
BC00
BC00
BC00
BC00
BC00
BC00
BC00
BC00
BC00
BC00
BC00
BC00
BC00
BC00
BC00
BC00
BC00
BC00
BC00
BC00
BC00
BC00
BC00
BC00
BC00
BC00
BC00
BC00
BC00
BC00
BC00
BC00
BC00
BC00
BC00
BC00
BC00
BC00
BC00
BC00
BC00
BC00
BC00
BC00
BC00
BC00
BC00
BC00
BC00
BC00
BC00
BC00
BC00
BC00
BC00
BC00
BC00
BC00
BC00
BC00
BC00
BC00
BC00
BC00
BC00
BC00
BC00
BC00
BC00
BC00
BC00
BC00
BC00
BC00
BC00
BC00
BC00
BC00
BC00
BC00
BC00
BC00
BC00
BC00
BC00
BC00
BC00
BC00
BC00
BC00
BC00
BC00
BC00
BC00
BC00
BC00
BC00
BC00
BC00
BC00
BC00
BC00
BC00
BC00
BC00
BC00
BC00
BC00
BC00
BC00
BC00
BC00
BC00
BC00
BC00
BC00
BC00
BC00
BC00
BC00
BC00
BC00
BC00
BC00
BC00
BC00
BC00
BC00
BC00
BC00
BC00
BC00
BC00
BC00
BC00
BC00
BC00
BC00
BC00
BC00
BC00
BC00
BC00
BC00
BC00
BC00
BC00
BC00
BC00
BC00
BC00
BC00
BC00
BC00
BC00
BC00
BC00
BC00
BC00
BC00
BC00
BC00
BC00
BC00
BC00
BC00
BC00
BC00
BC00
BC00
BC00
BC00
BC00
BC00
BC00
BC00
BC00
BC00
BC00
BC00
BC00
BC00
BC00
BC00
BC00
BC00
BC00
BC00
BC00
BC00
BC00
BC00
BC00
BC00
BC00
BC00
BC00
BC00
BC00
BC00
BC00
BC00
BC00
BC00
BC00
BC00
BC00
BC00
BC00
BC00
BC00
BC00
BC00
BC00
BC00
BC00
BC00
BC00
BC00
BC00
BC00
BC00
BC00
BC00
BC00
BC00
BC00
BC00
BC00
BC00
BC00
BC00
BC00
BC00
BC00
BC00
BC00
BC00
BC00
BC00
BC00
BC00
BC00
BC00
BC00
BC00
BC00
BC00
BC00
BC00
BC00
BC00
BC00
BC00
BC00
BC00
BC00
BC00
BC00
BC00
BC00
BC00
BC00
BC00
BC00
BC00
BC00
BC00
BC00
BC00
BC00
BC00
BC00
BC00
BC00
BC00
BC00
BC00
BC00
BC00
BC00
BC00
BC00
BC00
BC00
BC00
BC00
BC00
BC00
BC00
BC00
BC00
BC00
BC00
BC00
BC00
BC00
BC00
BC00
BC00
BC00
BC00
BC00
BC00
BC00
BC00
BC00
BC00
BC00
BC00
BC00
BC00
BC00
BC00
BC00
BC00
BC00
BC00
BC00
BC00
BC00
BC00
BC00
BC00
BC00
BC00
BC00
BC00
BC00
BC00
BC00
BC00
BC00
BC00
BC00
BC00
BC00
BC00
BC00
BC00
BC00
BC00
BC00
BC00
BC00
BC00
BC00
BC00
BC00
BC00
BC00
BC00
BC00
BC00
BC00
BC00
BC00
BC00
BC00
BC00
BC00
BC00
BC00
BC00
BC00
BC00
BC00
BC00
BC00
BC00
BC00
BC00
BC00
BC00
BC00
BC00
BC00
BC00
BC00
BC00
BC00
BC00
BC00
BC00
BC00
BC00
BC00
BC00
BC00
BC00
BC00
BC00
BC00
BC00
BC00
BC00
BC00
BC00
BC00
BC00
BC00
BC00
BC00
BC00
BC00
BC00
BC00
BC00
BC00
BC00
BC00
BC00
BC00
BC00
BC00
BC00
BC00
BC00
BC00
BC00
BC00
BC00
BC00
BC00
BC00
BC00
BC00
BC00
BC00
BC00
BC00
BC00
BC00
BC00
BC00
BC00
BC00
BC00
BC00
BC00
BC00
BC00
BC00
BC00
BC00
BC00
BC00
BC00
BC00
BC00
BC00
BC00
BC00
BC00
BC00
BC00
BC00
BC00
BC00
BC00
BC00
BC00
BC00
BC00
BC00
BC00
BC00
BC00
BC00
BC00
BC00
BC00
BC00
BC00
BC00
BC00
BC00
BC00
BC00
BC00
BC00
BC00
BC00
BC00
BC00
BC00
BC00
BC00
BC00
BC00
BC00
BC00
BC00
BC00
BC00
BC00
BC00
BC00
BC00
BC00
BC00
BC00
BC00
BC00
BC00
BC00
BC00
BC00
BC00
BC00
BC00
BC00
BC00
BC00
BC00
BC00
BC00
BC00
BC00
BC00
BC00
BC00
BC00
BC00
BC00
BC00
BC00
BC00
BC00
BC00
BC00
BC00
BC00
BC00
BC00
BC00
BC00
BC00
BC00
BC00
BC00
BC00
BC00
BC00
BC00
BC00
BC00
BC00
BC00
BC00
BC00
BC00
BC00
BC00
BC00
BC00
BC00
BC00
BC00
BC00
BC00
BC00
BC00
BC00
BC00
BC00
BC00
BC00
BC00
BC00
BC00
BC00
BC00
BC00
BC00
BC00
BC00
BC00
BC00
BC00
BC00
BC00
BC00
BC00
BC00
BC00
BC00
BC00
BC00
BC00
BC00
BC00
BC00
BC00
BC00
BC00
BC00
BC00
BC00
BC00
BC00
BC00
BC00
BC00
BC00
BC00
BC00
BC00
BC00
BC00
BC00
BC00
BC00
BC00
BC00
BC00
BC00
BC00
BC00
BC00
BC00
BC00
BC00
BC00
BC00
BC00
BC00
BC00
BC00
BC00
BC00
BC00
BC00
BC00
BC00
BC00
BC00
BC00
BC00
BC00
BC00
BC00
BC00
BC00
BC00
BC00
BC00
BC00
BC00
BC00
BC00
BC00
BC00
BC00
BC00
BC00
BC00
BC00
BC00
BC00
BC00
BC00
BC00
BC00
BC00
BC00
BC00
BC00
BC00
BC00
BC00
BC00
BC00
BC00
BC00
BC00
BC00
BC00
BC00
BC00
BC00
BC00
BC00
BC00
BC00
BC00
BC00
BC00
BC00
BC00
BC00
BC00
BC00
BC00
BC00
BC00
BC00
BC00
BC00
BC00
BC00
BC00
BC00
BC00
BC00
BC00
BC00
BC00
BC00
BC00
BC00
BC00
BC00
BC00
BC00
BC00
BC00
BC00
BC00
BC00
BC00
BC00
BC00
BC00
BC00
BC00
BC00
BC00
BC00
BC00
BC00
BC00
BC00
BC00
BC00
BC00
BC00
BC00
BC00
BC00
BC00
BC00
BC00
BC00
BC00
BC00
BC00
BC00
BC00
BC00
BC00
BC00
BC00
BC00
BC00
BC00
BC00
BC00
BC00
BC00
BC00
BC00
BC00
BC00
BC00
BC00
BC00
BC00
BC00
BC00
BC00
BC00
BC00
BC00
BC00
BC00
BC00
BC00
BC00
BC00
BC00
BC00
BC00
BC00
BC00
BC00
BC00
BC00
BC00
BC00
BC00
BC00
BC00
BC00
BC00
BC00
BC00
BC00
BC00
BC00
BC00
BC00
BC00
BC00
BC00
BC00
BC00
BC00
BC00
BC00
BC00
BC00
BC00
BC00
BC00
BC00
BC00
BC00
BC00
BC00
BC00
BC00
BC00
BC00
BC00
BC00
BC00
BC00
BC00
BC00
BC00
BC00
BC00
BC00
BC00
BC00
BC00
BC00
BC00
BC00
BC00
BC00
BC00
BC00
BC00
BC00
BC00
BC00
BC00
BC00
BC00
BC00
BC00
BC00
BC00
BC00
BC00
BC00
BC00
BC00
BC00
BC00
BC00
BC00
BC00
BC00
BC00
BC00
BC00
BC00
BC00
BC00
BC00
BC00
BC00
BC00
BC00
BC00
BC00
BC00
BC00
BC00
BC00
BC00
BC00
BC00
BC00
BC00
BC00
BC00
BC00
BC00
BC00
BC00
BC00
BC00
BC00
BC00
BC00
BC00
BC00
BC00
BC00
BC00
BC00
BC00
BC00
BC00
BC00
BC00
BC00
BC00
BC00
BC00
BC00
BC00
BC00
BC00
BC00
BC00
BC00
BC00
BC00
BC00
BC00
BC00
BC00
BC00
BC00
BC00
BC00
BC00
BC00
BC00
BC00
BC00
BC00
BC00
BC00
BC00
BC00
BC00
BC00
BC00
BC00
BC00
BC00
BC00
BC00
BC00
BC00
BC00
BC00
BC00
BC00
BC00
BC00
BC00
BC00
BC00
BC00
BC00
BC00
BC00
BC00
BC00
BC00
BC00
BC00
BC00
BC00
BC00
BC00
BC00
BC00
BC00
BC00
BC00
BC00
BC00
BC00
BC00
BC00
BC00
BC00
BC00
BC00
BC00
BC00
BC00
BC00
BC00
BC00
BC00
BC00
BC00
BC00
BC00
BC00
BC00
BC00
BC00
BC00
BC00
BC00
BC00
BC00
BC00
BC00
BC00
BC00
BC00
BC00
BC00
BC00
BC00
BC00
BC00
BC00
BC00
BC00
BC00
BC00
BC00
BC00
BC00
BC00
BC00
BC00
BC00
BC00
BC00
BC00
BC00
BC00
BC00
BC00
BC00
BC00
BC00
BC00
BC00
BC00
BC00
BC00
BC00
BC00
BC00
BC00
BC00
BC00
BC00
BC00
BC00
BC00
BC00
BC00
BC00
BC00
BC00
BC00
BC00
BC00
BC00
BC00
BC00
BC00
BC00
BC00
BC00
BC00
BC00
BC00
BC00
BC00
BC00
BC00
BC00
BC00
BC00
BC00
BC00
BC00
BC00
BC00
BC00
BC00
BC00
BC00
BC00
BC00
BC00
BC00
BC00
BC00
BC00
BC00
BC00
BC00
BC00
BC00
BC00
BC00
BC00
BC00
BC00
BC00
BC00
BC00
BC00
BC00
BC00
BC00
BC00
BC00
BC00
BC00
BC00
BC00
BC00
BC00
BC00
BC00
BC00
BC00
BC00
BC00
BC00
BC00
BC00
BC00
BC00
BC00
BC00
BC00
BC00
BC00
BC00
BC00
BC00
BC00
BC00
BC00
BC00
BC00
BC00
BC00
BC00
BC00
BC00
BC00
BC00
BC00
BC00
BC00
BC00
BC00
BC00
BC00
BC00
BC00
BC00
BC00
BC00
BC00
BC00
BC00
BC00
BC00
BC00
BC00
BC00
BC00
BC00
BC00
BC00
BC00
BC00
BC00
BC00
BC00
BC00
BC00
BC00
BC00
BC00
BC00
BC00
BC00
BC00
BC00
BC00
BC00
BC00
BC00
BC00
BC00
BC00
BC00
BC00
BC00
BC00
BC00
BC00
BC00
BC00
BC00
BC00
BC00
BC00
BC00
BC00
BC00
BC00
BC00
BC00
BC00
BC00
BC00
BC00
BC00
BC00
BC00
BC00
BC00
BC00
BC00
BC00
BC00
BC00
BC00
BC00
BC00
BC00
BC00
BC00
BC00
BC00
BC00
BC00
BC00
BC00
BC00
BC00
BC00
BC00
BC00
BC00
BC00
BC00
BC00
BC00
BC00
BC00
BC00
BC00
BC00
BC00
BC00
BC00
BC00
BC00
BC00
BC00
BC00
BC00
BC00
BC00
BC00
BC00
BC00
BC00
BC00
BC00
BC00
BC00
BC00
BC00
BC00
BC00
BC00
BC00
BC00
BC00
BC00
BC00
BC00
BC00
BC00
BC00
BC00
BC00
BC00
BC00
BC00
BC00
BC00
BC00
BC00
BC00
BC00
BC00
BC00
BC00
BC00
BC00
BC00
BC00
BC00
BC00
BC00
BC00
BC00
BC00
BC00
BC00
BC00
BC00
BC00
BC00
BC00
BC00
BC00
BC00
BC00
BC00
BC00
BC00
BC00
BC00
BC00
BC00
BC00
BC00
BC00
BC00
BC00
BC00
BC00
BC00
BC00
BC00
BC00
BC00
BC00
BC00
BC00
BC00
BC00
BC00
BC00
BC00
BC00
BC00
BC00
BC00
BC00
BC00
BC00
BC00
BC00
BC00
BC00
BC00
BC00
BC00
BC00
BC00
BC00
BC00
BC00
BC00
BC00
BC00
BC00
BC00
BC00
BC00
BC00
BC00
BC00
BC00
BC00
BC00
BC00
BC00
BC00
BC00
BC00
BC00
BC00
BC00
BC00
BC00
BC00
BC00
BC00
BC00
BC00
BC00
BC00
BC00
BC00
BC00
BC00
BC00
BC00
BC00
BC00
BC00
BC00
BC00
BC00
BC00
BC00
BC00
BC00
BC00
BC00
BC00
BC00
BC00
BC00
BC00
BC00
BC00
BC00
BC00
BC00
BC00
BC00
BC00
BC00
BC00
BC00
BC00
BC00
BC00
BC00
BC00
BC00
BC00
BC00
BC00
BC00
BC00
BC00
BC00
BC00
BC00
BC00
BC00
BC00
BC00
BC00
BC00
BC00
BC00
BC00
BC00
BC00
BC00
BC00
BC00
BC00
BC00
BC00
BC00
BC00
BC00
BC00
BC00
BC00
BC00
BC00
BC00
BC00
BC00
BC00
BC00
BC00
BC00
BC00
BC00
BC00
BC00
BC00
BC00
BC00
BC00
BC00
BC00
BC00
BC00
BC00
BC00
BC00
BC00
BC00
BC00
BC00
BC00
BC00
BC00
BC00
BC00
BC00
BC00
BC00
BC00
BC00
BC00
BC00
BC00
BC00
BC00
BC00
BC00
BC00
BC00
BC00
BC00
BC00
BC00
BC00
BC00
BC00
BC00
BC00
BC00
BC00
BC00
BC00
BC00
BC00
BC00
BC00
BC00
BC00
BC00
BC00
BC00
BC00
BC00
BC00
BC00
BC00
BC00
BC00
BC00
BC00
BC00
BC00
BC00
BC00
BC00
BC00
BC00
BC00
BC00
BC00
BC00
BC00
BC00
BC00
BC00
BC00
BC00
BC00
BC00
BC00
BC00
BC00
BC00
BC00
BC00
BC00
BC00
BC00
BC00
BC00
BC00
BC00
BC00
BC00
BC00
BC00
BC00
BC00
BC00
BC00
BC00
BC00
BC00
BC00
BC00
BC00
BC00
BC00
BC00
BC00
BC00
BC00
BC00
BC00
BC00
BC00
BC00
BC00
BC00
BC00
BC00
BC00
BC00
BC00
BC00
BC00
BC00
BC00
BC00
BC00
BC00
BC00
BC00
BC00
BC00
BC00
BC00
BC00
BC00
BC00
BC00
BC00
BC00
BC00
BC00
BC00
BC00
BC00
BC00
BC00
BC00
BC00
BC00
BC00
BC00
BC00
BC00
BC00
BC00
BC00
BC00
BC00
BC00
BC00
BC00
BC00
BC00
BC00
BC00
BC00
BC00
BC00
BC00
BC00
BC00
BC00
BC00
BC00
BC00
BC00
BC00
BC00
BC00
BC00
BC00
BC00
BC00
BC00
BC00
BC00
BC00
BC00
BC00
BC00
BC00
BC00
BC00
BC00
BC00
BC00
BC00
BC00
BC00
BC00
BC00
BC00
BC00
BC00
BC00
BC00
BC00
BC00
BC00
BC00
BC00
BC00
BC00
BC00
BC00
BC00
BC00
BC00
BC00
BC00
BC00
BC00
BC00
BC00
BC00
BC00
BC00
BC00
BC00
BC00
BC00
BC00
BC00
BC00
BC00
BC00
BC00
BC00
BC00
BC00
BC00
BC00
BC00
BC00
BC00
BC00
BC00
BC00
BC00
BC00
BC00
BC00
BC00
BC00
BC00
BC00
BC00
BC00
BC00
BC00
BC00
BC00
BC00
BC00
BC00
BC00
BC00
BC00
BC00
BC00
BC00
BC00
BC00
BC00
BC00
BC00
BC00
BC00
BC00
BC00
BC00
BC00
BC00
BC00
BC00
BC00
BC00
BC00
BC00
BC00
BC00
BC00
BC00
BC00
BC00
BC00
BC00
BC00
BC00
BC00
BC00
BC00
BC00
BC00
BC00
BC00
BC00
BC00
BC00
BC00
BC00
BC00
BC00
BC00
BC00
BC00
BC00
BC00
BC00
BC00
BC00
BC00
BC00
BC00
BC00
BC00
BC00
BC00
BC00
BC00
BC00
BC00
BC00
BC00
BC00
BC00
BC00
BC00
BC00
BC00
BC00
BC00
BC00
BC00
BC00
BC00
BC00
BC00
BC00
BC00
BC00
BC00
BC00
BC00
BC00
BC00
BC00
BC00
BC00
BC00
BC00
BC00
BC00
BC00
BC00
BC00
BC00
BC00
BC00
BC00
BC00
BC00
BC00
BC00
BC00
BC00
BC00
BC00
BC00
BC00
BC00
BC00
BC00
BC00
BC00
BC00
BC00
BC00
BC00
BC00
BC00
BC00
BC00
BC00
BC00
BC00
BC00
BC00
BC00
BC00
BC00
BC00
BC00
BC00
BC00
BC00
BC00
BC00
BC00
BC00
BC00
BC00
BC00
BC00
BC00
BC00
BC00
BC00
BC00
BC00
BC00
BC00
BC00
BC00
BC00
BC00
BC00
BC00
BC00
BC00
BC00
BC00
BC00
BC00
BC00
BC00
BC00
BC00
BC00
BC00
BC00
BC00
BC00
BC00
BC00
BC00
BC00
BC00
BC00
BC00
BC00
BC00
BC00
BC00
BC00
BC00
BC00
BC00
BC00
BC00
BC00
BC00
BC00
BC00
BC00
BC00
BC00
BC00
BC00
BC00
BC00
BC00
BC00
BC00
BC00
BC00
BC00
BC00
BC00
BC00
BC00
BC00
BC00
BC00
BC00
BC00
BC00
BC00
BC00
BC00
BC00
BC00
BC00
BC00
BC00
BC00
BC00
BC00
BC00
BC00
BC00
BC00
BC00
BC00
BC00
BC00
BC00
BC00
BC00
BC00
BC00
BC00
BC00
BC00
BC00
BC00
BC00
BC00
BC00
BC00
BC00
BC00
BC00
BC00
BC00
BC00
BC00
BC00
BC00
BC00
BC00
BC00
BC00
BC00
BC00
BC00
BC00
BC00
BC00
BC00
BC00
BC00
BC00
BC00
BC00
BC00
BC00
BC00
BC00
BC00
BC00
BC00
BC00
BC00
BC00
BC00
BC00
BC00
BC00
BC00
BC00
BC00
BC00
BC00
BC00
BC00
BC00
BC00
BC00
BC00
BC00
BC00
BC00
BC00
BC00
BC00
BC00
BC00
BC00
BC00
BC00
BC00
BC00
BC00
BC00
BC00
BC00
BC00
BC00
BC00
BC00
BC00
BC00
BC00
BC00
BC00
BC00
BC00
BC00
BC00
BC00
BC00
BC00
BC00
BC00
BC00
BC00
BC00
BC00
BC00
BC00
BC00
BC00
BC00
BC00
BC00
BC00
BC00
BC00
BC00
BC00
BC00
BC00
BC00
BC00
BC00
BC00
BC00
BC00
BC00
BC00
BC00
BC00
BC00
BC00
BC00
BC00
BC00
BC00
BC00
BC00
BC00
BC00
BC00
BC00
BC00
BC00
BC00
BC00
BC00
BC00
BC00
BC00
BC00
BC00
BC00
BC00
BC00
BC00
BC00
BC00
BC00
BC00
BC00
BC00
BC00
BC00
BC00
BC00
BC00
BC00
BC00
BC00
BC00
BC00
BC00
BC00
BC00
BC00
BC00
BC00
BC00
BC00
BC00
BC00
BC00
BC00
BC00
BC00
BC00
BC00
BC00
BC00
BC00
BC00
BC00
BC00
BC00
BC00
BC00
BC00
BC00
BC00
BC00
BC00
BC00
BC00
BC00
BC00
BC00
BC00
BC00
BC00
BC00
BC00
BC00
BC00
BC00
BC00
BC00
BC00
BC00
BC00
BC00
BC00
BC00
BC00
BC00
BC00
BC00
BC00
BC00
BC00
BC00
BC00
BC00
BC00
BC00
BC00
BC00
BC00
BC00
BC00
BC00
BC00
BC00
BC00
BC00
BC00
BC00
BC00
BC00
BC00
BC00
BC00
BC00
BC00
BC00
BC00
BC00
BC00
BC00
BC00
BC00
BC00
BC00
BC00
BC00
BC00
BC00
BC00
BC00
BC00
BC00
BC00
BC00
BC00
BC00
BC00
BC00
BC00
BC00
BC00
BC00
BC00
BC00
BC00
BC00
BC00
BC00
BC00
BC00
BC00
BC00
BC00
BC00
BC00
BC00
BC00
BC00
BC00
BC00
BC00
BC00
BC00
BC00
BC00
BC00
BC00
BC00
BC00
BC00
BC00
BC00
BC00
BC00
BC00
BC00
BC00
BC00
BC00
BC00
BC00
BC00
BC00
BC00
BC00
BC00
BC00
BC00
BC00
BC00
BC00
BC00
BC00
BC00
BC00
BC00
BC00
BC00
BC00
BC00
BC00
BC00
BC00
BC00
BC00
BC00
BC00
BC00
BC00
BC00
BC00
BC00
BC00
BC00
BC00
BC00
BC00
BC00
BC00
BC00
BC00
BC00
BC00
BC00
BC00
BC00
BC00
BC00
BC00
BC00
BC00
BC00
BC00
BC00
BC00
BC00
BC00
BC00
BC00
BC00
BC00
BC00
BC00
BC00
BC00
BC00
BC00
BC00
BC00
BC00
BC00
BC00
BC00
BC00
BC00
BC00
BC00
BC00
BC00
BC00
BC00
BC00
BC00
BC00
BC00
BC00
BC00
BC00
BC00
BC00
BC00
BC00
BC00
BC00
BC00
BC00
BC00
BC00
BC00
BC00
BC00
BC00
BC00
BC00
BC00
BC00
BC00
BC00
BC00
BC00
BC00
BC00
BC00
BC00
BC00
BC00
BC00
BC00
BC00
BC00
BC00
BC00
BC00
BC00
BC00
BC00
BC00
BC00
BC00
BC00
BC00
BC00
BC00
BC00
BC00
BC00
BC00
BC00
BC00
BC00
BC00
BC00
BC00
BC00
BC00
BC00
BC00
BC00
BC00
BC00
BC00
BC00
BC00
BC00
BC00
BC00
BC00
BC00
BC00
BC00
BC00
BC00
BC00
BC00
BC00
BC00
BC00
BC00
BC00
BC00
BC00
BC00
BC00
BC00
BC00
BC00
BC00
BC00
BC00
BC00
BC00
BC00
BC00
BC00
BC00
BC00
BC00
BC00
BC00
BC00
BC00
BC00
BC00
BC00
BC00
BC00
BC00
BC00
BC00
BC00
BC00
BC00
BC00
BC00
BC00
BC00
BC00
BC00
BC00
BC00
BC00
BC00
BC00
BC00
BC00
BC00
BC00
BC00
BC00
BC00
BC00
BC00
BC00
BC00
BC00
BC00
BC00
BC00
BC00
BC00
BC00
BC00
BC00
BC00
BC00
BC00
BC00
BC00
BC00
BC00
BC00
BC00
BC00
BC00
BC00
BC00
BC00
BC00
BC00
BC00
BC00
BC00
BC00
BC00
BC00
BC00
BC00
BC00
BC00
BC00
BC00
BC00
BC00
BC00
BC00
BC00
BC00
BC00
BC00
BC00
BC00
BC00
BC00
BC00
BC00
BC00
BC00
BC00
BC00
BC00
BC00
BC00
BC00
BC00
BC00
BC00
BC00
BC00
BC00
BC00
BC00
BC00
BC00
BC00
BC00
BC00
BC00
BC00
BC00
BC00
BC00
BC00
BC00
BC00
BC00
BC00
BC00
BC00
BC00
BC00
BC00
BC00
BC00
BC00
BC00
BC00
BC00
BC00
BC00
BC00
BC00
BC00
BC00
BC00
BC00
BC00
BC00
BC00
BC00
BC00
BC00
BC00
BC00
BC00
BC00
BC00
BC00
BC00
BC00
BC00
BC00
BC00
BC00
BC00
BC00
BC00
BC00
BC00
BC00
BC00
BC00
BC00
BC00
BC00
BC00
BC00
BC00
BC00
BC00
BC00
BC00
BC00
BC00
BC00
BC00
BC00
BC00
BC00
BC00
BC00
BC00
BC00
BC00
BC00
BC00
BC00
BC00
BC00
BC00
BC00
BC00
BC00
BC00
BC00
BC00
BC00
BC00
BC00
BC00
BC00
BC00
BC00
BC00
BC00
BC00
BC00
BC00
BC00
BC00
BC00
BC00
BC00
BC00
BC00
BC00
BC00
BC00
BC00
BC00
BC00
BC00
BC00
BC00
BC00
BC00
BC00
BC00
BC00
BC00
BC00
BC00
BC00
BC00
BC00
BC00
BC00
BC00
BC00
BC00
BC00
BC00
BC00
BC00
BC00
BC00
BC00
BC00
BC00
BC00
BC00
BC00
BC00
BC00
BC00
BC00
BC00
BC00
BC00
BC00
BC00
BC00
BC00
BC00
BC00
BC00
BC00
BC00
BC00
BC00
BC00
BC00
BC00
BC00
BC00
BC00
BC00
BC00
BC00
BC00
BC00
BC00
BC00
BC00
BC00
BC00
BC00
BC00
BC00
BC00
BC00
BC00
BC00
BC00
BC00
BC00
BC00
BC00
BC00
BC00
BC00
BC00
BC00
BC00
BC00
BC00
BC00
BC00
BC00
BC00
BC00
BC00
BC00
BC00
BC00
BC00
BC00
BC00
BC00
BC00
BC00
BC00
BC00
BC00
BC00
BC00
BC00
BC00
BC00
BC00
BC00
BC00
BC00
BC00
BC00
BC00
BC00
BC00
BC00
BC00
BC00
BC00
BC00
BC00
BC00
BC00
BC00
BC00
BC00
BC00
BC00
BC00
BC00
BC00
BC00
BC00
BC00
BC00
BC00
BC00
BC00
BC00
BC00
BC00
BC00
BC00
BC00
BC00
BC00
BC00
BC00
BC00
BC00
BC00
BC00
BC00
BC00
BC00
BC00
BC00
BC00
BC00
BC00
BC00
BC00
BC00
BC00
BC00
BC00
BC00
BC00
BC00
BC00
BC00
BC00
BC00
BC00
BC00
BC00
BC00
BC00
BC00
BC00
BC00
BC00
BC00
BC00
BC00
BC00
BC00
BC00
BC00
BC00
BC00
BC00
BC00
BC00
BC00
BC00
BC00
BC00
BC00
BC00
BC00
BC00
BC00
BC00
BC00
BC00
BC00
BC00
BC00
BC00
BC00
BC00
BC00
BC00
BC00
BC00
BC00
BC00
BC00
BC00
BC00
BC00
BC00
BC00
BC00
BC00
BC00
BC00
BC00
BC00
BC00
BC00
BC00
BC00
BC00
BC00
BC00
BC00
BC00
BC00
BC00
BC00
BC00
BC00
BC00
BC00
BC00
BC00
BC00
BC00
BC00
BC00
BC00
BC00
BC00
BC00
BC00
BC00
BC00
BC00
BC00
BC00
BC00
BC00
BC00
BC00
BC00
BC00
BC00
BC00
BC00
BC00
BC00
BC00
BC00
BC00
BC00
BC00
BC00
BC00
BC00
BC00
BC00
BC00
BC00
BC00
BC00
BC00
BC00
BC00
BC00
BC00
BC00
BC00
BC00
BC00
BC00
BC00
BC00
BC00
BC00
BC00
BC00
BC00
BC00
BC00
BC00
BC00
BC00
BC00
BC00
BC00
BC00
BC00
BC00
BC00
BC00
BC00
BC00
BC00
BC00
BC00
BC00
BC00
BC00
BC00
BC00
BC00
BC00
BC00
BC00
BC00
BC00
BC00
BC00
BC00
BC00
BC00
BC00
BC00
BC00
BC00
BC00
BC00
BC00
BC00
BC00
BC00
BC00
BC00
BC00
BC00
BC00
BC00
BC00
BC00
BC00
BC00
BC00
BC00
BC00
BC00
BC00
BC00
BC00
BC00
BC00
BC00
BC00
BC00
BC00
BC00
BC00
BC00
BC00
BC00
BC00
BC00
BC00
BC00
BC00
BC00
BC00
BC00
BC00
BC00
BC00
BC00
BC00
BC00
BC00
BC00
BC00
BC00
BC00
BC00
BC00
BC00
BC00
BC00
BC00
BC00
BC00
BC00
BC00
BC00
BC00
BC00
BC00
BC00
BC00
BC00
BC00
BC00
BC00
BC00
BC00
BC00
BC00
BC00
BC00
BC00
BC00
BC00
BC00
BC00
BC00
BC00
BC00
BC00
BC00
BC00
BC00
BC00
BC00
BC00
BC00
BC00
BC00
BC00
BC00
BC00
BC00
BC00
BC00
BC00
BC00
BC00
BC00
BC00
BC00
BC00
BC00
BC00
BC00
BC00
BC00
BC00
BC00
BC00
BC00
BC00
BC00
BC00
BC00
BC00
BC00
BC00
BC00
BC00
BC00
BC00
BC00
BC00
BC00
BC00
BC00
BC00
BC00
BC00
BC00
BC00
BC00
BC00
BC00
BC00
BC00
BC00
BC00
BC00
BC00
BC00
BC00
BC00
BC00
BC00
BC00
BC00
BC00
BC00
BC00
BC00
BC00
BC00
BC00
BC00
BC00
BC00
BC00
BC00
BC00
BC00
BC00
BC00
BC00
BC00
BC00
BC00
BC00
BC00
BC00
BC00
BC00
BC00
BC00
BC00
BC00
BC00
BC00
BC00
BC00
BC00
BC00
BC00
BC00
BC00
BC00
BC00
BC00
BC00
BC00
BC00
BC00
BC00
BC00
BC00
BC00
BC00
BC00
BC00
BC00
BC00
BC00
BC00
BC00
BC00
BC00
BC00
BC00
BC00
BC00
BC00
BC00
BC00
BC00
BC00
BC00
BC00
BC00
BC00
BC00
BC00
BC00
BC00
BC00
BC00
BC00
BC00
BC00
BC00
BC00
BC00
BC00
BC00
BC00
BC00
BC00
BC00
BC00
BC00
BC00
BC00
BC00
BC00
BC00
BC00
BC00
BC00
BC00
BC00
BC00
BC00
BC00
BC00
BC00
BC00
BC00
BC00
BC00
BC00
BC00
BC00
BC00
BC00
BC00
BC00
BC00
BC00
BC00
BC00
BC00
BC00
BC00
BC00
BC00
BC00
BC00
BC00
BC00
BC00
BC00
BC00
BC00
BC00
BC00
BC00
BC00
BC00
BC00
BC00
BC00
BC00
BC00
BC00
BC00
BC00
BC00
BC00
BC00
BC00
BC00
BC00
BC00
BC00
BC00
BC00
BC00
BC00
BC00
BC00
BC00
BC00
BC00
BC00
BC00
BC00
BC00
BC00
BC00
BC00
BC00
BC00
BC00
BC00
BC00
BC00
BC00
BC00
BC00
BC00
BC00
BC00
BC00
BC00
BC00
BC00
BC00
BC00
BC00
BC00
BC00
BC00
BC00
BC00
BC00
BC00
BC00
BC00
BC00
BC00
BC00
BC00
BC00
BC00
BC00
BC00
BC00
BC00
BC00
BC00
BC00
BC00
BC00
BC00
BC00
BC00
BC00
BC00
BC00
BC00
BC00
BC00
BC00
BC00
BC00
BC00
BC00
BC00
BC00
BC00
BC00
BC00
BC00
BC00
BC00
BC00
BC00
BC00
BC00
BC00
BC00
BC00
BC00
BC00
BC00
BC00
BC00
BC00
BC00
BC00
BC00
BC00
BC00
BC00
BC00
BC00
BC00
BC00
BC00
BC00
BC00
BC00
BC00
BC00
BC00
BC00
BC00
BC00
BC00
BC00
BC00
BC00
BC00
BC00
BC00
BC00
BC00
BC00
BC00
BC00
BC00
BC00
BC00
BC00
BC00
BC00
BC00
BC00
BC00
BC00
BC00
BC00
BC00
BC00
BC00
BC00
BC00
BC00
BC00
BC00
BC00
BC00
BC00
BC00
BC00
BC00
BC00
BC00
BC00
BC00
BC00
BC00
BC00
BC00
BC00
BC00
BC00
BC00
BC00
BC00
BC00
BC00
BC00
BC00
BC00
BC00
BC00
BC00
BC00
BC00
BC00
BC00
BC00
BC00
BC00
BC00
BC00
BC00
BC00
BC00
BC00
BC00
BC00
BC00
BC00
BC00
BC00
BC00
BC00
BC00
BC00
BC00
BC00
BC00
BC00
BC00
BC00
BC00
BC00
BC00
BC00
BC00
BC00
BC00
BC00
BC00
BC00
BC00
BC00
BC00
BC00
BC00
BC00
BC00
BC00
BC00
BC00
BC00
BC00
BC00
BC00
BC00
BC00
BC00
BC00
BC00
BC00
BC00
BC00
BC00
BC00
BC00
BC00
BC00
BC00
BC00
BC00
BC00
BC00
BC00
BC00
BC00
BC00
BC00
BC00
BC00
BC00
BC00
BC00
BC00
BC00
BC00
BC00
BC00
BC00
BC00
BC00
BC00
BC00
BC00
BC00
BC00
BC00
BC00
BC00
BC00
BC00
BC00
BC00
BC00
BC00
BC00
BC00
BC00
BC00
BC00
BC00
BC00
BC00
BC00
BC00
BC00
BC00
BC00
BC00
BC00
BC00
BC00
BC00
BC00
BC00
BC00
BC00
BC00
BC00
BC00
BC00
BC00
BC00
BC00
BC00
BC00
BC00
BC00
BC00
BC00
BC00
BC00
BC00
BC00
BC00
BC00
BC00
BC00
BC00
BC00
BC00
BC00
BC00
BC00
BC00
BC00
BC00
BC00
BC00
BC00
BC00
BC00
BC00
BC00
BC00
BC00
BC00
BC00
BC00
BC00
BC00
BC00
BC00
BC00
BC00
BC00
BC00
BC00
BC00
BC00
BC00
BC00
BC00
BC00
BC00
BC00
BC00
BC00
BC00
BC00
BC00
BC00
BC00
BC00
BC00
BC00
BC00
BC00
BC00
BC00
BC00
BC00
BC00
BC00
BC00
BC00
BC00
BC00
BC00
BC00
BC00
BC00
BC00
BC00
BC00
BC00
BC00
BC00
BC00
BC00
BC00
BC00
BC00
BC00
BC00
BC00
BC00
BC00
BC00
BC00
BC00
BC00
BC00
BC00
BC00
BC00
BC00
BC00
BC00
BC00
BC00
BC00
BC00
BC00
BC00
BC00
BC00
BC00
BC00
BC00
BC00
BC00
BC00
BC00
BC00
BC00
BC00
BC00
BC00
BC00
BC00
BC00
BC00
BC00
BC00
BC00
BC00
BC00
BC00
BC00
BC00
BC00
BC00
BC00
BC00
BC00
BC00
BC00
BC00
BC00
BC00
BC00
BC00
BC00
BC00
BC00
BC00
BC00
BC00
BC00
BC00
BC00
BC00
BC00
BC00
BC00
BC00
BC00
BC00
BC00
BC00
BC00
BC00
BC00
BC00
BC00
BC00
BC00
BC00
BC00
BC00
BC00
BC00
BC00
BC00
BC00
BC00
BC00
BC00
BC00
BC00
BC00
BC00
BC00
BC00
BC00
BC00
BC00
BC00
BC00
BC00
BC00
BC00
BC00
BC00
BC00
BC00
BC00
BC00
BC00
BC00
BC00
BC00
BC00
BC00
BC00
BC00
BC00
BC00
BC00
BC00
BC00
BC00
BC00
BC00
BC00
BC00
BC00
BC00
BC00
BC00
BC00
BC00
BC00
BC00
BC00
BC00
BC00
BC00
BC00
BC00
BC00
BC00
BC00
BC00
BC00
BC00
BC00
BC00
BC00
BC00
BC00
BC00
BC00
BC00
BC00
BC00
BC00
BC00
BC00
BC00
BC00
BC00
BC00
BC00
BC00
BC00
BC00
BC00
BC00
BC00
BC00
BC00
BC00
BC00
BC00
BC00
BC00
BC00
BC00
BC00
BC00
BC00
BC00
BC00
BC00
BC00
BC00
BC00
BC00
BC00
BC00
BC00
BC00
BC00
BC00
BC00
BC00
BC00
BC00
BC00
BC00
BC00
BC00
BC00
BC00
BC00
BC00
BC00
BC00
BC00
BC00
BC00
BC00
BC00
BC00
BC00
BC00
BC00
BC00
BC00
BC00
BC00
BC00
BC00
BC00
BC00
BC00
BC00
BC00
BC00
BC00
BC00
BC00
BC00
BC00
BC00
BC00
BC00
BC00
BC00
BC00
BC00
BC00
BC00
BC00
BC00
BC00
BC00
BC00
BC00
BC00
BC00
BC00
BC00
BC00
BC00
BC00
BC00
BC00
BC00
BC00
BC00
BC00
BC00
BC00
BC00
BC00
BC00
BC00
BC00
BC00
BC00
BC00
BC00
BC00
BC00
BC00
BC00
BC00
BC00
BC00
BC00
BC00
BC00
BC00
BC00
BC00
BC00
BC00
BC00
BC00
BC00
BC00
BC00
BC00
BC00
BC00
BC00
BC00
BC00
BC00
BC00
BC00
BC00
BC00
BC00
BC00
BC00
BC00
BC00
BC00
BC00
BC00
BC00
BC00
BC00
BC00
BC00
BC00
BC00
BC00
BC00
BC00
BC00
BC00
BC00
BC00
BC00
BC00
BC00
BC00
BC00
BC00
BC00
BC00
BC00
BC00
BC00
BC00
BC00
BC00
BC00
BC00
BC00
BC00
BC00
BC00
BC00
BC00
BC00
BC00
BC00
BC00
BC00
BC00
BC00
BC00
BC00
BC00
BC00
BC00
BC00
BC00
BC00
BC00
BC00
BC00
BC00
BC00
BC00
BC00
BC00
BC00
BC00
BC00
BC00
BC00
BC00
BC00
BC00
BC00
BC00
BC00
BC00
BC00
BC00
BC00
BC00
BC00
BC00
BC00
BC00
BC00
BC00
BC00
BC00
BC00
BC00
BC00
BC00
BC00
BC00
BC00
BC00
BC00
BC00
BC00
BC00
BC00
BC00
BC00
BC00
BC00
BC00
BC00
BC00
BC00
BC00
BC00
BC00
BC00
BC00
BC00
BC00
BC00
BC00
BC00
BC00
BC00
BC00
BC00
BC00
BC00
BC00
BC00
BC00
BC00
BC00
BC00
BC00
BC00
BC00
BC00
BC00
BC00
BC00
BC00
BC00
BC00
BC00
BC00
BC00
BC00
BC00
BC00
BC00
BC00
BC00
BC00
BC00
BC00
BC00
BC00
BC00
BC00
BC00
BC00
BC00
BC00
BC00
BC00
BC00
BC00
BC00
BC00
BC00
BC00
BC00
BC00
BC00
BC00
BC00
BC00
BC00
BC00
BC00
BC00
BC00
BC00
BC00
BC00
BC00
BC00
BC00
BC00
BC00
BC00
BC00
BC00
BC00
BC00
BC00
BC00
BC00
BC00
BC00
BC00
BC00
BC00
BC00
BC00
BC00
BC00
BC00
BC00
BC00
BC00
BC00
BC00
BC00
BC00
BC00
BC00
BC00
BC00
BC00
BC00
BC00
BC00
BC00
BC00
BC00
BC00
BC00
BC00
BC00
BC00
BC00
BC00
BC00
BC00
BC00
BC00
BC00
BC00
BC00
BC00
BC00
BC00
BC00
BC00
BC00
BC00
BC00
BC00
BC00
BC00
BC00
BC00
BC00
BC00
BC00
BC00
BC00
BC00
BC00
BC00
BC00
BC00
BC00
BC00
BC00
BC00
BC00
BC00
BC00
BC00
BC00
BC00
BC00
BC00
BC00
BC00
BC00
BC00
BC00
BC00
BC00
BC00
BC00
BC00
BC00
BC00
BC00
BC00
BC00
BC00
BC00
BC00
BC00
BC00
BC00
BC00
BC00
BC00
BC00
BC00
BC00
BC00
BC00
BC00
BC00
BC00
BC00
BC00
BC00
BC00
BC00
BC00
BC00
BC00
BC00
BC00
BC00
BC00
BC00
BC00
BC00
BC00
BC00
BC00
BC00
BC00
BC00
BC00
BC00
BC00
BC00
BC00
BC00
BC00
BC00
BC00
BC00
BC00
BC00
BC00
BC00
BC00
BC00
BC00
BC00
BC00
BC00
BC00
BC00
BC00
BC00
BC00
BC00
BC00
BC00
BC00
BC00
BC00
BC00
BC00
BC00
BC00
BC00
BC00
BC00
BC00
BC00
BC00
BC00
BC00
BC00
BC00
BC00
BC00
BC00
BC00
BC00
BC00
BC00
BC00
BC00
BC00
BC00
BC00
BC00
BC00
BC00
BC00
BC00
BC00
BC00
BC00
BC00
BC00
BC00
BC00
BC00
BC00
BC00
BC00
BC00
BC00
BC00
BC00
BC00
BC00
BC00
BC00
BC00
BC00
BC00
BC00
BC00
BC00
BC00
BC00
BC00
BC00
BC00
BC00
BC00
BC00
BC00
BC00
BC00
BC00
BC00
BC00
BC00
BC00
BC00
BC00
BC00
BC00
BC00
BC00
BC00
BC00
BC00
BC00
BC00
BC00
BC00
BC00
BC00
BC00
BC00
BC00
BC00
BC00
BC00
BC00
BC00
BC00
BC00
BC00
BC00
BC00
BC00
BC00
BC00
BC00
BC00
BC00
BC00
BC00
BC00
BC00
BC00
BC00
BC00
BC00
BC00
BC00
BC00
BC00
BC00
BC00
BC00
BC00
BC00
BC00
BC00
BC00
BC00
BC00
BC00
BC00
BC00
BC00
BC00
BC00
BC00
BC00
BC00
BC00
BC00
BC00
BC00
BC00
BC00
BC00
BC00
BC00
BC00
BC00
BC00
BC00
BC00
BC00
BC00
BC00
BC00
BC00
BC00
BC00
BC00
BC00
BC00
BC00
BC00
BC00
BC00
BC00
BC00
BC00
BC00
BC00
BC00
BC00
BC00
BC00
BC00
BC00
BC00
BC00
BC00
BC00
BC00
BC00
BC00
BC00
BC00
BC00
BC00
BC00
BC00
BC00
BC00
BC00
BC00
BC00
BC00
BC00
BC00
BC00
BC00
BC00
BC00
BC00
BC00
BC00
BC00
BC00
BC00
BC00
BC00
BC00
BC00
BC00
BC00
BC00
BC00
BC00
BC00
BC00
BC00
BC00
BC00
BC00
BC00
BC00
BC00
BC00
BC00
BC00
BC00
BC00
BC00
BC00
BC00
BC00
BC00
BC00
BC00
BC00
BC00
BC00
BC00
BC00
BC00
BC00
BC00
BC00
BC00
BC00
BC00
BC00
BC00
BC00
BC00
BC00
BC00
BC00
BC00
BC00
BC00
BC00
BC00
BC00
BC00
BC00
BC00
BC00
BC00
BC00
BC00
BC00
BC00
BC00
BC00
BC00
BC00
BC00
BC00
BC00
BC00
BC00
BC00
BC00
BC00
BC00
BC00
BC00
BC00
BC00
BC00
BC00
BC00
BC00
BC00
BC00
BC00
BC00
BC00
BC00
BC00
BC00
BC00
BC00
BC00
BC00
BC00
BC00
BC00
BC00
BC00
BC00
BC00
BC00
BC00
BC00
BC00
BC00
BC00
BC00
BC00
BC00
BC00
BC00
BC00
BC00
BC00
BC00
BC00
BC00
BC00
BC00
BC00
BC00
BC00
BC00
BC00
BC00
BC00
BC00
BC00
BC00
BC00
BC00
BC00
BC00
BC00
BC00
BC00
BC00
BC00
BC00
BC00
BC00
BC00
BC00
BC00
BC00
BC00
BC00
BC00
BC00
BC00
BC00
BC00
BC00
BC00
BC00
BC00
BC00
BC00
BC00
BC00
BC00
BC00
BC00
BC00
BC00
BC00
BC00
BC00
BC00
BC00
BC00
BC00
BC00
BC00
BC00
BC00
BC00
BC00
BC00
BC00
BC00
BC00
BC00
BC00
BC00
BC00
BC00
BC00
BC00
BC00
BC00
BC00
BC00
BC00
BC00
BC00
BC00
BC00
BC00
BC00
BC00
BC00
BC00
BC00
BC00
BC00
BC00
BC00
BC00
BC00
BC00
BC00
BC00
BC00
BC00
BC00
BC00
BC00
BC00
BC00
BC00
BC00
BC00
BC00
BC00
BC00
BC00
BC00
BC00
BC00
BC00
BC00
BC00
BC00
BC00
BC00
BC00
BC00
BC00
BC00
BC00
BC00
BC00
BC00
BC00
BC00
BC00
BC00
BC00
BC00
BC00
BC00
BC00
BC00
BC00
BC00
BC00
BC00
BC00
BC00
BC00
BC00
BC00
BC00
BC00
BC00
BC00
BC00
BC00
BC00
BC00
BC00
BC00
BC00
BC00
BC00
BC00
BC00
BC00
BC00
BC00
BC00
BC00
BC00
BC00
BC00
BC00
BC00
BC00
BC00
BC00
BC00
BC00
BC00
BC00
BC00
BC00
BC00
BC00
BC00
BC00
BC00
BC00
BC00
BC00
BC00
BC00
BC00
BC00
BC00
BC00
BC00
BC00
BC00
BC00
BC00
BC00
BC00
BC00
BC00
BC00
BC00
BC00
BC00
BC00
BC00
BC00
BC00
BC00
BC00
BC00
BC00
BC00
BC00
BC00
BC00
BC00
BC00
BC00
BC00
BC00
BC00
BC00
BC00
BC00
BC00
BC00
BC00
BC00
BC00
BC00
BC00
BC00
BC00
BC00
BC00
BC00
BC00
BC00
BC00
BC00
BC00
BC00
BC00
BC00
BC00
BC00
BC00
BC00
BC00
BC00
BC00
BC00
BC00
BC00
BC00
BC00
BC00
BC00
BC00
BC00
BC00
BC00
BC00
BC00
BC00
BC00
BC00
BC00
BC00
BC00
BC00
BC00
BC00
BC00
BC00
BC00
BC00
BC00
BC00
BC00
BC00
BC00
BC00
BC00
BC00
BC00
BC00
BC00
BC00
BC00
BC00
BC00
BC00
BC00
BC00
BC00
BC00
BC00
BC00
BC00
BC00
BC00
BC00
BC00
BC00
BC00
BC00
BC00
BC00
BC00
BC00
BC00
BC00
BC00
BC00
BC00
BC00
BC00
BC00
BC00
BC00
BC00
BC00
BC00
BC00
BC00
BC00
BC00
BC00
BC00
BC00
BC00
BC00
BC00
BC00
BC00
BC00
BC00
BC00
BC00
BC00
BC00
BC00
BC00
BC00
BC00
BC00
BC00
BC00
BC00
BC00
BC00
BC00
BC00
BC00
BC00
BC00
BC00
BC00
BC00
BC00
BC00
BC00
BC00
BC00
BC00
BC00
BC00
BC00
BC00
BC00
BC00
BC00
BC00
BC00
BC00
BC00
BC00
BC00
BC00
BC00
BC00
BC00
BC00
BC00
BC00
BC00
BC00
BC00
BC00
BC00
BC00
BC00
BC00
BC00
BC00
BC00
BC00
BC00
BC00
BC00
BC00
BC00
BC00
BC00
BC00
BC00
BC00
BC00
BC00
BC00
BC00
BC00
BC00
BC00
BC00
BC00
BC00
BC00
BC00
BC00
BC00
BC00
BC00
BC00
BC00
BC00
BC00
BC00
BC00
BC00
BC00
BC00
BC00
BC00
BC00
BC00
BC00
BC00
BC00
BC00
BC00
BC00
BC00
BC00
BC00
BC00
BC00
BC00
BC00
BC00
BC00
BC00
BC00
BC00
BC00
BC00
BC00
BC00
BC00
BC00
BC00
BC00
BC00
BC00
BC00
BC00
BC00
BC00
BC00
BC00
BC00
BC00
BC00
BC00
BC00
BC00
BC00
BC00
BC00
BC00
BC00
BC00
BC00
BC00
BC00
BC00
BC00
BC00
BC00
BC00
BC00
BC00
BC00
BC00
BC00
BC00
BC00
BC00
BC00
BC00
BC00
BC00
BC00
BC00
BC00
BC00
BC00
BC00
BC00
BC00
BC00
BC00
BC00
BC00
BC00
BC00
BC00
BC00
BC00
BC00
BC00
BC00
BC00
BC00
BC00
BC00
BC00
BC00
BC00
BC00
BC00
BC00
BC00
BC00
BC00
BC00
BC00
BC00
BC00
BC00
BC00
BC00
BC00
BC00
BC00
BC00
BC00
BC00
BC00
BC00
BC00
BC00
BC00
BC00
BC00
BC00
BC00
BC00
BC00
BC00
BC00
BC00
BC00
BC00
BC00
BC00
BC00
BC00
BC00
BC00
BC00
BC00
BC00
BC00
BC00
BC00
BC00
BC00
BC00
BC00
BC00
BC00
BC00
BC00
BC00
BC00
BC00
BC00
BC00
BC00
BC00
BC00
BC00
BC00
BC00
BC00
BC00
BC00
BC00
BC00
BC00
BC00
BC00
BC00
BC00
BC00
BC00
BC00
BC00
BC00
BC00
BC00
BC00
BC00
BC00
BC00
BC00
BC00
BC00
BC00
BC00
BC00
BC00
BC00
BC00
BC00
BC00
BC00
BC00
BC00
BC00
BC00
BC00
BC00
BC00
BC00
BC00
BC00
BC00
BC00
BC00
BC00
BC00
BC00
BC00
BC00
BC00
BC00
BC00
BC00
BC00
BC00
BC00
BC00
BC00
BC00
BC00
BC00
BC00
BC00
BC00
BC00
BC00
BC00
BC00
BC00
BC00
BC00
BC00
BC00
BC00
BC00
BC00
BC00
BC00
BC00
BC00
BC00
BC00
BC00
BC00
BC00
BC00
BC00
BC00
BC00
BC00
BC00
BC00
BC00
BC00
BC00
BC00
BC00
BC00
BC00
BC00
BC00
BC00
BC00
BC00
BC00
BC00
BC00
BC00
BC00
BC00
BC00
BC00
BC00
BC00
BC00
BC00
BC00
BC00
BC00
BC00
BC00
BC00
BC00
BC00
BC00
BC00
BC00
BC00
BC00
BC00
BC00
BC00
BC00
BC00
BC00
BC00
BC00
BC00
BC00
BC00
BC00
BC00
BC00
BC00
BC00
BC00
BC00
BC00
BC00
BC00
BC00
BC00
BC00
BC00
BC00
BC00
BC00
BC00
BC00
BC00
BC00
BC00
BC00
BC00
BC00
BC00
BC00
BC00
BC00
BC00
BC00
BC00
BC00
BC00
BC00
BC00
BC00
BC00
BC00
BC00
BC00
BC00
BC00
BC00
BC00
BC00
BC00
BC00
BC00
BC00
BC00
BC00
BC00
BC00
BC00
BC00
BC00
BC00
BC00
BC00
BC00
BC00
BC00
BC00
BC00
BC00
BC00
BC00
BC00
BC00
BC00
BC00
BC00
BC00
BC00
BC00
BC00
BC00
BC00
BC00
BC00
BC00
BC00
BC00
BC00
BC00
BC00
BC00
BC00
BC00
BC00
BC00
BC00
BC00
BC00
BC00
BC00
BC00
BC00
BC00
BC00
BC00
BC00
BC00
BC00
BC00
BC00
BC00
BC00
BC00
BC00
BC00
BC00
BC00
BC00
BC00
BC00
BC00
BC00
BC00
BC00
BC00
BC00
BC00
BC00
BC00
BC00
BC00
BC00
BC00
BC00
BC00
BC00
BC00
BC00
BC00
BC00
BC00
BC00
BC00
BC00
BC00
BC00
BC00
BC00
BC00
BC00
BC00
BC00
BC00
BC00
BC00
BC00
BC00
BC00
BC00
BC00
BC00
BC00
BC00
BC00
BC00
BC00
BC00
BC00
BC00
BC00
BC00
BC00
BC00
BC00
BC00
BC00
BC00
BC00
BC00
BC00
BC00
BC00
BC00
BC00
BC00
BC00
BC00
BC00
BC00
BC00
BC00
BC00
BC00
BC00
BC00
BC00
BC00
BC00
BC00
BC00
BC00
BC00
BC00
BC00
BC00
BC00
BC00
BC00
BC00
BC00
BC00
BC00
BC00
BC00
BC00
BC00
BC00
BC00
BC00
BC00
BC00
BC00
BC00
BC00
BC00
BC00
BC00
BC00
BC00
BC00
BC00
BC00
BC00
BC00
BC00
BC00
BC00
BC00
BC00
BC00
BC00
BC00
BC00
BC00
BC00
BC00
BC00
BC00
BC00
BC00
BC00
BC00
BC00
BC00
BC00
BC00
BC00
BC00
BC00
BC00
BC00
BC00
BC00
BC00
BC00
BC00
BC00
BC00
BC00
BC00
BC00
BC00
BC00
BC00
BC00
BC00
BC00
BC00
BC00
BC00
BC00
BC00
BC00
BC00
BC00
BC00
BC00
BC00
BC00
BC00
BC00
BC00
BC00
BC00
BC00
BC00
BC00
BC00
BC00
BC00
BC00
BC00
BC00
BC00
BC00
BC00
BC00
BC00
BC00
BC00
BC00
BC00
BC00
BC00
BC00
BC00
BC00
BC00
BC00
BC00
BC00
BC00
BC00
BC00
BC00
BC00
BC00
BC00
BC00
BC00
BC00
BC00
BC00
BC00
BC00
BC00
BC00
BC00
BC00
BC00
BC00
BC00
BC00
BC00
BC00
BC00
BC00
BC00
BC00
BC00
BC00
BC00
BC00
BC00
BC00
BC00
BC00
BC00
BC00
BC00
BC00
BC00
BC00
BC00
BC00
BC00
BC00
BC00
BC00
BC00
BC00
BC00
BC00
BC00
BC00
BC00
BC00
BC00
BC00
BC00
BC00
BC00
BC00
BC00
BC00
BC00
BC00
BC00
BC00
BC00
BC00
BC00
BC00
BC00
BC00
BC00
BC00
BC00
BC00
BC00
BC00
BC00
BC00
BC00
BC00
BC00
BC00
BC00
BC00
BC00
BC00
BC00
BC00
BC00
BC00
BC00
BC00
BC00
BC00
BC00
BC00
BC00
BC00
BC00
BC00
BC00
BC00
BC00
BC00
BC00
BC00
BC00
BC00
BC00
BC00
BC00
BC00
BC00
BC00
BC00
BC00
BC00
BC00
BC00
BC00
BC00
BC00
BC00
BC00
BC00
BC00
BC00
BC00
BC00
BC00
BC00
BC00
BC00
BC00
BC00
BC00
BC00
BC00
BC00
BC00
BC00
BC00
BC00
BC00
BC00
BC00
BC00
BC00
BC00
BC00
BC00
BC00
BC00
BC00
BC00
BC00
BC00
BC00
BC00
BC00
BC00
BC00
BC00
BC00
BC00
BC00
BC00
BC00
BC00
BC00
BC00
BC00
BC00
BC00
BC00
BC00
BC00
BC00
BC00
BC00
BC00
BC00
BC00
BC00
BC00
BC00
BC00
BC00
BC00
BC00
BC00
BC00
BC00
BC00
BC00
BC00
BC00
BC00
BC00
BC00
BC00
BC00
BC00
BC00
BC00
BC00
BC00
BC00
BC00
BC00
BC00
BC00
BC00
BC00
BC00
BC00
BC00
BC00
BC00
BC00
BC00
BC00
BC00
BC00
BC00
BC00
BC00
BC00
BC00
BC00
BC00
BC00
BC00
BC00
BC00
BC00
BC00
BC00
BC00
BC00
BC00
BC00
BC00
BC00
BC00
BC00
BC00
BC00
BC00
BC00
BC00
BC00
BC00
BC00
BC00
BC00
BC00
BC00
BC00
BC00
BC00
BC00
BC00
BC00
BC00
BC00
BC00
BC00
BC00
BC00
BC00
BC00
BC00
BC00
BC00
BC00
BC00
BC00
BC00
BC00
BC00
BC00
BC00
BC00
BC00
BC00
BC00
BC00
BC00
BC00
BC00
BC00
BC00
BC00
BC00
BC00
BC00
BC00
BC00
BC00
BC00
BC00
BC00
BC00
BC00
BC00
BC00
BC00
BC00
BC00
BC00
BC00
BC00
BC00
BC00
BC00
BC00
BC00
BC00
BC00
BC00
BC00
BC00
BC00
BC00
BC00
BC00
BC00
BC00
BC00
BC00
BC00
BC00
BC00
BC00
BC00
BC00
BC00
BC00
BC00
BC00
BC00
BC00
BC00
BC00
BC00
BC00
BC00
BC00
BC00
BC00
BC00
BC00
BC00
BC00
BC00
BC00
BC00
BC00
BC00
BC00
BC00
BC00
BC00
BC00
BC00
BC00
BC00
BC00
BC00
BC00
BC00
BC00
BC00
BC00
BC00
BC00
BC00
BC00
BC00
BC00
BC00
BC00
BC00
BC00
BC00
BC00
BC00
BC00
BC00
BC00
BC00
BC00
BC00
BC00
BC00
BC00
BC00
BC00
BC00
BC00
BC00
BC00
BC00
BC00
BC00
BC00
BC00
BC00
BC00
BC00
BC00
BC00
BC00
BC00
BC00
BC00
BC00
BC00
BC00
BC00
BC00
BC00
BC00
BC00
BC00
BC00
BC00
BC00
BC00
BC00
BC00
BC00
BC00
BC00
BC00
BC00
BC00
BC00
BC00
BC00
BC00
BC00
BC00
BC00
BC00
BC00
BC00
BC00
BC00
BC00
BC00
BC00
BC00
BC00
BC00
BC00
BC00
BC00
BC00
BC00
BC00
BC00
BC00
BC00
BC00
BC00
BC00
BC00
BC00
BC00
BC00
BC00
BC00
BC00
BC00
BC00
BC00
BC00
BC00
BC00
BC00
BC00
BC00
BC00
BC00
BC00
BC00
BC00
BC00
BC00
BC00
BC00
BC00
BC00
BC00
BC00
BC00
BC00
BC00
BC00
BC00
BC00
BC00
BC00
BC00
BC00
BC00
BC00
BC00
BC00
BC00
BC00
BC00
BC00
BC00
BC00
BC00
BC00
BC00
BC00
BC00
BC00
BC00
BC00
BC00
BC00
BC00
BC00
BC00
BC00
BC00
BC00
BC00
BC00
BC00
BC00
BC00
BC00
BC00
BC00
BC00
BC00
BC00
BC00
BC00
BC00
BC00
BC00
BC00
BC00
BC00
BC00
BC00
BC00
BC00
BC00
BC00
BC00
BC00
BC00
BC00
BC00
BC00
BC00
BC00
BC00
BC00
BC00
BC00
BC00
BC00
BC00
BC00
BC00
BC00
BC00
BC00
BC00
BC00
BC00
BC00
BC00
BC00
BC00
BC00
BC00
BC00
BC00
BC00
BC00
BC00
BC00
BC00
BC00
BC00
BC00
BC00
BC00
BC00
BC00
BC00
BC00
BC00
BC00
BC00
BC00
BC00
BC00
BC00
BC00
BC00
BC00
BC00
BC00
BC00
BC00
BC00
BC00
BC00
BC00
BC00
BC00
BC00
BC00
BC00
BC00
BC00
BC00
BC00
BC00
BC00
BC00
BC00
BC00
BC00
BC00
BC00
BC00
BC00
BC00
BC00
BC00
BC00
BC00
BC00
BC00
BC00
BC00
BC00
BC00
BC00
BC00
BC00
BC00
BC00
BC00
BC00
BC00
BC00
BC00
BC00
BC00
BC00
BC00
BC00
BC00
BC00
BC00
BC00
BC00
BC00
BC00
BC00
BC00
BC00
BC00
BC00
BC00
BC00
BC00
BC00
BC00
BC00
BC00
BC00
BC00
BC00
BC00
BC00
BC00
BC00
BC00
BC00
BC00
BC00
BC00
BC00
BC00
BC00
BC00
BC00
BC00
BC00
BC00
BC00
BC00
BC00
BC00
BC00
BC00
BC00
BC00
BC00
BC00
BC00
BC00
BC00
BC00
BC00
BC00
BC00
BC00
BC00
BC00
BC00
BC00
BC00
BC00
BC00
BC00
BC00
BC00
BC00
BC00
BC00
BC00
BC00
BC00
BC00
BC00
BC00
BC00
BC00
BC00
BC00
BC00
BC00
BC00
BC00
BC00
BC00
BC00
BC00
BC00
BC00
BC00
BC00
BC00
BC00
BC00
BC00
BC00
BC00
BC00
BC00
BC00
BC00
BC00
BC00
BC00
BC00
BC00
BC00
BC00
BC00
BC00
BC00
BC00
BC00
BC00
BC00
BC00
BC00
BC00
BC00
BC00
BC00
BC00
BC00
BC00
BC00
BC00
BC00
BC00
BC00
BC00
BC00
BC00
BC00
BC00
BC00
BC00
BC00
BC00
BC00
BC00
BC00
BC00
BC00
BC00
BC00
BC00
BC00
BC00
BC00
BC00
BC00
BC00
BC00
BC00
BC00
BC00
BC00
BC00
BC00
BC00
BC00
BC00
BC00
BC00
BC00
BC00
BC00
BC00
BC00
BC00
BC00
BC00
BC00
BC00
BC00
BC00
BC00
BC00
BC00
BC00
BC00
BC00
BC00
BC00
BC00
BC00
BC00
BC00
BC00
BC00
BC00
BC00
BC00
BC00
BC00
BC00
BC00
BC00
BC00
BC00
BC00
BC00
BC00
BC00
BC00
BC00
BC00
BC00
BC00
BC00
BC00
BC00
BC00
BC00
BC00
BC00
BC00
BC00
BC00
BC00
BC00
BC00
BC00
BC00
BC00
BC00
BC00
BC00
BC00
BC00
BC00
BC00
BC00
BC00
BC00
BC00
BC00
BC00
BC00
BC00
BC00
BC00
BC00
BC00
BC00
BC00
BC00
BC00
BC00
BC00
BC00
BC00
BC00
BC00
BC00
BC00
BC00
BC00
BC00
BC00
BC00
BC00
BC00
BC00
BC00
BC00
BC00
BC00
BC00
BC00
BC00
BC00
BC00
BC00
BC00
BC00
BC00
BC00
BC00
BC00
BC00
BC00
BC00
BC00
BC00
BC00
BC00
BC00
BC00
BC00
BC00
BC00
BC00
BC00
BC00
BC00
BC00
BC00
BC00
BC00
BC00
BC00
BC00
BC00
BC00
BC00
BC00
BC00
BC00
BC00
BC00
BC00
BC00
BC00
BC00
BC00
BC00
BC00
BC00
BC00
BC00
BC00
BC00
BC00
BC00
BC00
BC00
BC00
BC00
BC00
BC00
BC00
BC00
BC00
BC00
BC00
BC00
BC00
BC00
BC00
BC00
BC00
BC00
BC00
BC00
BC00
BC00
BC00
BC00
BC00
BC00
BC00
BC00
BC00
BC00
BC00
BC00
BC00
BC00
BC00
BC00
BC00
BC00
BC00
BC00
BC00
BC00
BC00
BC00
BC00
BC00
BC00
BC00
BC00
BC00
BC00
BC00
BC00
BC00
BC00
BC00
BC00
BC00
BC00
BC00
BC00
BC00
BC00
BC00
BC00
BC00
BC00
BC00
BC00
BC00
BC00
BC00
BC00
BC00
BC00
BC00
BC00
BC00
BC00
BC00
BC00
BC00
BC00
BC00
BC00
BC00
BC00
BC00
BC00
BC00
BC00
BC00
BC00
BC00
BC00
BC00
BC00
BC00
BC00
BC00
BC00
BC00
BC00
BC00
BC00
BC00
BC00
BC00
BC00
BC00
BC00
BC00
BC00
BC00
BC00
BC00
BC00
BC00
BC00
BC00
BC00
BC00
BC00
BC00
BC00
BC00
BC00
BC00
BC00
BC00
BC00
BC00
BC00
BC00
BC00
BC00
BC00
BC00
BC00
BC00
BC00
BC00
BC00
BC00
BC00
BC00
BC00
BC00
BC00
BC00
BC00
BC00
BC00
BC00
BC00
BC00
BC00
BC00
BC00
BC00
BC00
BC00
BC00
BC00
BC00
BC00
BC00
BC00
BC00
BC00
BC00
BC00
BC00
BC00
BC00
BC00
BC00
BC00
BC00
BC00
BC00
BC00
BC00
BC00
BC00
BC00
BC00
BC00
BC00
BC00
BC00
BC00
BC00
BC00
BC00
BC00
BC00
BC00
BC00
BC00
BC00
BC00
BC00
BC00
BC00
BC00
BC00
BC00
BC00
BC00
BC00
BC00
BC00
BC00
BC00
BC00
BC00
BC00
BC00
BC00
BC00
BC00
BC00
BC00
BC00
BC00
BC00
BC00
BC00
BC00
BC00
BC00
BC00
BC00
BC00
BC00
BC00
BC00
BC00
BC00
BC00
BC00
BC00
BC00
BC00
BC00
BC00
BC00
BC00
BC00
BC00
BC00
BC00
BC00
BC00
BC00
BC00
BC00
BC00
BC00
BC00
BC00
BC00
BC00
BC00
BC00
BC00
BC00
BC00
BC00
BC00
BC00
BC00
BC00
BC00
BC00
BC00
BC00
BC00
BC00
BC00
BC00
BC00
BC00
BC00
BC00
BC00
BC00
BC00
BC00
BC00
BC00
BC00
BC00
BC00
BC00
BC00
BC00
BC00
BC00
BC00
BC00
BC00
BC00
BC00
BC00
BC00
BC00
BC00
BC00
BC00
BC00
BC00
BC00
BC00
BC00
BC00
BC00
BC00
BC00
BC00
BC00
BC00
BC00
BC00
BC00
BC00
BC00
BC00
BC00
BC00
BC00
BC00
BC00
BC00
BC00
BC00
BC00
BC00
BC00
BC00
BC00
BC00
BC00
BC00
BC00
BC00
BC00
BC00
BC00
BC00
BC00
BC00
BC00
BC00
BC00
BC00
BC00
BC00
BC00
BC00
BC00
BC00
BC00
BC00
BC00
BC00
BC00
BC00
BC00
BC00
BC00
BC00
BC00
BC00
BC00
BC00
BC00
BC00
BC00
BC00
BC00
BC00
BC00
BC00
BC00
BC00
BC00
BC00
BC00
BC00
BC00
BC00
BC00
BC00
BC00
BC00
BC00
BC00
BC00
BC00
BC00
BC00
BC00
BC00
BC00
BC00
BC00
BC00
BC00
BC00
BC00
BC00
BC00
BC00
BC00
BC00
BC00
BC00
BC00
BC00
BC00
BC00
BC00
BC00
BC00
BC00
BC00
BC00
BC00
BC00
BC00
BC00
BC00
BC00
BC00
BC00
BC00
BC00
BC00
BC00
BC00
BC00
BC00
BC00
BC00
BC00
BC00
BC00
BC00
BC00
BC00
BC00
BC00
BC00
BC00
BC00
BC00
BC00
BC00
BC00
BC00
BC00
BC00
BC00
BC00
BC00
BC00
BC00
BC00
BC00
BC00
BC00
BC00
BC00
BC00
BC00
BC00
BC00
BC00
BC00
BC00
BC00
BC00
BC00
BC00
BC00
BC00
BC00
BC00
BC00
BC00
BC00
BC00
BC00
BC00
BC00
BC00
BC00
BC00
BC00
BC00
BC00
BC00
BC00
BC00
BC00
BC00
BC00
BC00
BC00
BC00
BC00
BC00
BC00
BC00
BC00
BC00
BC00
BC00
BC00
BC00
BC00
BC00
BC00
BC00
BC00
BC00
BC00
BC00
BC00
BC00
BC00
BC00
BC00
BC00
BC00
BC00
BC00
BC00
BC00
BC00
BC00
BC00
BC00
BC00
BC00
BC00
BC00
BC00
BC00
BC00
BC00
BC00
BC00
BC00
BC00
BC00
BC00
BC00
BC00
BC00
BC00
BC00
BC00
BC00
BC00
BC00
BC00
BC00
BC00
BC00
BC00
BC00
BC00
BC00
BC00
BC00
BC00
BC00
BC00
BC00
BC00
BC00
BC00
BC00
BC00
BC00
BC00
BC00
BC00
BC00
BC00
BC00
BC00
BC00
BC00
BC00
BC00
BC00
BC00
BC00
BC00
BC00
BC00
BC00
BC00
BC00
BC00
BC00
BC00
BC00
BC00
BC00
BC00
BC00
BC00
BC00
BC00
BC00
BC00
BC00
BC00
BC00
BC00
BC00
BC00
BC00
BC00
BC00
BC00
BC00
BC00
BC00
BC00
BC00
BC00
BC00
BC00
BC00
BC00
BC00
BC00
BC00
BC00
BC00
BC00
BC00
BC00
BC00
BC00
BC00
BC00
BC00
BC00
BC00
BC00
BC00
BC00
BC00
BC00
BC00
BC00
BC00
BC00
BC00
BC00
BC00
BC00
BC00
BC00
BC00
BC00
BC00
BC00
BC00
BC00
BC00
BC00
BC00
BC00
BC00
BC00
BC00
BC00
BC00
BC00
BC00
BC00
BC00
BC00
BC00
BC00
BC00
BC00
BC00
BC00
BC00
BC00
BC00
BC00
BC00
BC00
BC00
BC00
BC00
BC00
BC00
BC00
BC00
BC00
BC00
BC00
BC00
BC00
BC00
BC00
BC00
BC00
BC00
BC00
BC00
BC00
BC00
BC00
BC00
BC00
BC00
BC00
BC00
BC00
BC00
BC00
BC00
BC00
BC00
BC00
BC00
BC00
BC00
BC00
BC00
BC00
BC00
BC00
BC00
BC00
BC00
BC00
BC00
BC00
BC00
BC00
BC00
BC00
BC00
BC00
BC00
BC00
BC00
BC00
BC00
BC00
BC00
BC00
BC00
BC00
BC00
BC00
BC00
BC00
BC00
BC00
BC00
BC00
BC00
BC00
BC00
BC00
BC00
BC00
BC00
BC00
BC00
BC00
BC00
BC00
BC00
BC00
BC00
BC00
BC00
BC00
BC00
BC00
BC00
BC00
BC00
BC00
BC00
BC00
BC00
BC00
BC00
BC00
BC00
BC00
BC00
BC00
BC00
BC00
BC00
BC00
BC00
BC00
BC00
BC00
BC00
BC00
BC00
BC00
BC00
BC00
BC00
BC00
BC00
BC00
BC00
BC00
BC00
BC00
BC00
BC00
BC00
BC00
BC00
BC00
BC00
BC00
BC00
BC00
BC00
BC00
BC00
BC00
BC00
BC00
BC00
BC00
BC00
BC00
BC00
BC00
BC00
BC00
BC00
BC00
BC00
BC00
BC00
BC00
BC00
BC00
BC00
BC00
BC00
BC00
BC00
BC00
BC00
BC00
BC00
BC00
BC00
BC00
BC00
BC00
BC00
BC00
BC00
BC00
BC00
BC00
BC00
BC00
BC00
BC00
BC00
BC00
BC00
BC00
BC00
BC00
BC00
BC00
BC00
BC00
BC00
BC00
BC00
BC00
BC00
BC00
BC00
BC00
BC00
BC00
BC00
BC00
BC00
BC00
BC00
BC00
BC00
BC00
BC00
BC00
BC00
BC00
BC00
BC00
BC00
BC00
BC00
BC00
BC00
BC00
BC00
BC00
BC00
BC00
BC00
BC00
BC00
BC00
BC00
BC00
BC00
BC00
BC00
BC00
BC00
BC00
BC00
BC00
BC00
BC00
BC00
BC00
BC00
BC00
BC00
BC00
BC00
BC00
BC00
BC00
BC00
BC00
BC00
BC00
BC00
BC00
BC00
BC00
BC00
BC00
BC00
BC00
BC00
BC00
BC00
BC00
BC00
BC00
BC00
BC00
BC00
BC00
BC00
BC00
BC00
BC00
BC00
BC00
BC00
BC00
BC00
BC00
BC00
BC00
BC00
BC00
BC00
BC00
BC00
BC00
BC00
BC00
BC00
BC00
BC00
BC00
BC00
BC00
BC00
BC00
BC00
BC00
BC00
BC00
BC00
BC00
BC00
BC00
BC00
BC00
BC00
BC00
BC00
BC00
BC00
BC00
BC00
BC00
BC00
BC00
BC00
BC00
BC00
BC00
BC00
BC00
BC00
BC00
BC00
BC00
BC00
BC00
BC00
BC00
BC00
BC00
BC00
BC00
BC00
BC00
BC00
BC00
BC00
BC00
BC00
BC00
BC00
BC00
BC00
BC00
BC00
BC00
BC00
BC00
BC00
BC00
BC00
BC00
BC00
BC00
BC00
BC00
BC00
BC00
BC00
BC00
BC00
BC00
BC00
BC00
BC00
BC00
BC00
BC00
BC00
BC00
BC00
BC00
BC00
BC00
BC00
BC00
BC00
BC00
BC00
BC00
BC00
BC00
BC00
BC00
BC00
BC00
BC00
BC00
BC00
BC00
BC00
BC00
BC00
BC00
BC00
BC00
BC00
BC00
BC00
BC00
BC00
BC00
BC00
BC00
BC00
BC00
BC00
BC00
BC00
BC00
BC00
BC00
BC00
BC00
BC00
BC00
BC00
BC00
BC00
BC00
BC00
BC00
BC00
BC00
BC00
BC00
BC00
BC00
BC00
BC00
BC00
BC00
BC00
BC00
BC00
BC00
BC00
BC00
BC00
BC00
BC00
BC00
BC00
BC00
BC00
BC00
BC00
BC00
BC00
BC00
BC00
BC00
BC00
BC00
BC00
BC00
BC00
BC00
BC00
BC00
BC00
BC00
BC00
BC00
BC00
BC00
BC00
BC00
BC00
BC00
BC00
BC00
BC00
BC00
BC00
BC00
BC00
BC00
BC00
BC00
BC00
BC00
BC00
BC00
BC00
BC00
BC00
BC00
BC00
BC00
BC00
BC00
BC00
BC00
BC00
BC00
BC00
BC00
BC00
BC00
BC00
BC00
BC00
BC00
BC00
BC00
BC00
BC00
BC00
BC00
BC00
BC00
BC00
BC00
BC00
BC00
BC00
BC00
BC00
BC00
BC00
BC00
BC00
BC00
BC00
BC00
BC00
BC00
BC00
BC00
BC00
BC00
BC00
BC00
BC00
BC00
BC00
BC00
BC00
BC00
BC00
BC00
BC00
BC00
BC00
BC00
BC00
BC00
BC00
BC00
BC00
BC00
BC00
BC00
BC00
BC00
BC00
BC00
BC00
BC00
BC00
BC00
BC00
BC00
BC00
BC00
BC00
BC00
BC00
BC00
BC00
BC00
BC00
BC00
BC00
BC00
BC00
BC00
BC00
BC00
BC00
BC00
BC00
BC00
BC00
BC00
BC00
BC00
BC00
BC00
BC00
BC00
BC00
BC00
BC00
BC00
BC00
BC00
BC00
BC00
BC00
BC00
BC00
BC00
BC00
BC00
BC00
BC00
BC00
BC00
BC00
BC00
BC00
BC00
BC00
BC00
BC00
BC00
BC00
BC00
BC00
BC00
BC00
BC00
BC00
BC00
BC00
BC00
BC00
BC00
BC00
BC00
BC00
BC00
BC00
BC00
BC00
BC00
BC00
BC00
BC00
BC00
BC00
BC00
BC00
BC00
BC00
BC00
BC00
BC00
BC00
BC00
BC00
BC00
BC00
BC00
BC00
BC00
BC00
BC00
BC00
BC00
BC00
BC00
BC00
BC00
BC00
BC00
BC00
BC00
BC00
BC00
BC00
BC00
BC00
BC00
BC00
BC00
BC00
BC00
BC00
BC00
BC00
BC00
BC00
BC00
BC00
BC00
BC00
BC00
BC00
BC00
BC00
BC00
BC00
BC00
BC00
BC00
BC00
BC00
BC00
BC00
BC00
BC00
BC00
BC00
BC00
BC00
BC00
BC00
BC00
BC00
BC00
BC00
BC00
BC00
BC00
BC00
BC00
BC00
BC00
BC00
BC00
BC00
BC00
BC00
BC00
BC00
BC00
BC00
BC00
BC00
BC00
BC00
BC00
BC00
BC00
BC00
BC00
BC00
BC00
BC00
BC00
BC00
BC00
BC00
BC00
BC00
BC00
BC00
BC00
BC00
BC00
BC00
BC00
BC00
BC00
BC00
BC00
BC00
BC00
BC00
BC00
BC00
BC00
BC00
BC00
BC00
BC00
BC00
BC00
BC00
BC00
BC00
BC00
BC00
BC00
BC00
BC00
BC00
BC00
BC00
BC00
BC00
BC00
BC00
BC00
BC00
BC00
BC00
BC00
BC00
BC00
BC00
BC00
BC00
BC00
BC00
BC00
BC00
BC00
BC00
BC00
BC00
BC00
BC00
BC00
BC00
BC00
BC00
BC00
BC00
BC00
BC00
BC00
BC00
BC00
BC00
BC00
BC00
BC00
BC00
BC00
BC00
BC00
BC00
BC00
BC00
BC00
BC00
BC00
BC00
BC00
BC00
BC00
BC00
BC00
BC00
BC00
BC00
BC00
BC00
BC00
BC00
BC00
BC00
BC00
BC00
BC00
BC00
BC00
BC00
BC00
BC00
BC00
BC00
BC00
BC00
BC00
BC00
BC00
BC00
BC00
BC00
BC00
BC00
BC00
BC00
BC00
BC00
BC00
BC00
BC00
BC00
BC00
BC00
BC00
BC00
BC00
BC00
BC00
BC00
BC00
BC00
BC00
BC00
BC00
BC00
BC00
BC00
BC00
BC00
BC00
BC00
BC00
BC00
BC00
BC00
BC00
BC00
BC00
BC00
BC00
BC00
BC00
BC00
BC00
BC00
BC00
BC00
BC00
BC00
BC00
BC00
BC00
BC00
BC00
BC00
BC00
BC00
BC00
BC00
BC00
BC00
BC00
BC00
BC00
BC00
BC00
BC00
BC00
BC00
BC00
BC00
BC00
BC00
BC00
BC00
BC00
BC00
BC00
BC00
BC00
BC00
BC00
BC00
BC00
BC00
BC00
BC00
BC00
BC00
BC00
BC00
BC00
BC00
BC00
BC00
BC00
BC00
BC00
BC00
BC00
BC00
BC00
BC00
BC00
BC00
BC00
BC00
BC00
BC00
BC00
BC00
BC00
BC00
BC00
BC00
BC00
BC00
BC00
BC00
BC00
BC00
BC00
BC00
BC00
BC00
BC00
BC00
BC00
BC00
BC00
BC00
BC00
BC00
BC00
BC00
BC00
BC00
BC00
BC00
BC00
BC00
BC00
BC00
BC00
BC00
BC00
BC00
BC00
BC00
BC00
BC00
BC00
BC00
BC00
BC00
BC00
BC00
BC00
BC00
BC00
BC00
BC00
BC00
BC00
BC00
BC00
BC00
BC00
BC00
BC00
BC00
BC00
BC00
BC00
BC00
BC00
BC00
BC00
BC00
BC00
BC00
BC00
BC00
BC00
BC00
BC00
BC00
BC00
BC00
BC00
BC00
BC00
BC00
BC00
BC00
BC00
BC00
BC00
BC00
BC00
BC00
BC00
BC00
BC00
BC00
BC00
BC00
BC00
BC00
BC00
BC00
BC00
BC00
BC00
BC00
BC00
BC00
BC00
BC00
BC00
BC00
BC00
BC00
BC00
BC00
BC00
BC00
BC00
BC00
BC00
BC00
BC00
BC00
BC00
BC00
BC00
BC00
BC00
BC00
BC00
BC00
BC00
BC00
BC00
BC00
BC00
BC00
BC00
BC00
BC00
BC00
BC00
BC00
BC00
BC00
BC00
BC00
BC00
BC00
BC00
BC00
BC00
BC00
BC00
BC00
BC00
BC00
BC00
BC00
BC00
BC00
BC00
BC00
BC00
BC00
BC00
BC00
BC00
BC00
BC00
BC00
BC00
BC00
BC00
BC00
BC00
BC00
BC00
BC00
BC00
BC00
BC00
BC00
BC00
BC00
BC00
BC00
BC00
BC00
BC00
BC00
BC00
BC00
BC00
BC00
BC00
BC00
BC00
BC00
BC00
BC00
BC00
BC00
BC00
BC00
BC00
BC00
BC00
BC00
BC00
BC00
BC00
BC00
BC00
BC00
BC00
BC00
BC00
BC00
BC00
BC00
BC00
BC00
BC00
BC00
BC00
BC00
BC00
BC00
BC00
BC00
BC00
BC00
BC00
BC00
BC00
BC00
BC00
BC00
BC00
BC00
BC00
BC00
BC00
BC00
BC00
BC00
BC00
BC00
BC00
BC00
BC00
BC00
BC00
BC00
BC00
BC00
BC00
BC00
BC00
BC00
BC00
BC00
BC00
BC00
BC00
BC00
BC00
BC00
BC00
BC00
BC00
BC00
BC00
BC00
BC00
BC00
BC00
BC00
BC00
BC00
BC00
BC00
BC00
BC00
BC00
BC00
BC00
BC00
BC00
BC00
BC00
BC00
BC00
BC00
BC00
BC00
BC00
BC00
BC00
BC00
BC00
BC00
BC00
BC00
BC00
BC00
BC00
BC00
BC00
BC00
BC00
BC00
BC00
BC00
BC00
BC00
BC00
BC00
BC00
BC00
BC00
BC00
BC00
BC00
BC00
BC00
BC00
BC00
BC00
BC00
BC00
BC00
BC00
BC00
BC00
BC00
BC00
BC00
BC00
BC00
BC00
BC00
BC00
BC00
BC00
BC00
BC00
BC00
BC00
BC00
BC00
BC00
BC00
BC00
BC00
BC00
BC00
BC00
BC00
BC00
BC00
BC00
BC00
BC00
BC00
BC00
BC00
BC00
BC00
BC00
BC00
BC00
BC00
BC00
BC00
BC00
BC00
BC00
BC00
BC00
BC00
BC00
BC00
BC00
BC00
BC00
BC00
BC00
BC00
BC00
BC00
BC00
BC00
BC00
BC00
BC00
BC00
BC00
BC00
BC00
BC00
BC00
BC00
BC00
BC00
BC00
BC00
BC00
BC00
BC00
BC00
BC00
BC00
BC00
BC00
BC00
BC00
BC00
BC00
BC00
BC00
BC00
BC00
BC00
BC00
BC00
BC00
BC00
BC00
BC00
BC00
BC00
BC00
BC00
BC00
BC00
BC00
BC00
BC00
BC00
BC00
BC00
BC00
BC00
BC00
BC00
BC00
BC00
BC00
BC00
BC00
BC00
BC00
BC00
BC00
BC00
BC00
BC00
BC00
BC00
BC00
BC00
BC00
BC00
BC00
BC00
BC00
BC00
BC00
BC00
BC00
BC00
BC00
BC00
BC00
BC00
BC00
BC00
BC00
BC00
BC00
BC00
BC00
BC00
BC00
BC00
BC00
BC00
BC00
BC00
BC00
BC00
BC00
BC00
BC00
BC00
BC00
BC00
BC00
BC00
BC00
BC00
BC00
BC00
BC00
BC00
BC00
BC00
BC00
BC00
BC00
BC00
BC00
BC00
BC00
BC00
BC00
BC00
BC00
BC00
BC00
BC00
BC00
BC00
BC00
BC00
BC00
BC00
BC00
BC00
BC00
BC00
BC00
BC00
BC00
BC00
BC00
BC00
BC00
BC00
BC00
BC00
BC00
BC00
BC00
BC00
BC00
BC00
BC00
BC00
BC00
BC00
BC00
BC00
BC00
BC00
BC00
BC00
BC00
BC00
BC00
BC00
BC00
BC00
BC00
BC00
BC00
BC00
BC00
BC00
BC00
BC00
BC00
BC00
BC00
BC00
BC00
BC00
BC00
BC00
BC00
BC00
BC00
BC00
BC00
BC00
BC00
BC00
BC00
BC00
BC00
BC00
BC00
BC00
BC00
BC00
BC00
BC00
BC00
BC00
BC00
BC00
BC00
BC00
BC00
BC00
BC00
BC00
BC00
BC00
BC00
BC00
BC00
BC00
BC00
BC00
BC00
BC00
BC00
BC00
BC00
BC00
BC00
BC00
BC00
BC00
BC00
BC00
BC00
BC00
BC00
BC00
BC00
BC00
BC00
BC00
BC00
BC00
BC00
BC00
BC00
BC00
BC00
BC00
BC00
BC00
BC00
BC00
BC00
BC00
BC00
BC00
BC00
BC00
BC00
BC00
BC00
BC00
BC00
BC00
BC00
BC00
BC00
BC00
BC00
BC00
BC00
BC00
BC00
BC00
BC00
BC00
BC00
BC00
BC00
BC00
BC00
BC00
BC00
BC00
BC00
BC00
BC00
BC00
BC00
BC00
BC00
BC00
BC00
BC00
BC00
BC00
BC00
BC00
BC00
BC00
BC00
BC00
BC00
BC00
BC00
BC00
BC00
BC00
BC00
BC00
BC00
BC00
BC00
BC00
BC00
BC00
BC00
BC00
BC00
BC00
BC00
BC00
BC00
BC00
BC00
BC00
BC00
BC00
BC00
BC00
BC00
BC00
BC00
BC00
BC00
BC00
BC00
BC00
BC00
BC00
BC00
BC00
BC00
BC00
BC00
BC00
BC00
BC00
BC00
BC00
BC00
BC00
BC00
BC00
BC00
BC00
BC00
BC00
BC00
BC00
BC00
BC00
BC00
BC00
BC00
BC00
BC00
BC00
BC00
BC00
BC00
BC00
BC00
BC00
BC00
BC00
BC00
BC00
BC00
BC00
BC00
BC00
BC00
BC00
BC00
BC00
BC00
BC00
BC00
BC00
BC00
BC00
BC00
BC00
BC00
BC00
BC00
BC00
BC00
BC00
BC00
BC00
BC00
BC00
BC00
BC00
BC00
BC00
BC00
BC00
BC00
BC00
BC00
BC00
BC00
BC00
BC00
BC00
BC00
BC00
BC00
BC00
BC00
BC00
BC00
BC00
BC00
BC00
BC00
BC00
BC00
BC00
BC00
BC00
BC00
BC00
BC00
BC00
BC00
BC00
BC00
BC00
BC00
BC00
BC00
BC00
BC00
BC00
BC00
BC00
BC00
BC00
BC00
BC00
BC00
BC00
BC00
BC00
BC00
BC00
BC00
BC00
BC00
BC00
BC00
BC00
BC00
BC00
BC00
BC00
BC00
BC00
BC00
BC00
BC00
BC00
BC00
BC00
BC00
BC00
BC00
BC00
BC00
BC00
BC00
BC00
BC00
BC00
BC00
BC00
BC00
BC00
BC00
BC00
BC00
BC00
BC00
BC00
BC00
BC00
BC00
BC00
BC00
BC00
BC00
BC00
BC00
BC00
BC00
BC00
BC00
BC00
BC00
BC00
BC00
BC00
BC00
BC00
BC00
BC00
BC00
BC00
BC00
BC00
BC00
BC00
BC00
BC00
BC00
BC00
BC00
BC00
BC00
BC00
BC00
BC00
BC00
BC00
BC00
BC00
BC00
BC00
BC00
BC00
BC00
BC00
BC00
BC00
BC00
BC00
BC00
BC00
BC00
BC00
BC00
BC00
BC00
BC00
BC00
BC00
BC00
BC00
BC00
BC00
BC00
BC00
BC00
BC00
BC00
BC00
BC00
BC00
BC00
BC00
BC00
BC00
BC00
BC00
BC00
BC00
BC00
BC00
BC00
BC00
BC00
BC00
BC00
BC00
BC00
BC00
BC00
BC00
BC00
BC00
BC00
BC00
BC00
BC00
BC00
BC00
BC00
BC00
BC00
BC00
BC00
BC00
BC00
BC00
BC00
BC00
BC00
BC00
BC00
BC00
BC00
BC00
BC00
BC00
BC00
BC00
BC00
BC00
BC00
BC00
BC00
BC00
BC00
BC00
BC00
BC00
BC00
BC00
BC00
BC00
BC00
BC00
BC00
BC00
BC00
BC00
BC00
BC00
BC00
BC00
BC00
BC00
BC00
BC00
BC00
BC00
BC00
BC00
BC00
BC00
BC00
BC00
BC00
BC00
BC00
BC00
BC00
BC00
BC00
BC00
BC00
BC00
BC00
BC00
BC00
BC00
BC00
BC00
BC00
BC00
BC00
BC00
BC00
BC00
BC00
BC00
BC00
BC00
BC00
BC00
BC00
BC00
BC00
BC00
BC00
BC00
BC00
BC00
BC00
BC00
BC00
BC00
BC00
BC00
BC00
BC00
BC00
BC00
BC00
BC00
BC00
BC00
BC00
BC00
BC00
BC00
BC00
BC00
BC00
BC00
BC00
BC00
BC00
BC00
BC00
BC00
BC00
BC00
BC00
BC00
BC00
BC00
BC00
BC00
BC00
BC00
BC00
BC00
BC00
BC00
BC00
BC00
BC00
BC00
BC00
BC00
BC00
BC00
BC00
BC00
BC00
BC00
BC00
BC00
BC00
BC00
BC00
BC00
BC00
BC00
BC00
BC00
BC00
BC00
BC00
BC00
BC00
BC00
BC00
BC00
BC00
BC00
BC00
BC00
BC00
BC00
BC00
BC00
BC00
BC00
BC00
BC00
BC00
BC00
BC00
BC00
BC00
BC00
BC00
BC00
BC00
BC00
BC00
BC00
BC00
BC00
BC00
BC00
BC00
BC00
BC00
BC00
BC00
BC00
BC00
BC00
BC00
BC00
BC00
BC00
BC00
BC00
BC00
BC00
BC00
BC00
BC00
BC00
BC00
BC00
BC00
BC00
BC00
BC00
BC00
BC00
BC00
BC00
BC00
BC00
BC00
BC00
BC00
BC00
BC00
BC00
BC00
BC00
BC00
BC00
BC00
BC00
BC00
BC00
BC00
BC00
BC00
BC00
BC00
BC00
BC00
BC00
BC00
BC00
BC00
BC00
BC00
BC00
BC00
BC00
BC00
BC00
BC00
BC00
BC00
BC00
BC00
BC00
BC00
BC00
BC00
BC00
BC00
BC00
BC00
BC00
BC00
BC00
BC00
BC00
BC00
BC00
BC00
BC00
BC00
BC00
BC00
BC00
BC00
BC00
BC00
BC00
BC00
BC00
BC00
BC00
BC00
BC00
BC00
BC00
BC00
BC00
BC00
BC00
BC00
BC00
BC00
BC00
BC00
BC00
BC00
BC00
BC00
BC00
BC00
BC00
BC00
BC00
BC00
BC00
BC00
BC00
BC00
BC00
BC00
BC00
BC00
BC00
BC00
BC00
BC00
BC00
BC00
BC00
BC00
BC00
BC00
BC00
BC00
BC00
BC00
BC00
BC00
BC00
BC00
BC00
BC00
BC00
BC00
BC00
BC00
BC00
BC00
BC00
BC00
BC00
BC00
BC00
BC00
BC00
BC00
BC00
BC00
BC00
BC00
BC00
BC00
BC00
BC00
BC00
BC00
BC00
BC00
BC00
BC00
BC00
BC00
BC00
BC00
BC00
BC00
BC00
BC00
BC00
BC00
BC00
BC00
BC00
BC00
BC00
BC00
BC00
BC00
BC00
BC00
BC00
BC00
BC00
BC00
BC00
BC00
BC00
BC00
BC00
BC00
BC00
BC00
BC00
BC00
BC00
BC00
BC00
BC00
BC00
BC00
BC00
BC00
BC00
BC00
BC00
BC00
BC00
BC00
BC00
BC00
BC00
BC00
BC00
BC00
BC00
BC00
BC00
BC00
BC00
BC00
BC00
BC00
BC00
BC00
BC00
BC00
BC00
BC00
BC00
BC00
BC00
BC00
BC00
BC00
BC00
BC00
BC00
BC00
BC00
BC00
BC00
BC00
BC00
BC00
BC00
BC00
BC00
BC00
BC00
BC00
BC00
BC00
BC00
BC00
BC00
BC00
BC00
BC00
BC00
BC00
BC00
BC00
BC00
BC00
BC00
BC00
BC00
BC00
BC00
BC00
BC00
BC00
BC00
BC00
BC00
BC00
BC00
BC00
BC00
BC00
BC00
BC00
BC00
BC00
BC00
BC00
BC00
BC00
BC00
BC00
BC00
BC00
BC00
BC00
BC00
BC00
BC00
BC00
BC00
BC00
BC00
BC00
BC00
BC00
BC00
BC00
BC00
BC00
BC00
BC00
BC00
BC00
BC00
BC00
BC00
BC00
BC00
BC00
BC00
BC00
BC00
BC00
BC00
BC00
BC00
BC00
BC00
BC00
BC00
BC00
BC00
BC00
BC00
BC00
BC00
BC00
BC00
BC00
BC00
BC00
BC00
BC00
BC00
BC00
BC00
BC00
BC00
BC00
BC00
BC00
BC00
BC00
BC00
BC00
BC00
BC00
BC00
BC00
BC00
BC00
BC00
BC00
BC00
BC00
BC00
BC00
BC00
BC00
BC00
BC00
BC00
BC00
BC00
BC00
BC00
BC00
BC00
BC00
BC00
BC00
BC00
BC00
BC00
BC00
BC00
BC00
BC00
BC00
BC00
BC00
BC00
BC00
BC00
BC00
BC00
BC00
BC00
BC00
BC00
BC00
BC00
BC00
BC00
BC00
BC00
BC00
BC00
BC00
BC00
BC00
BC00
BC00
BC00
BC00
BC00
BC00
BC00
BC00
BC00
BC00
BC00
BC00
BC00
BC00
BC00
BC00
BC00
BC00
BC00
BC00
BC00
BC00
BC00
BC00
BC00
BC00
BC00
BC00
BC00
BC00
BC00
BC00
BC00
BC00
BC00
BC00
BC00
BC00
BC00
BC00
BC00
BC00
BC00
BC00
BC00
BC00
BC00
BC00
BC00
BC00
BC00
BC00
BC00
BC00
BC00
BC00
BC00
BC00
BC00
BC00
BC00
BC00
BC00
BC00
BC00
BC00
BC00
BC00
BC00
BC00
BC00
BC00
BC00
BC00
BC00
BC00
BC00
BC00
BC00
BC00
BC00
BC00
BC00
BC00
BC00
BC00
BC00
BC00
BC00
BC00
BC00
BC00
BC00
BC00
BC00
BC00
BC00
BC00
BC00
BC00
BC00
BC00
BC00
BC00
BC00
BC00
BC00
BC00
BC00
BC00
BC00
BC00
BC00
BC00
BC00
BC00
BC00
BC00
BC00
BC00
BC00
BC00
BC00
BC00
BC00
BC00
BC00
BC00
BC00
BC00
BC00
BC00
BC00
BC00
BC00
BC00
BC00
BC00
BC00
BC00
BC00
BC00
BC00
BC00
BC00
BC00
BC00
BC00
BC00
BC00
BC00
BC00
BC00
BC00
BC00
BC00
BC00
BC00
BC00
BC00
BC00
BC00
BC00
BC00
BC00
BC00
BC00
BC00
BC00
BC00
BC00
BC00
BC00
BC00
BC00
BC00
BC00
BC00
BC00
BC00
BC00
BC00
BC00
BC00
BC00
BC00
BC00
BC00
BC00
BC00
BC00
BC00
BC00
BC00
BC00
BC00
BC00
BC00
BC00
BC00
BC00
BC00
BC00
BC00
BC00
BC00
BC00
BC00
BC00
BC00
BC00
BC00
BC00
BC00
BC00
BC00
BC00
BC00
BC00
BC00
BC00
BC00
BC00
BC00
BC00
BC00
BC00
BC00
BC00
BC00
BC00
BC00
BC00
BC00
BC00
BC00
BC00
BC00
BC00
BC00
BC00
BC00
BC00
BC00
BC00
BC00
BC00
BC00
BC00
BC00
BC00
BC00
BC00
BC00
BC00
BC00
BC00
BC00
BC00
BC00
BC00
BC00
BC00
BC00
BC00
BC00
BC00
BC00
BC00
BC00
BC00
BC00
BC00
BC00
BC00
BC00
BC00
BC00
BC00
BC00
BC00
BC00
BC00
BC00
BC00
BC00
BC00
BC00
BC00
BC00
BC00
BC00
BC00
BC00
BC00
BC00
BC00
BC00
BC00
BC00
BC00
BC00
BC00
BC00
BC00
BC00
BC00
BC00
BC00
BC00
BC00
BC00
BC00
BC00
BC00
BC00
BC00
BC00
BC00
BC00
BC00
BC00
BC00
BC00
BC00
BC00
BC00
BC00
BC00
BC00
BC00
BC00
BC00
BC00
BC00
BC00
BC00
BC00
BC00
BC00
BC00
BC00
BC00
BC00
BC00
BC00
BC00
BC00
BC00
BC00
BC00
BC00
BC00
BC00
BC00
BC00
BC00
BC00
BC00
BC00
BC00
BC00
BC00
BC00
BC00
BC00
BC00
BC00
BC00
BC00
BC00
BC00
BC00
BC00
BC00
BC00
BC00
BC00
BC00
BC00
BC00
BC00
BC00
BC00
BC00
BC00
BC00
BC00
BC00
BC00
BC00
BC00
BC00
BC00
BC00
BC00
BC00
BC00
BC00
BC00
BC00
BC00
BC00
BC00
BC00
BC00
BC00
BC00
BC00
BC00
BC00
BC00
BC00
BC00
BC00
BC00
BC00
BC00
BC00
BC00
BC00
BC00
BC00
BC00
BC00
BC00
BC00
BC00
BC00
BC00
BC00
BC00
BC00
BC00
BC00
BC00
BC00
BC00
BC00
BC00
BC00
BC00
BC00
BC00
BC00
BC00
BC00
BC00
BC00
BC00
BC00
BC00
BC00
BC00
BC00
BC00
BC00
BC00
BC00
BC00
BC00
BC00
BC00
BC00
BC00
BC00
BC00
BC00
BC00
BC00
BC00
BC00
BC00
BC00
BC00
BC00
BC00
BC00
BC00
BC00
BC00
BC00
BC00
BC00
BC00
BC00
BC00
BC00
BC00
BC00
BC00
BC00
BC00
BC00
BC00
BC00
BC00
BC00
BC00
BC00
BC00
BC00
BC00
BC00
BC00
BC00
BC00
BC00
BC00
BC00
BC00
BC00
BC00
BC00
BC00
BC00
BC00
BC00
BC00
BC00
BC00
BC00
BC00
BC00
BC00
BC00
BC00
BC00
BC00
BC00
BC00
BC00
BC00
BC00
BC00
BC00
BC00
BC00
BC00
BC00
BC00
BC00
BC00
BC00
BC00
BC00
BC00
BC00
BC00
BC00
BC00
BC00
BC00
BC00
BC00
BC00
BC00
BC00
BC00
BC00
BC00
BC00
BC00
BC00
BC00
BC00
BC00
BC00
BC00
BC00
BC00
BC00
BC00
BC00
BC00
BC00
BC00
BC00
BC00
BC00
BC00
BC00
BC00
BC00
BC00
BC00
BC00
BC00
BC00
BC00
BC00
BC00
BC00
BC00
BC00
BC00
BC00
BC00
BC00
BC00
BC00
BC00
BC00
BC00
BC00
BC00
BC00
BC00
BC00
BC00
BC00
BC00
BC00
BC00
BC00
BC00
BC00
BC00
BC00
BC00
BC00
BC00
BC00
BC00
BC00
BC00
BC00
BC00
BC00
BC00
BC00
BC00
BC00
BC00
BC00
BC00
BC00
BC00
BC00
BC00
BC00
BC00
BC00
BC00
BC00
BC00
BC00
BC00
BC00
BC00
BC00
BC00
BC00
BC00
BC00
BC00
BC00
BC00
BC00
BC00
BC00
BC00
BC00
BC00
BC00
BC00
BC00
BC00
BC00
BC00
BC00
BC00
BC00
BC00
BC00
BC00
BC00
BC00
BC00
BC00
BC00
BC00
BC00
BC00
BC00
BC00
BC00
BC00
BC00
BC00
BC00
BC00
BC00
BC00
BC00
BC00
BC00
BC00
BC00
BC00
BC00
BC00
BC00
BC00
BC00
BC00
BC00
BC00
BC00
BC00
BC00
BC00
BC00
BC00
BC00
BC00
BC00
BC00
BC00
BC00
BC00
BC00
BC00
BC00
BC00
BC00
BC00
BC00
BC00
BC00
BC00
BC00
BC00
BC00
BC00
BC00
BC00
BC00
BC00
BC00
BC00
BC00
BC00
BC00
BC00
BC00
BC00
BC00
BC00
BC00
BC00
BC00
BC00
BC00
BC00
BC00
BC00
BC00
BC00
BC00
BC00
BC00
BC00
BC00
BC00
BC00
BC00
BC00
BC00
BC00
BC00
BC00
BC00
BC00
BC00
BC00
BC00
BC00
BC00
BC00
BC00
BC00
BC00
BC00
BC00
BC00
BC00
BC00
BC00
BC00
BC00
BC00
BC00
BC00
BC00
BC00
BC00
BC00
BC00
BC00
BC00
BC00
BC00
BC00
BC00
BC00
BC00
BC00
BC00
BC00
BC00
BC00
BC00
BC00
BC00
BC00
BC00
BC00
BC00
BC00
BC00
BC00
BC00
BC00
BC00
BC00
BC00
BC00
BC00
BC00
BC00
BC00
BC00
BC00
BC00
BC00
BC00
BC00
BC00
BC00
BC00
BC00
BC00
BC00
BC00
BC00
BC00
BC00
BC00
BC00
BC00
BC00
BC00
BC00
BC00
BC00
BC00
BC00
BC00
BC00
BC00
BC00
BC00
BC00
BC00
BC00
BC00
BC00
BC00
BC00
BC00
BC00
BC00
BC00
BC00
BC00
BC00
BC00
BC00
BC00
BC00
BC00
BC00
BC00
BC00
BC00
BC00
BC00
BC00
BC00
BC00
BC00
BC00
BC00
BC00
BC00
BC00
BC00
BC00
BC00
BC00
BC00
BC00
BC00
BC00
BC00
BC00
BC00
BC00
BC00
BC00
BC00
BC00
BC00
BC00
BC00
BC00
BC00
BC00
BC00
BC00
BC00
BC00
BC00
BC00
BC00
BC00
BC00
BC00
BC00
BC00
BC00
BC00
BC00
BC00
BC00
BC00
BC00
BC00
BC00
BC00
BC00
BC00
BC00
BC00
BC00
BC00
BC00
BC00
BC00
BC00
BC00
BC00
BC00
BC00
BC00
BC00
BC00
BC00
BC00
BC00
BC00
BC00
BC00
BC00
BC00
BC00
BC00
BC00
BC00
BC00
BC00
BC00
BC00
BC00
BC00
BC00
BC00
BC00
BC00
BC00
BC00
BC00
BC00
BC00
BC00
BC00
BC00
BC00
BC00
BC00
BC00
BC00
BC00
BC00
BC00
BC00
BC00
BC00
BC00
BC00
BC00
BC00
BC00
BC00
BC00
BC00
BC00
BC00
BC00
BC00
BC00
BC00
BC00
BC00
BC00
BC00
BC00
BC00
BC00
BC00
BC00
BC00
BC00
BC00
BC00
BC00
BC00
BC00
BC00
BC00
BC00
BC00
BC00
BC00
BC00
BC00
BC00
BC00
BC00
BC00
BC00
BC00
BC00
BC00
BC00
BC00
BC00
BC00
BC00
BC00
BC00
BC00
BC00
BC00
BC00
BC00
BC00
BC00
BC00
BC00
BC00
BC00
BC00
BC00
BC00
BC00
BC00
BC00
BC00
BC00
BC00
BC00
BC00
BC00
BC00
BC00
BC00
BC00
BC00
BC00
BC00
BC00
BC00
BC00
BC00
BC00
BC00
BC00
BC00
BC00
BC00
BC00
BC00
BC00
BC00
BC00
BC00
BC00
BC00
BC00
BC00
BC00
BC00
BC00
BC00
BC00
BC00
BC00
BC00
BC00
BC00
BC00
BC00
BC00
BC00
BC00
BC00
BC00
BC00
BC00
BC00
BC00
BC00
BC00
BC00
BC00
BC00
BC00
BC00
BC00
BC00
BC00
BC00
BC00
BC00
BC00
BC00
BC00
BC00
BC00
BC00
BC00
BC00
BC00
BC00
BC00
BC00
BC00
BC00
BC00
BC00
BC00
BC00
BC00
BC00
BC00
BC00
BC00
BC00
BC00
BC00
BC00
BC00
BC00
BC00
BC00
BC00
BC00
BC00
BC00
BC00
BC00
BC00
BC00
BC00
BC00
BC00
BC00
BC00
BC00
BC00
BC00
BC00
BC00
BC00
BC00
BC00
BC00
BC00
BC00
BC00
BC00
BC00
BC00
BC00
BC00
BC00
BC00
BC00
BC00
BC00
BC00
BC00
BC00
BC00
BC00
BC00
BC00
BC00
BC00
BC00
BC00
BC00
BC00
BC00
BC00
BC00
BC00
BC00
BC00
BC00
BC00
BC00
BC00
BC00
BC00
BC00
BC00
BC00
BC00
BC00
BC00
BC00
BC00
BC00
BC00
BC00
BC00
BC00
BC00
BC00
BC00
BC00
BC00
BC00
BC00
BC00
BC00
BC00
BC00
BC00
BC00
BC00
BC00
BC00
BC00
BC00
BC00
BC00
BC00
BC00
BC00
BC00
BC00
BC00
BC00
BC00
BC00
BC00
BC00
BC00
BC00
BC00
BC00
BC00
BC00
BC00
BC00
BC00
BC00
BC00
BC00
BC00
BC00
BC00
BC00
BC00
BC00
BC00
BC00
BC00
BC00
BC00
BC00
BC00
BC00
BC00
BC00
BC00
BC00
BC00
BC00
BC00
BC00
BC00
BC00
BC00
BC00
BC00
BC00
BC00
BC00
BC00
BC00
BC00
BC00
BC00
BC00
BC00
BC00
BC00
BC00
BC00
BC00
BC00
BC00
BC00
BC00
BC00
BC00
BC00
BC00
BC00
BC00
BC00
BC00
BC00
BC00
BC00
BC00
BC00
BC00
BC00
BC00
BC00
BC00
BC00
BC00
BC00
BC00
BC00
BC00
BC00
BC00
BC00
BC00
BC00
BC00
BC00
BC00
BC00
BC00
BC00
BC00
BC00
BC00
BC00
BC00
BC00
BC00
BC00
BC00
BC00
BC00
BC00
BC00
BC00
BC00
BC00
BC00
BC00
BC00
BC00
BC00
BC00
BC00
BC00
BC00
BC00
BC00
BC00
BC00
BC00
BC00
BC00
BC00
BC00
BC00
BC00
BC00
BC00
BC00
BC00
BC00
BC00
BC00
BC00
BC00
BC00
BC00
BC00
BC00
BC00
BC00
BC00
BC00
BC00
BC00
BC00
BC00
BC00
BC00
BC00
BC00
BC00
BC00
BC00
BC00
BC00
BC00
BC00
BC00
BC00
BC00
BC00
BC00
BC00
BC00
BC00
BC00
BC00
BC00
BC00
BC00
BC00
BC00
BC00
BC00
BC00
BC00
BC00
BC00
BC00
BC00
BC00
BC00
BC00
BC00
BC00
BC00
BC00
BC00
BC00
BC00
BC00
BC00
BC00
BC00
BC00
BC00
BC00
BC00
BC00
BC00
BC00
BC00
BC00
BC00
BC00
BC00
BC00
BC00
BC00
BC00
BC00
BC00
BC00
BC00
BC00
BC00
BC00
BC00
BC00
BC00
BC00
BC00
BC00
BC00
BC00
BC00
BC00
BC00
BC00
BC00
BC00
BC00
BC00
BC00
BC00
BC00
BC00
BC00
BC00
BC00
BC00
BC00
BC00
BC00
BC00
BC00
BC00
BC00
BC00
BC00
BC00
BC00
BC00
BC00
BC00
BC00
BC00
BC00
BC00
BC00
BC00
BC00
BC00
BC00
BC00
BC00
BC00
BC00
BC00
BC00
BC00
BC00
BC00
BC00
BC00
BC00
BC00
BC00
BC00
BC00
BC00
BC00
BC00
BC00
BC00
BC00
BC00
BC00
BC00
BC00
BC00
BC00
BC00
BC00
BC00
BC00
BC00
BC00
BC00
BC00
BC00
BC00
BC00
BC00
BC00
BC00
BC00
BC00
BC00
BC00
BC00
BC00
BC00
BC00
BC00
BC00
BC00
BC00
BC00
BC00
BC00
BC00
BC00
BC00
BC00
BC00
BC00
BC00
BC00
BC00
BC00
BC00
BC00
BC00
BC00
BC00
BC00
BC00
BC00
BC00
BC00
BC00
BC00
BC00
BC00
BC00
BC00
BC00
BC00
BC00
BC00
BC00
BC00
BC00
BC00
BC00
BC00
BC00
BC00
BC00
BC00
BC00
BC00
BC00
BC00
BC00
BC00
BC00
BC00
BC00
BC00
BC00
BC00
BC00
BC00
BC00
BC00
BC00
BC00
BC00
BC00
BC00
BC00
BC00
BC00
BC00
BC00
BC00
BC00
BC00
BC00
BC00
BC00
BC00
BC00
BC00
BC00
BC00
BC00
BC00
BC00
BC00
BC00
BC00
BC00
BC00
BC00
BC00
BC00
BC00
BC00
BC00
BC00
BC00
BC00
BC00
BC00
BC00
BC00
BC00
BC00
BC00
BC00
BC00
BC00
BC00
BC00
BC00
BC00
BC00
BC00
BC00
BC00
BC00
BC00
BC00
BC00
BC00
BC00
BC00
BC00
BC00
BC00
BC00
BC00
BC00
BC00
BC00
BC00
BC00
BC00
BC00
BC00
BC00
BC00
BC00
BC00
BC00
BC00
BC00
BC00
BC00
BC00
BC00
BC00
BC00
BC00
BC00
BC00
BC00
BC00
BC00
BC00
BC00
BC00
BC00
BC00
BC00
BC00
BC00
BC00
BC00
BC00
BC00
BC00
BC00
BC00
BC00
BC00
BC00
BC00
BC00
BC00
BC00
BC00
BC00
BC00
BC00
BC00
BC00
BC00
BC00
BC00
BC00
BC00
BC00
BC00
BC00
BC00
BC00
BC00
BC00
BC00
BC00
BC00
BC00
BC00
BC00
BC00
BC00
BC00
BC00
BC00
BC00
BC00
BC00
BC00
BC00
BC00
BC00
BC00
BC00
BC00
BC00
BC00
BC00
BC00
BC00
BC00
BC00
BC00
BC00
BC00
BC00
BC00
BC00
BC00
BC00
BC00
BC00
BC00
BC00
BC00
BC00
BC00
BC00
BC00
BC00
BC00
BC00
BC00
BC00
BC00
BC00
BC00
BC00
BC00
BC00
BC00
BC00
BC00
BC00
BC00
BC00
BC00
BC00
BC00
BC00
BC00
BC00
BC00
BC00
BC00
BC00
BC00
BC00
BC00
BC00
BC00
BC00
BC00
BC00
BC00
BC00
BC00
BC00
BC00
BC00
BC00
BC00
BC00
BC00
BC00
BC00
BC00
BC00
BC00
BC00
BC00
BC00
BC00
BC00
BC00
BC00
BC00
BC00
BC00
BC00
BC00
BC00
BC00
BC00
BC00
BC00
BC00
BC00
BC00
BC00
BC00
BC00
BC00
BC00
BC00
BC00
BC00
BC00
BC00
BC00
BC00
BC00
BC00
BC00
BC00
BC00
BC00
BC00
BC00
BC00
BC00
BC00
BC00
BC00
BC00
BC00
BC00
BC00
BC00
BC00
BC00
BC00
BC00
BC00
BC00
BC00
BC00
BC00
BC00
BC00
BC00
BC00
BC00
BC00
BC00
BC00
BC00
BC00
BC00
BC00
BC00
BC00
BC00
BC00
BC00
BC00
BC00
BC00
BC00
BC00
BC00
BC00
BC00
BC00
BC00
BC00
BC00
BC00
BC00
7E00
7E00
7E00
7E00
7E00
7E00
7E00
7E00
7E00
7E00
7E00
7E00
7E00
7E00
7E00
7E00
7E00
7E00
7E00
7E00
7E00
7E00
7E00
7E00
7E00
7E00
7E00
7E00
7E00
7E00
7E00
7E00
7E00
7E00
7E00
7E00
7E00
7E00
7E00
7E00
7E00
7E00
7E00
7E00
7E00
7E00
7E00
7E00
7E00
7E00
7E00
7E00
7E00
7E00
7E00
7E00
7E00
7E00
7E00
7E00
7E00
7E00
7E00
7E00
7E00
7E00
7E00
7E00
7E00
7E00
7E00
7E00
7E00
7E00
7E00
7E00
7E00
7E00
7E00
7E00
7E00
7E00
7E00
7E00
7E00
7E00
7E00
7E00
7E00
7E00
7E00
7E00
7E00
7E00
7E00
7E00
7E00
7E00
7E00
7E00
7E00
7E00
7E00
7E00
7E00
7E00
7E00
7E00
7E00
7E00
7E00
7E00
7E00
7E00
7E00
7E00
7E00
7E00
7E00
7E00
7E00
7E00
7E00
7E00
7E00
7E00
7E00
7E00
7E00
7E00
7E00
7E00
7E00
7E00
7E00
7E00
7E00
7E00
7E00
7E00
7E00
7E00
7E00
7E00
7E00
7E00
7E00
7E00
7E00
7E00
7E00
7E00
7E00
7E00
7E00
7E00
7E00
7E00
7E00
7E00
7E00
7E00
7E00
7E00
7E00
7E00
7E00
7E00
7E00
7E00
7E00
7E00
7E00
7E00
7E00
7E00
7E00
7E00
7E00
7E00
7E00
7E00
7E00
7E00
7E00
7E00
7E00
7E00
7E00
7E00
7E00
7E00
7E00
7E00
7E00
7E00
7E00
7E00
7E00
7E00
7E00
7E00
7E00
7E00
7E00
7E00
7E00
7E00
7E00
7E00
7E00
7E00
7E00
7E00
7E00
7E00
7E00
7E00
7E00
7E00
7E00
7E00
7E00
7E00
7E00
7E00
7E00
7E00
7E00
7E00
7E00
7E00
7E00
7E00
7E00
7E00
7E00
7E00
7E00
7E00
7E00
7E00
7E00
7E00
7E00
7E00
7E00
7E00
7E00
7E00
7E00
7E00
7E00
7E00
7E00
7E00
7E00
7E00
7E00
7E00
7E00
7E00
7E00
7E00
7E00
7E00
7E00
7E00
7E00
7E00
7E00
7E00
7E00
7E00
7E00
7E00
7E00
7E00
7E00
7E00
7E00
7E00
7E00
7E00
7E00
7E00
7E00
7E00
7E00
7E00
7E00
7E00
7E00
7E00
7E00
7E00
7E00
7E00
7E00
7E00
7E00
7E00
7E00
7E00
7E00
7E00
7E00
7E00
7E00
7E00
7E00
7E00
7E00
7E00
7E00
7E00
7E00
7E00
7E00
7E00
7E00
7E00
7E00
7E00
7E00
7E00
7E00
7E00
7E00
7E00
7E00
7E00
7E00
7E00
7E00
7E00
7E00
7E00
7E00
7E00
7E00
7E00
7E00
7E00
7E00
7E00
7E00
7E00
7E00
7E00
7E00
7E00
7E00
7E00
7E00
7E00
7E00
7E00
7E00
7E00
7E00
7E00
7E00
7E00
7E00
7E00
7E00
7E00
7E00
7E00
7E00
7E00
7E00
7E00
7E00
7E00
7E00
7E00
7E00
7E00
7E00
7E00
7E00
7E00
7E00
7E00
7E00
7E00
7E00
7E00
7E00
7E00
7E00
7E00
7E00
7E00
7E00
7E00
7E00
7E00
7E00
7E00
7E00
7E00
7E00
7E00
7E00
7E00
7E00
7E00
7E00
7E00
7E00
7E00
7E00
7E00
7E00
7E00
7E00
7E00
7E00
7E00
7E00
7E00
7E00
7E00
7E00
7E00
7E00
7E00
7E00
7E00
7E00
7E00
7E00
7E00
7E00
7E00
7E00
7E00
7E00
7E00
7E00
7E00
7E00
7E00
7E00
7E00
7E00
7E00
7E00
7E00
7E00
7E00
7E00
7E00
7E00
7E00
7E00
7E00
7E00
7E00
7E00
7E00
7E00
7E00
7E00
7E00
7E00
7E00
7E00
7E00
7E00
7E00
7E00
7E00
7E00
7E00
7E00
7E00
7E00
7E00
7E00
7E00
7E00
7E00
7E00
7E00
7E00
7E00
7E00
7E00
7E00
7E00
7E00
7E00
7E00
7E00
7E00
7E00
7E00
7E00
7E00
7E00
7E00
7E00
7E00
7E00
7E00
7E00
7E00
7E00
7E00
7E00
7E00
7E00
7E00
7E00
7E00
7E00
7E00
7E00
7E00
7E00
7E00
7E00
7E00
7E00
7E00
7E00
7E00
7E00
7E00
7E00
7E00
7E00
7E00
7E00
7E00
7E00
7E00
7E00
7E00
7E00
7E00
7E00
7E00
7E00
7E00
7E00
7E00
7E00
7E00
7E00
7E00
7E00
7E00
7E00
7E00
7E00
7E00
7E00
7E00
7E00
7E00
7E00
7E00
7E00
7E00
7E00
7E00
7E00
7E00
7E00
7E00
7E00
7E00
7E00
7E00
7E00
7E00
7E00
7E00
7E00
7E00
7E00
7E00
7E00
7E00
7E00
7E00
7E00
7E00
7E00
7E00
7E00
7E00
7E00
7E00
7E00
7E00
7E00
7E00
7E00
7E00
7E00
7E00
7E00
7E00
7E00
7E00
7E00
7E00
7E00
7E00
7E00
7E00
7E00
7E00
7E00
7E00
7E00
7E00
7E00
7E00
7E00
7E00
7E00
7E00
7E00
7E00
7E00
7E00
7E00
7E00
7E00
7E00
7E00
7E00
7E00
7E00
7E00
7E00
7E00
7E00
7E00
7E00
7E00
7E00
7E00
7E00
7E00
7E00
7E00
7E00
7E00
7E00
7E00
7E00
7E00
7E00
7E00
7E00
7E00
7E00
7E00
7E00
7E00
7E00
7E00
7E00
7E00
7E00
7E00
7E00
7E00
7E00
7E00
7E00
7E00
7E00
7E00
7E00
7E00
7E00
7E00
7E00
7E00
7E00
7E00
7E00
7E00
7E00
7E00
7E00
7E00
7E00
7E00
7E00
7E00
7E00
7E00
7E00
7E00
7E00
7E00
7E00
7E00
7E00
7E00
7E00
7E00
7E00
7E00
7E00
7E00
7E00
7E00
7E00
7E00
7E00
7E00
7E00
7E00
7E00
7E00
7E00
7E00
7E00
7E00
7E00
7E00
7E00
7E00
7E00
7E00
7E00
7E00
7E00
7E00
7E00
7E00
7E00
7E00
7E00
7E00
7E00
7E00
7E00
7E00
7E00
7E00
7E00
7E00
7E00
7E00
7E00
7E00
7E00
7E00
7E00
7E00
7E00
7E00
7E00
7E00
7E00
7E00
7E00
7E00
7E00
7E00
7E00
7E00
7E00
7E00
7E00
7E00
7E00
7E00
7E00
7E00
7E00
7E00
7E00
7E00
7E00
7E00
7E00
7E00
7E00
7E00
7E00
7E00
7E00
7E00
7E00
7E00
7E00
7E00
7E00
7E00
7E00
7E00
7E00
7E00
7E00
7E00
7E00
7E00
7E00
7E00
7E00
7E00
7E00
7E00
7E00
7E00
7E00
7E00
7E00
7E00
7E00
7E00
7E00
7E00
7E00
7E00
7E00
7E00
7E00
7E00
7E00
7E00
7E00
7E00
7E00
7E00
7E00
7E00
7E00
7E00
7E00
7E00
7E00
7E00
7E00
7E00
7E00
7E00
7E00
7E00
7E00
7E00
7E00
7E00
7E00
7E00
7E00
7E00
7E00
7E00
7E00
7E00
7E00
7E00
7E00
7E00
7E00
7E00
7E00
7E00
7E00
7E00
7E00
7E00
7E00
7E00
7E00
7E00
7E00
7E00
7E00
7E00
7E00
7E00
7E00
7E00
7E00
7E00
7E00
7E00
7E00
7E00
7E00
7E00
7E00
7E00
7E00
7E00
7E00
7E00
7E00
7E00
7E00
7E00
7E00
7E00
7E00
7E00
7E00
7E00
7E00
7E00
7E00
7E00
7E00
7E00
7E00
7E00
7E00
7E00
7E00
7E00
7E00
7E00
7E00
7E00
7E00
7E00
7E00
7E00
7E00
7E00
7E00
7E00
7E00
7E00
7E00
7E00
7E00
7E00
7E00
7E00
7E00
7E00
7E00
7E00
7E00
7E00
7E00
7E00
7E00
7E00
7E00
7E00
7E00
7E00
7E00
7E00
7E00
7E00
7E00
7E00
7E00
7E00
7E00
7E00
7E00
7E00
7E00
7E00
7E00
7E00
7E00
7E00
7E00
7E00
7E00
7E00
7E00
7E00
7E00
7E00
7E00
7E00
7E00
7E00
7E00
7E00
7E00
7E00
7E00
7E00
7E00
7E00
7E00
7E00
7E00
7E00
7E00
7E00
7E00
7E00
7E00
7E00
7E00
7E00
7E00
7E00
7E00
7E00
7E00
7E00
7E00
7E00
7E00
7E00
7E00
7E00
7E00
7E00
7E00
